id,word_vocalized,word_clean,transliteration,root,pos,semantic_intent,fusha_equivalent,definition,region,synonyms,phonetic_variants,note,source,examples,proverbs,tags,searchable_text
1,أُمّ حُبَيْل,ام حبيل,umm Hubayl,حبل,Noun,object,العنكبوت,اسم يطلقه الحضارم على حشرة العنكبوت.,general,"[""عنكبوت""]",[],,قاموس اللهجة الحضرمية - فهد بن هلابي - ص 7,"[{""f"": ""انظر، العنكبوت بنت بيتها في الزاوية."", ""h"": """"}, {""f"": ""أزل العنكبوت من السقف."", ""h"": ""ميل أم حبيل من السقف.""}]",[],"[""nature"", ""insects""]","الكلمة: أُمّ حُبَيْل (ام حبيل)
الجذر: حبل
الفصحى: العنكبوت
المعنى: اسم يطلقه الحضارم على حشرة العنكبوت.
المرادفات: عنكبوت
الوسوم: nature، insects"
2,إبِطْ,ابط,ibT,بطأ,Noun,action,التباطؤ والتريث,التأني وعدم الاستعجال في الأمر، ويستخدم غالباً في سياق الحث على الدقة.,general,"[""تأني"", ""تريث""]",[],,قاموس اللهجة الحضرمية - فهد بن هلابي - ص 7,"[{""f"": ""تأنَّ في عملك تنجزه أسرع (بجودة)."", ""h"": ""إبط في شغلك تسرع في الإنجاز.""}, {""f"": ""لا تتهور، فالتريث خير لك."", ""h"": ""لا تتهور، الإبط خير لك.""}]","[""إبط تسرع"", ""في التأني السلامة وفي العجلة الندامة""]","[""behavior"", ""wisdom""]","الكلمة: إبِطْ (ابط)
الجذر: بطأ
الفصحى: التباطؤ والتريث
المعنى: التأني وعدم الاستعجال في الأمر، ويستخدم غالباً في سياق الحث على الدقة.
المرادفات: تأني، تريث
مثال: إبط في شغلك تسرع في الإنجاز.
الوسوم: behavior، wisdom"
3,الأَمَات,الامات,al-amaat,أمم,Noun,object,المشيمة,الغشاء أو الكيس الذي يخرج مع الجنين عند الولادة.,general,"[""خلاص""]",[],,قاموس اللهجة الحضرمية - فهد بن هلابي - ص 7,"[{""f"": ""خرجت المشيمة بعد الولادة مباشرة."", ""h"": ""خرجت الأمات بعد الولادة مباشرة.""}]",[],"[""biology"", ""medical""]","الكلمة: الأَمَات (الامات)
الجذر: أمم
الفصحى: المشيمة
المعنى: الغشاء أو الكيس الذي يخرج مع الجنين عند الولادة.
المرادفات: خلاص
مثال: خرجت الأمات بعد الولادة مباشرة.
الوسوم: biology، medical"
4,أَبُوي,ابوي,abuy,أبو,Noun,person,الأب أو الوالد,لفظ يطلق على الأب، والواو ضرورية في نطقها فلا يقال (أبي)، وللمنادى يقال: أباه أو يابوي.,general,"[""أباه"", ""يابه"", ""باه""]",[],تختلف صيغ المنادى حسب المنطقة والقبيلة.,قاموس اللهجة الحضرمية - فهد بن هلابي - ص 7,"[{""f"": ""والدي ذهب إلى السوق في الصباح."", ""h"": ""أبوي راح السوق الصبح.""}, {""f"": ""يا أبي أريدك في موضوع."", ""h"": ""يا بوي بغيتك في كلمة.""}]",[],"[""social customs"", ""family""]","الكلمة: أَبُوي (ابوي)
الجذر: أبو
الفصحى: الأب أو الوالد
المعنى: لفظ يطلق على الأب، والواو ضرورية في نطقها فلا يقال (أبي)، وللمنادى يقال: أباه أو يابوي.
المرادفات: أباه، يابه، باه
مثال: أبوي راح السوق الصبح.
الوسوم: social customs، family
ملاحظة: تختلف صيغ المنادى حسب المنطقة والقبيلة."
5,أُبّب,ابب,ubbab,أبب,Expression,expression,تعبير عن التأكد الشديد أو الاندهاش,لفظة سماعية تستخدم للتأكيد أو المبالغة أو إظهار الاستغراب والاندهاش.,general,"[""أبببب""]",[],تتكرر الباء حسب درجة المبالغة المطلوبة.,قاموس اللهجة الحضرمية - فهد بن هلابي - ص 7,"[{""f"": ""أنا معكم بكل تأكيد."", ""h"": ""أُبب أنا معاكم وراكم.""}, {""f"": ""يا للهول، انظر إلى طول هذا الجبل."", ""h"": ""أُببببب شوف هذا الجبل ما أطوله.""}]",[],"[""emotions"", ""expressions""]","الكلمة: أُبّب (ابب)
الجذر: أبب
الفصحى: تعبير عن التأكد الشديد أو الاندهاش
المعنى: لفظة سماعية تستخدم للتأكيد أو المبالغة أو إظهار الاستغراب والاندهاش.
المرادفات: أبببب
مثال: أُبب أنا معاكم وراكم.
الوسوم: emotions، expressions
ملاحظة: تتكرر الباء حسب درجة المبالغة المطلوبة."
6,أَبَداً,ابدا,abada,أبد,Expression,expression,للنفي القاطع,تستخدم للنفي القاطع وتأتي منونة في الغالب.,general,"[""أبد""]",[],البعض ينطقها (أبد) بدون تنوين.,قاموس اللهجة الحضرمية - فهد بن هلابي - ص 8,"[{""f"": ""لم أخرج إلى الشارع اليوم أبداً."", ""h"": ""ابدا ما قد خرجت الشارع اليوم.""}, {""f"": ""لم يحدث مثل هذا الأمر قط."", ""h"": ""ابدا ما قد حصل كذا.""}]",[],"[""daily life""]","الكلمة: أَبَداً (ابدا)
الجذر: أبد
الفصحى: للنفي القاطع
المعنى: تستخدم للنفي القاطع وتأتي منونة في الغالب.
المرادفات: أبد
مثال: ابدا ما قد خرجت الشارع اليوم.
الوسوم: daily life
ملاحظة: البعض ينطقها (أبد) بدون تنوين."
7,أَثَرَه,اثره,atharha,أثر,Expression,expression,تبيّن أو اتضح أن..,تعبير يستخدم عندما يتبين خلاف ما كان يُظن أو يُتوقع.,general,"[""أتاريه""]",[],,قاموس اللهجة الحضرمية - فهد بن هلابي - ص 8,"[{""f"": ""بحثت عنه في المكلا واتضح لي أنه سافر."", ""h"": ""دورت عليه في المكلا أثره سافر.""}, {""f"": ""صدقتك بينما الحقيقة أنك تكذب."", ""h"": ""صدقتك أثرك تكذب.""}]",[],"[""daily life""]","الكلمة: أَثَرَه (اثره)
الجذر: أثر
الفصحى: تبيّن أو اتضح أن..
المعنى: تعبير يستخدم عندما يتبين خلاف ما كان يُظن أو يُتوقع.
المرادفات: أتاريه
مثال: دورت عليه في المكلا أثره سافر.
الوسوم: daily life"
8,أَثَّر,اثر,aththar,أثر,Verb,action,ترك أثراً أو نتيجة,بمعنى ترك انطباعاً أو علامة، أو تأثر بشخص أو قضية.,general,[],[],تأتي بتشديد الثاء.,قاموس اللهجة الحضرمية - فهد بن هلابي - ص 8,"[{""f"": ""تأثر بصديقه في الدراسة."", ""h"": ""أثّر عليه صديقه في الدراسة.""}, {""f"": ""هذا الولد لا تنفع معه وسيلة التأديب الجسدية."", ""h"": ""هذا الولد ما يتأثر فيه الضرب.""}]",[],"[""daily life"", ""behavior""]","الكلمة: أَثَّر (اثر)
الجذر: أثر
الفصحى: ترك أثراً أو نتيجة
المعنى: بمعنى ترك انطباعاً أو علامة، أو تأثر بشخص أو قضية.
مثال: أثّر عليه صديقه في الدراسة.
الوسوم: daily life، behavior
ملاحظة: تأتي بتشديد الثاء."
9,إِثّم,اثم,ithim,أثم,Noun,object,الفم,لفظ يطلق على فم الإنسان في اللهجة الحضرمية.,general,"[""ثمة""]",[],يستخدم أحياناً في سياق ذم كثرة الكلام.,قاموس اللهجة الحضرمية - فهد بن هلابي - ص 11,"[{""f"": ""سالمين لديه رغبة شديدة في الحديث."", ""h"": ""سالمين إثّمه ملاَن بالكلام.""}, {""f"": ""لسانه منطلق في غيبة الناس."", ""h"": ""إثّمه مفتوحة على الناس.""}]","[""إيدي في إثمه وصبعه في عيني""]","[""biology"", ""emotions""]","الكلمة: إِثّم (اثم)
الجذر: أثم
الفصحى: الفم
المعنى: لفظ يطلق على فم الإنسان في اللهجة الحضرمية.
المرادفات: ثمة
مثال: سالمين إثّمه ملاَن بالكلام.
الوسوم: biology، emotions
ملاحظة: يستخدم أحياناً في سياق ذم كثرة الكلام."
10,أَرْبِيِه,اربيه,arbiyeh,ربى,Noun,descriptor,التهاب غدي في الفخذ,تصلبات وآلام عضلية في منطقة الفخذ (بجانب العانة) تصاحبها حمى، تنتج غالباً عن جرح أو حقنة غير صحيحة.,general,[],[],,قاموس اللهجة الحضرمية - فهد بن هلابي - ص 8,"[{""f"": ""أصيب الولد بالتهاب في الفخذ بسبب الحقنة."", ""h"": ""مسكين الولد جت له أربيه من الابره.""}]",[],"[""medical""]","الكلمة: أَرْبِيِه (اربيه)
الجذر: ربى
الفصحى: التهاب غدي في الفخذ
المعنى: تصلبات وآلام عضلية في منطقة الفخذ (بجانب العانة) تصاحبها حمى، تنتج غالباً عن جرح أو حقنة غير صحيحة.
مثال: مسكين الولد جت له أربيه من الابره.
الوسوم: medical"
11,أَثَّث,اثث,aththath,أثث,Verb,action,فرش البيت وجهزه,تجهيز البيت بالأثاث والمتاع.,general,"[""فرش""]",[],تعتبر لفظة مستحدثة، والمرادف التقليدي هو (فرش).,قاموس اللهجة الحضرمية - فهد بن هلابي - ص 9,"[{""f"": ""سعيد جهز منزله الجديد بأثاث فاخر."", ""h"": ""سعيد أثث بيته الجديد أثاث زين.""}]",[],"[""daily life"", ""home""]","الكلمة: أَثَّث (اثث)
الجذر: أثث
الفصحى: فرش البيت وجهزه
المعنى: تجهيز البيت بالأثاث والمتاع.
المرادفات: فرش
مثال: سعيد أثث بيته الجديد أثاث زين.
الوسوم: daily life، home
ملاحظة: تعتبر لفظة مستحدثة، والمرادف التقليدي هو (فرش)."
12,إِثْم,اثم,ithm,أثم,Noun,object,ذنب أو سيئة,بمعنى الذنب أو الجزاء السيئ نتيجة عمل معين.,general,"[""ذنب"", ""خطيئة""]",[],,قاموس اللهجة الحضرمية - فهد بن هلابي - ص 9,"[{""f"": ""يا للمسكين، لقد ارتكب ذنباً كبيراً."", ""h"": ""مسكين سعيد حصل إثم كبير.""}]",[],"[""religious"", ""daily life""]","الكلمة: إِثْم (اثم)
الجذر: أثم
الفصحى: ذنب أو سيئة
المعنى: بمعنى الذنب أو الجزاء السيئ نتيجة عمل معين.
المرادفات: ذنب، خطيئة
مثال: مسكين سعيد حصل إثم كبير.
الوسوم: religious، daily life"
13,الأَوَادِم,الاوادم,al-awadim,أدم,Noun,person,البشر أو الناس,جمع آدمي، وتستخدم للإشارة إلى عامة الناس أو مجموعة منهم.,general,"[""الناس"", ""الخلق""]",[],,قاموس اللهجة الحضرمية - فهد بن هلابي - ص 9,"[{""f"": ""تحدثت مع جميع الناس."", ""h"": ""تكلمت مع الأوادم كلهم.""}]",[],"[""daily life""]","الكلمة: الأَوَادِم (الاوادم)
الجذر: أدم
الفصحى: البشر أو الناس
المعنى: جمع آدمي، وتستخدم للإشارة إلى عامة الناس أو مجموعة منهم.
المرادفات: الناس، الخلق
مثال: تكلمت مع الأوادم كلهم.
الوسوم: daily life"
14,إِسْتَادَى,استادى,istada,أذي,Verb,action,اشتكى أو تضرر,بمعنى تقديم شكوى ضد شخص بسبب أذيته.,coast,"[""اشتكى""]",[],تتحول الذال إلى دال (استأذى -> استأدى) خاصة في مناطق الساحل.,قاموس اللهجة الحضرمية - فهد بن هلابي - ص 9,"[{""f"": ""لم يسبق لأحد أن اشتكى من أذيته في الحي."", ""h"": ""ما قد حد استأدى منه في الحارة.""}]",[],"[""social customs"", ""behavior""]","الكلمة: إِسْتَادَى (استادى)
الجذر: أذي
الفصحى: اشتكى أو تضرر
المعنى: بمعنى تقديم شكوى ضد شخص بسبب أذيته.
المرادفات: اشتكى
مثال: ما قد حد استأدى منه في الحارة.
الوسوم: social customs، behavior
ملاحظة: تتحول الذال إلى دال (استأذى -> استأدى) خاصة في مناطق الساحل."
15,انْقَاص البَرْد,انقاص البرد,inqaas al-bard,نقص,Noun,object,حبات البَرَد,قطع الثلج المتساقطة مع المطر في الأجواء الباردة.,general,"[""برد""]",[],,قاموس اللهجة الحضرمية - فهد بن هلابي - ص 9,"[{""f"": ""اليوم هطل مطر ومعه حبات برد كبيرة."", ""h"": ""اليوم نزل مطر ومعه انقاص برد كبار.""}]",[],"[""nature"", ""weather""]","الكلمة: انْقَاص البَرْد (انقاص البرد)
الجذر: نقص
الفصحى: حبات البَرَد
المعنى: قطع الثلج المتساقطة مع المطر في الأجواء الباردة.
المرادفات: برد
مثال: اليوم نزل مطر ومعه انقاص برد كبار.
الوسوم: nature، weather"
16,إِثْل,اثل,ithil,أثل,Noun,object,شجر الأثل,نوع من الشجر ينمو تلقائياً ويكثر في وادي حضرموت.,wadi,[],[],,قاموس اللهجة الحضرمية - فهد بن هلابي - ص 9,"[{""f"": ""الوادي ممتلئ بأشجار الأثل والسدر."", ""h"": ""الوادي مليان شجر أثل وسدر.""}]",[],"[""nature"", ""agriculture""]","الكلمة: إِثْل (اثل)
الجذر: أثل
الفصحى: شجر الأثل
المعنى: نوع من الشجر ينمو تلقائياً ويكثر في وادي حضرموت.
مثال: الوادي مليان شجر أثل وسدر.
الوسوم: nature، agriculture"
17,الأَزْمِيل,الازميل,al-zimil,زمل,Noun,object,الإزميل,أداة حديدية تستخدم للنحت والحفر في الخشب أو الصخر.,general,"[""منحات""]",[],,قاموس اللهجة الحضرمية - فهد بن هلابي - ص 9,"[{""f"": ""يستخدم النجار الإزميل لنقش الباب."", ""h"": ""النجار يستخدم الأزميل لنقش الباب.""}]",[],"[""tools"", ""crafts""]","الكلمة: الأَزْمِيل (الازميل)
الجذر: زمل
الفصحى: الإزميل
المعنى: أداة حديدية تستخدم للنحت والحفر في الخشب أو الصخر.
المرادفات: منحات
مثال: النجار يستخدم الأزميل لنقش الباب.
الوسوم: tools، crafts"
18,إِيبَلَّه,ايبله,iyyabballeh,بله,Expression,expression,إي والله (قسم للايجاب),صيغة قسم تستخدم للتأكيد والموافقة (إي بالله)، وتكثر عند أهل البادية.,desert/badia,"[""إي والله""]",[],,قاموس اللهجة الحضرمية - فهد بن هلابي - ص 10,"[{""f"": ""إي والله، إنني آتٍ معكم."", ""h"": ""إيبله إني جاي معاكم.""}]",[],"[""daily life"", ""expressions""]","الكلمة: إِيبَلَّه (ايبله)
الجذر: بله
الفصحى: إي والله (قسم للايجاب)
المعنى: صيغة قسم تستخدم للتأكيد والموافقة (إي بالله)، وتكثر عند أهل البادية.
المرادفات: إي والله
مثال: إيبله إني جاي معاكم.
الوسوم: daily life، expressions"
19,الأَقْصَام,الاقصام,al-aQSam,قصم,Noun,object,جريد النخل,سعف أو جريد النخل الذي جف، ويستخدم في تسقيف البيوت التقليدية.,general,"[""قُصم""]",[],مفردها (قُصم).,قاموس اللهجة الحضرمية - فهد بن هلابي - ص 10,"[{""f"": ""سقفنا الكوخ بجريد النخل."", ""h"": ""سقفنا العريش بالأقصام.""}]",[],"[""nature"", ""agriculture"", ""home""]","الكلمة: الأَقْصَام (الاقصام)
الجذر: قصم
الفصحى: جريد النخل
المعنى: سعف أو جريد النخل الذي جف، ويستخدم في تسقيف البيوت التقليدية.
المرادفات: قُصم
مثال: سقفنا العريش بالأقصام.
الوسوم: nature، agriculture، home
ملاحظة: مفردها (قُصم)."
20,اللِّيف,الليف,al-līf,ليف,Noun,object,ليف النخل,الألياف المتشابكة حول جذع النخلة، وتستخدم في التنظيف وصناعة الحبال.,general,[],[],,قاموس اللهجة الحضرمية - فهد بن هلابي - ص 10,"[{""f"": ""نظف الأواني بليف النخل."", ""h"": ""نظف المواعين بليف النخل.""}]",[],"[""nature"", ""agriculture""]","الكلمة: اللِّيف (الليف)
الجذر: ليف
الفصحى: ليف النخل
المعنى: الألياف المتشابكة حول جذع النخلة، وتستخدم في التنظيف وصناعة الحبال.
مثال: نظف المواعين بليف النخل.
الوسوم: nature، agriculture"
21,أَقْلِيد,اقليد,aqleed,قلد,Noun,object,مفتاح خشبي تقليدي,قفل خشبي قديم له أسنان خشبية فريدة، وهو بمثابة المفتاح الحديدي حالياً.,general,"[""مفتاح""]","[""أيليد"", ""أجليد""]",تنطق القاف جيماً أو ياءً في بعض مناطق الساحل (أيليد).,قاموس اللهجة الحضرمية - فهد بن هلابي - ص 10,"[{""f"": ""أقفل الباب بالمفتاح الخشبي التقليدي."", ""h"": ""قفل الباب بالأقليد.""}]","[""خوك إقليدك""]","[""tools"", ""history""]","الكلمة: أَقْلِيد (اقليد)
الجذر: قلد
الفصحى: مفتاح خشبي تقليدي
المعنى: قفل خشبي قديم له أسنان خشبية فريدة، وهو بمثابة المفتاح الحديدي حالياً.
المرادفات: مفتاح
مثال: قفل الباب بالأقليد.
الوسوم: tools، history
ملاحظة: تنطق القاف جيماً أو ياءً في بعض مناطق الساحل (أيليد)."
22,إِبْرَه,ابره,ibrah,أبر,Noun,object,الحقنة الطبية,تطلق في اللهجة الحضرمية غالباً على الحقنة الطبية (المصل).,general,"[""حقنة""]",[],,قاموس اللهجة الحضرمية - فهد بن هلابي - ص 10,"[{""f"": ""أعطاني الطبيب حقنة في العضل."", ""h"": ""الدكتور أعطاني إبره في العضل.""}]",[],"[""medical"", ""daily life""]","الكلمة: إِبْرَه (ابره)
الجذر: أبر
الفصحى: الحقنة الطبية
المعنى: تطلق في اللهجة الحضرمية غالباً على الحقنة الطبية (المصل).
المرادفات: حقنة
مثال: الدكتور أعطاني إبره في العضل.
الوسوم: medical، daily life"
23,اشِر,اشر,ashir,أشر,Verb,action,أشر أو علّم,بمعنى وضع علامة أو إشارة على شيء ما، أو الإشارة بالإصبع.,general,"[""علّم""]",[],,قاموس اللهجة الحضرمية - فهد بن هلابي - ص 10,"[{""f"": ""ضع علامة في الصفحة التي توقفت عندها."", ""h"": ""اشر في الصفحة اللي وقفت عندها.""}]",[],"[""daily life""]","الكلمة: اشِر (اشر)
الجذر: أشر
الفصحى: أشر أو علّم
المعنى: بمعنى وضع علامة أو إشارة على شيء ما، أو الإشارة بالإصبع.
المرادفات: علّم
مثال: اشر في الصفحة اللي وقفت عندها.
الوسوم: daily life"
24,أَكْشَف,اكشف,akshaf,كشف,Adjective,descriptor,سيئ الطباع أو عنيد,وصف للشخص الذي يتسم بالعناد أو سوء الخلق والرداءة.,general,"[""عنيد""]",[],الكشافة تعني العناد في اللهجة.,قاموس اللهجة الحضرمية - فهد بن هلابي - ص 11,"[{""f"": ""هذا الولد عنيد ولا يستمع للنصيحة."", ""h"": ""هذا الولد أكشف ما يسمع الكلام.""}]","[""فقر وكشافه""]","[""behavior"", ""emotions""]","الكلمة: أَكْشَف (اكشف)
الجذر: كشف
الفصحى: سيئ الطباع أو عنيد
المعنى: وصف للشخص الذي يتسم بالعناد أو سوء الخلق والرداءة.
المرادفات: عنيد
مثال: هذا الولد أكشف ما يسمع الكلام.
الوسوم: behavior، emotions
ملاحظة: الكشافة تعني العناد في اللهجة."
25,أَيْوَا,ايوا,aywa,أوي,Expression,expression,نعم / للإيجاب,لفظة تقال للإيجاب والموافقة، أو للرد على نداء شخص.,general,"[""نعم"", ""إي""]","[""إيوا""]",,قاموس اللهجة الحضرمية - فهد بن هلابي - ص 11,"[{""f"": ""نعم، سأسافر معكم غداً."", ""h"": ""أيوا، أنا بسافر معاكم بكرة.""}]",[],"[""daily life"", ""expressions""]","الكلمة: أَيْوَا (ايوا)
الجذر: أوي
الفصحى: نعم / للإيجاب
المعنى: لفظة تقال للإيجاب والموافقة، أو للرد على نداء شخص.
المرادفات: نعم، إي
مثال: أيوا، أنا بسافر معاكم بكرة.
الوسوم: daily life، expressions"
26,إِبْزِم,ابزم,ibzim,بزم,Noun,object,إبزيم,قطعتان معدنيتان تتشابكان لربط الحزام.,general,"[""مشبك"", ""قفل""]",[],,قاموس اللهجة الحضرمية - فهد بن هلابي - ص 11,"[{""f"": ""أغلق مشبك حزامك."", ""h"": ""سكر إبزم الحزام حقك.""}]",[],"[""clothing"", ""daily life""]","الكلمة: إِبْزِم (ابزم)
الجذر: بزم
الفصحى: إبزيم
المعنى: قطعتان معدنيتان تتشابكان لربط الحزام.
المرادفات: مشبك، قفل
مثال: سكر إبزم الحزام حقك.
الوسوم: clothing، daily life"
27,أُبّـل,ابل,ubbul,أبل,Noun,object,كعك صغير حلو,نوع من المعجنات والحلويات الحضرمية، عبارة عن كعك صغير الحجم هش وحلو المذاق لا حشوة فيه.,general,"[""كعك"", ""بسكويت""]",[],تنطق بضم الهمزة وتشديد الباء المفخمة.,قاموس اللهجة الحضرمية - فهد بن هلابي - ص 11,"[{""f"": ""شربنا الشاي مع كعك الأبل في وقت العصر."", ""h"": ""شربنا الشاهي مع الأبل العصر.""}]",[],"[""food"", ""daily life""]","الكلمة: أُبّـل (ابل)
الجذر: أبل
الفصحى: كعك صغير حلو
المعنى: نوع من المعجنات والحلويات الحضرمية، عبارة عن كعك صغير الحجم هش وحلو المذاق لا حشوة فيه.
المرادفات: كعك، بسكويت
مثال: شربنا الشاهي مع الأبل العصر.
الوسوم: food، daily life
ملاحظة: تنطق بضم الهمزة وتشديد الباء المفخمة."
28,إِبْلِيس,ابليس,iblīs,بلس,Expression,person,شخص ماكر أو ذكي جداً,تستخدم كوصف للشخص الخبيث أو كثير الحركة، وتأتي أحياناً للمدح بمعنى الذكي والشيطان (ود إبليس/بنت إبليس).,general,"[""عفريت"", ""ماكر"", ""ذكي""]",[],,قاموس اللهجة الحضرمية - فهد بن هلابي - ص 11,"[{""f"": ""هذا الولد ذكي جداً وماكر، يعرف كل شيء."", ""h"": ""هذا الولد ود إبليس، يعرف كل شي.""}]",[],"[""behavior"", ""expressions""]","الكلمة: إِبْلِيس (ابليس)
الجذر: بلس
الفصحى: شخص ماكر أو ذكي جداً
المعنى: تستخدم كوصف للشخص الخبيث أو كثير الحركة، وتأتي أحياناً للمدح بمعنى الذكي والشيطان (ود إبليس/بنت إبليس).
المرادفات: عفريت، ماكر، ذكي
مثال: هذا الولد ود إبليس، يعرف كل شي.
الوسوم: behavior، expressions"
29,أَبُو / بُو,ابو,abu,أبو,Noun,person,أبا (للكنية),للكنية كما في العربية، وتُدغم الألف في النطق لتصبح (بو) مثل: بو عمر، بو حمد.,general,"[""بو""]","[""بو""]",تُدغم الألف تماماً في النطق الدارج.,قاموس اللهجة الحضرمية - فهد بن هلابي - ص 11,"[{""f"": ""كيف حالك يا أبا سالم؟"", ""h"": ""كيف حالك يا بو سالم؟""}]",[],"[""social customs"", ""people""]","الكلمة: أَبُو / بُو (ابو)
الجذر: أبو
الفصحى: أبا (للكنية)
المعنى: للكنية كما في العربية، وتُدغم الألف في النطق لتصبح (بو) مثل: بو عمر، بو حمد.
المرادفات: بو
مثال: كيف حالك يا بو سالم؟
الوسوم: social customs، people
ملاحظة: تُدغم الألف تماماً في النطق الدارج."
30,أُمّ سَبْعَة وَسَبْعِين,ام سبعة وسبعين,umm sab3a w-sab3iin,سبع,Noun,object,أم أربعة وأربعين (حشرة),حشرة لها أرجل كثيرة تلدغ (أم أربعة وأربعين). كما تستخدم صيغة 'أوب' للفت الانتباه وإيقاف السيارة.,general,"[""أم أربعة وأربعين""]",[],ارتبطت العبارة بصرخة 'أوب عندك' لإيقاف سائق السيارة.,قاموس اللهجة الحضرمية - فهد بن هلابي - ص 11,"[{""f"": ""احذر، توجد حشرة أم أربعة وأربعين تحت الحجر."", ""h"": ""احذر، تحت الحجر أم سبعة وسبعين.""}]",[],"[""insects"", ""nature""]","الكلمة: أُمّ سَبْعَة وَسَبْعِين (ام سبعة وسبعين)
الجذر: سبع
الفصحى: أم أربعة وأربعين (حشرة)
المعنى: حشرة لها أرجل كثيرة تلدغ (أم أربعة وأربعين). كما تستخدم صيغة 'أوب' للفت الانتباه وإيقاف السيارة.
المرادفات: أم أربعة وأربعين
مثال: احذر، تحت الحجر أم سبعة وسبعين.
الوسوم: insects، nature
ملاحظة: ارتبطت العبارة بصرخة 'أوب عندك' لإيقاف سائق السيارة."
31,أَمْبُوه,امبوه,ambuh,موه,Noun,object,الماء (للأطفال),كلمة تعني الماء، وهي خاصة بتلقين الأطفال ليسهل عليهم طلب الشرب.,general,"[""ماء"", ""ماي""]",[],مفردة من لغة الأطفال .,قاموس اللهجة الحضرمية - فهد بن هلابي - ص 12,"[{""f"": ""أعطِ الطفل ماءً ليشرب."", ""h"": ""عط الولد امبوه يشرب.""}]",[],"[""children"", ""food & drink""]","الكلمة: أَمْبُوه (امبوه)
الجذر: موه
الفصحى: الماء (للأطفال)
المعنى: كلمة تعني الماء، وهي خاصة بتلقين الأطفال ليسهل عليهم طلب الشرب.
المرادفات: ماء، ماي
مثال: عط الولد امبوه يشرب.
الوسوم: children، food & drink
ملاحظة: مفردة من لغة الأطفال ."
32,أَحّ,اح,aHH,أحح,Expression,expression,آه (للتأوه أو الإعجاب),لفظ للتأوه من الألم (مثل لسعة النار)، وتستخدمه النساء للإعجاب الشديد بشيء، أو للتقليل من عمل شخص.,general,"[""آه"", ""أوف""]",[],تنطق بفتح الهمزة وتشديد الحاء.,قاموس اللهجة الحضرمية - فهد بن هلابي - ص 12,"[{""f"": ""يا لروعة وجمال ذلك القماش."", ""h"": ""أح من ذاك القماش ما أزينه.""}, {""f"": ""يا للأسف منك، لم تتقن العمل."", ""h"": ""أح منك، ما سويتها زين.""}]","[""دحق على الجمر ولا تقول أح"", ""من بغاء البح لا يقول أح"", ""لا تقول أح يسمعك العدو يفرح""]","[""emotions"", ""expressions""]","الكلمة: أَحّ (اح)
الجذر: أحح
الفصحى: آه (للتأوه أو الإعجاب)
المعنى: لفظ للتأوه من الألم (مثل لسعة النار)، وتستخدمه النساء للإعجاب الشديد بشيء، أو للتقليل من عمل شخص.
المرادفات: آه، أوف
مثال: أح من ذاك القماش ما أزينه.
الوسوم: emotions، expressions
ملاحظة: تنطق بفتح الهمزة وتشديد الحاء."
33,الآجر,الاجر,al-ajar,أجر,Noun,object,الطوب الأحمر المحروق,طوب أحمر من الطين المحروق في الأفران حتى يقسو، يُستخدم في البناء القديم كالمساجد.,coast/wadi,"[""طوب"", ""ياجر""]","[""الياجر""]",حرف الجيم ينطق (ياء) في حضرموت الساحل وجزء من الوادي (الآير/الياجر).,قاموس اللهجة الحضرمية - فهد بن هلابي - ص 12,"[{""f"": ""هذا المسجد مبني من الطوب الأحمر المحروق القديم."", ""h"": ""هذا المسجد مبني من الآجر القديم.""}]",[],"[""nature"", ""construction"", ""history""]","الكلمة: الآجر (الاجر)
الجذر: أجر
الفصحى: الطوب الأحمر المحروق
المعنى: طوب أحمر من الطين المحروق في الأفران حتى يقسو، يُستخدم في البناء القديم كالمساجد.
المرادفات: طوب، ياجر
مثال: هذا المسجد مبني من الآجر القديم.
الوسوم: nature، construction، history
ملاحظة: حرف الجيم ينطق (ياء) في حضرموت الساحل وجزء من الوادي (الآير/الياجر)."
34,إِكِّس عَلَيْه,اكس عليه,aks 3alyh,عكس,Expression,expression,تجاهله تماماً / ألغِه,تعبير يقال عن شخص أو موضوع بمعنى الإلغاء والتجاهل والاستبعاد النهائي.,general,"[""طنشه"", ""تجاهله""]",[],مأخوذة من علامة (X)، وتنطق بتشديد الكاف.,قاموس اللهجة الحضرمية - فهد بن هلابي - ص 12,"[{""f"": ""هذا الرجل كاذب، تجاهله تماماً وأسقطه من حساباتك."", ""h"": ""هذا الرجال كذاب، إكس عليه.""}]",[],"[""daily life"", ""expressions""]","الكلمة: إِكِّس عَلَيْه (اكس عليه)
الجذر: عكس
الفصحى: تجاهله تماماً / ألغِه
المعنى: تعبير يقال عن شخص أو موضوع بمعنى الإلغاء والتجاهل والاستبعاد النهائي.
المرادفات: طنشه، تجاهله
مثال: هذا الرجال كذاب، إكس عليه.
الوسوم: daily life، expressions
ملاحظة: مأخوذة من علامة (X)، وتنطق بتشديد الكاف."
35,الأَوْد,الاود,al-awd,أود,Noun,time,حصة الري,الفترة الزمنية المخصصة لسقي أرض زراعية معينة.,wadi,"[""وجبة ماء"", ""نوبة""]",[],,قاموس اللهجة الحضرمية - فهد بن هلابي - ص 12,"[{""f"": ""اليوم هو موعد حصتنا من مياه الري."", ""h"": ""اليوم الأود حقنا في الساقية.""}]",[],"[""agriculture"", ""nature""]","الكلمة: الأَوْد (الاود)
الجذر: أود
الفصحى: حصة الري
المعنى: الفترة الزمنية المخصصة لسقي أرض زراعية معينة.
المرادفات: وجبة ماء، نوبة
مثال: اليوم الأود حقنا في الساقية.
الوسوم: agriculture، nature"
36,الأَسْتَه,الاسته,al-astah,سته,Adjective,descriptor,الأبله / قليل الفهم,صفة تطلق على الشخص الأهبل أو الغبي قليل الفهم.,general,"[""أهبل"", ""غبي"", ""سته""]","[""سته""]",تُنطق أحياناً بدون الألف (سِتَه).,قاموس اللهجة الحضرمية - فهد بن هلابي - ص 13,"[{""f"": ""لا تعتمد على هذا الشخص قليل الفهم في العمل."", ""h"": ""لا تعتمد على هذا الأسته في الشغل.""}]",[],"[""behavior"", ""insults""]","الكلمة: الأَسْتَه (الاسته)
الجذر: سته
الفصحى: الأبله / قليل الفهم
المعنى: صفة تطلق على الشخص الأهبل أو الغبي قليل الفهم.
المرادفات: أهبل، غبي، سته
مثال: لا تعتمد على هذا الأسته في الشغل.
الوسوم: behavior، insults
ملاحظة: تُنطق أحياناً بدون الألف (سِتَه)."
37,أُوقِيّه,اوقيه,awqiyyh,وقي,Noun,object,الأوقية (وحدة وزن),معيار وزن تقليدي كان معروفاً في حضرموت وقل استخدامه الآن لصالح الرطل والكيلو.,general,"[""وقية""]",[],,قاموس اللهجة الحضرمية - فهد بن هلابي - ص 13,"[{""f"": ""زن لي أوقية من البن."", ""h"": ""أوزن لي أوقية بن.""}]",[],"[""measurements"", ""history"", ""daily life""]","الكلمة: أُوقِيّه (اوقيه)
الجذر: وقي
الفصحى: الأوقية (وحدة وزن)
المعنى: معيار وزن تقليدي كان معروفاً في حضرموت وقل استخدامه الآن لصالح الرطل والكيلو.
المرادفات: وقية
مثال: أوزن لي أوقية بن.
الوسوم: measurements، history، daily life"
38,أُص / أُصَّه,اص,aS,صصص,Expression,expression,اسكت / اصمت,كلمة لطلب السكوت والهدوء. وتأتي للاستنكار والاعتراض على كلام غير مقبول والمطالبة بإنهائه.,general,"[""اسكت"", ""صه""]","[""أصه""]",,قاموس اللهجة الحضرمية - فهد بن هلابي - ص 13,"[{""f"": ""اصمت، لا أريد سماع أي كلمة منك."", ""h"": ""أصه ولا كلمة أسمعها منك.""}]",[],"[""daily life"", ""expressions""]","الكلمة: أُص / أُصَّه (اص)
الجذر: صصص
الفصحى: اسكت / اصمت
المعنى: كلمة لطلب السكوت والهدوء. وتأتي للاستنكار والاعتراض على كلام غير مقبول والمطالبة بإنهائه.
المرادفات: اسكت، صه
مثال: أصه ولا كلمة أسمعها منك.
الوسوم: daily life، expressions"
39,أَوَاق,اواق,awaq,أوق,Noun,object,عملة قديمة,اسم لعملة حضرمية نقدية قديمة.,general,[],[],جمع لكلمة (أوقية) عندما كانت تستخدم كعملة.,قاموس اللهجة الحضرمية - فهد بن هلابي - ص 13,"[{""f"": ""كانوا يشترون التمر قديماً بعملة الأواق."", ""h"": ""كانوا يشترون التمر قديماً بالأواق.""}]",[],"[""money"", ""history""]","الكلمة: أَوَاق (اواق)
الجذر: أوق
الفصحى: عملة قديمة
المعنى: اسم لعملة حضرمية نقدية قديمة.
مثال: كانوا يشترون التمر قديماً بالأواق.
الوسوم: money، history
ملاحظة: جمع لكلمة (أوقية) عندما كانت تستخدم كعملة."
40,الأَيْك,الايك,al-ayk,أيك,Noun,object,رقم 1 في الدومينو,مصطلح يطلق على الرقم (1) في لعبة الدومينو (الضُمنة) في حضرموت.,general,"[""واحد""]",[],,قاموس اللهجة الحضرمية - فهد بن هلابي - ص 13,"[{""f"": ""العب قطعة الرقم 1 وأنهِ اللعبة."", ""h"": ""نزل الأيك وخلص اللعبة.""}]",[],"[""games"", ""entertainment""]","الكلمة: الأَيْك (الايك)
الجذر: أيك
الفصحى: رقم 1 في الدومينو
المعنى: مصطلح يطلق على الرقم (1) في لعبة الدومينو (الضُمنة) في حضرموت.
المرادفات: واحد
مثال: نزل الأيك وخلص اللعبة.
الوسوم: games، entertainment"
41,إِدْحَق / دَحَق,ادحق,adHaQ,دحق,Verb,action,امشِ / ادعس,تأتي بمعنى المشي والتقدم، أو بمعنى الدعس والدوس بقوة على شيء.,general,"[""امش"", ""ادعس"", ""دوس""]","[""دحق""]",بكسر الألف وتسكين الدال وفتح الحاء.,قاموس اللهجة الحضرمية - فهد بن هلابي - ص 13,"[{""f"": ""امشِ بسرعة كي لا نتأخر."", ""h"": ""ادحق بسرعة لا نتأخر.""}, {""f"": ""دوس عليه بقوة بقدمك."", ""h"": ""ادحق عليه بقوة برجلك.""}]",[],"[""daily life"", ""actions""]","الكلمة: إِدْحَق / دَحَق (ادحق)
الجذر: دحق
الفصحى: امشِ / ادعس
المعنى: تأتي بمعنى المشي والتقدم، أو بمعنى الدعس والدوس بقوة على شيء.
المرادفات: امش، ادعس، دوس
مثال: ادحق بسرعة لا نتأخر.
الوسوم: daily life، actions
ملاحظة: بكسر الألف وتسكين الدال وفتح الحاء."
42,أَرْقَش,ارقش,arqash,رقش,Adjective,descriptor,مُبرقش / ملون ببني وأبيض,وصف للون يجمع بين البني والقليل من البياض، غالباً يطلق على الطيور والحيوانات.,general,"[""مبقع"", ""مرقط""]",[],,قاموس اللهجة الحضرمية - فهد بن هلابي - ص 13,"[{""f"": ""هذا الطائر ملون بالبني والأبيض ولونه جميل."", ""h"": ""هذا الطير أرقش لونه يعجبك.""}]",[],"[""colors"", ""nature"", ""animals""]","الكلمة: أَرْقَش (ارقش)
الجذر: رقش
الفصحى: مُبرقش / ملون ببني وأبيض
المعنى: وصف للون يجمع بين البني والقليل من البياض، غالباً يطلق على الطيور والحيوانات.
المرادفات: مبقع، مرقط
مثال: هذا الطير أرقش لونه يعجبك.
الوسوم: colors، nature، animals"
43,أَطْلَس,اطلس,aTlas,طلس,Noun,object,قماش الحرير/الأطلس,نوع من أنواع القماش ذو الملمس الناعم والأملس.,general,"[""حرير""]",[],,قاموس اللهجة الحضرمية - فهد بن هلابي - ص 13,"[{""f"": ""خاطت لها فستاناً من قماش ناعم أملس."", ""h"": ""فصلت لها فستان من قماش أطلس.""}]",[],"[""clothing"", ""daily life""]","الكلمة: أَطْلَس (اطلس)
الجذر: طلس
الفصحى: قماش الحرير/الأطلس
المعنى: نوع من أنواع القماش ذو الملمس الناعم والأملس.
المرادفات: حرير
مثال: فصلت لها فستان من قماش أطلس.
الوسوم: clothing، daily life"
44,اش,اش,ash,ششش,Expression,expression,كش / للطرد,لفظة تستخدم للزجر ونهر وطرد أو تفريق الحشرات والحيوانات والطيور.,general,"[""كش"", ""هش""]",[],,قاموس اللهجة الحضرمية - فهد بن هلابي - ص 14,"[{""f"": ""اطرد الذباب عن الطعام."", ""h"": ""إش الذبان من على الأكل.""}]",[],"[""nature"", ""animals"", ""expressions""]","الكلمة: اش
الجذر: ششش
الفصحى: كش / للطرد
المعنى: لفظة تستخدم للزجر ونهر وطرد أو تفريق الحشرات والحيوانات والطيور.
المرادفات: كش، هش
مثال: إش الذبان من على الأكل.
الوسوم: nature، animals، expressions"
45,إِيش,ايش,ish,أيش,Expression,expression,ماذا / ما,لفظة للاستفهام غالباً، وتأتي للتساؤل المتعجب أحياناً.,general,"[""ماذا"", ""ويش""]",[],أصلها العربي (أي شيء).,قاموس اللهجة الحضرمية - فهد بن هلابي,"[{""f"": ""ما هذا الشيء الذي في يدك؟"", ""h"": ""إيش هذا اللي في يدك؟""}, {""f"": ""ماذا تقول أنت؟"", ""h"": ""إيش تقول أنت؟""}]",[],"[""daily life"", ""expressions""]","الكلمة: إِيش (ايش)
الجذر: أيش
الفصحى: ماذا / ما
المعنى: لفظة للاستفهام غالباً، وتأتي للتساؤل المتعجب أحياناً.
المرادفات: ماذا، ويش
مثال: إيش هذا اللي في يدك؟
الوسوم: daily life، expressions
ملاحظة: أصلها العربي (أي شيء)."
46,بَعْرَه,بعره,ba3rah,بعر,Noun,object,روث الماشية,روث وفضلات المواشي والجمال، وجمعها (بَعَر).,general,"[""روث"", ""دمان""]",[],,قاموس اللهجة الحضرمية - فهد بن هلابي - ص 14,"[{""f"": ""نظف الحظيرة من روث المواشي."", ""h"": ""نظف الشبك من البعره.""}]",[],"[""agriculture"", ""animals"", ""nature""]","الكلمة: بَعْرَه (بعره)
الجذر: بعر
الفصحى: روث الماشية
المعنى: روث وفضلات المواشي والجمال، وجمعها (بَعَر).
المرادفات: روث، دمان
مثال: نظف الشبك من البعره.
الوسوم: agriculture، animals، nature"
47,بَرِّك,برك,barrik,برك,Verb,action,بارِك / قُل مبروك,فعل أمر بمعنى بارك للآخرين أو قل لهم مبروك.,general,"[""بارك""]",[],,قاموس اللهجة الحضرمية - فهد بن هلابي - ص 15,"[{""f"": ""بارك لأخيك بمناسبة نجاحه."", ""h"": ""برّك لأخوك على النجاح.""}]",[],"[""daily life"", ""social customs""]","الكلمة: بَرِّك (برك)
الجذر: برك
الفصحى: بارِك / قُل مبروك
المعنى: فعل أمر بمعنى بارك للآخرين أو قل لهم مبروك.
المرادفات: بارك
مثال: برّك لأخوك على النجاح.
الوسوم: daily life، social customs"
48,بِلِّي,بلي,billi,بلي,Expression,expression,بالذي,كلمة مدمجة تعني (بالذي) أو (بالشيء الذي).,general,"[""باللي"", ""بالذي""]",[],,قاموس اللهجة الحضرمية - فهد بن هلابي - ص 15,"[{""f"": ""ماذا أفعل بالذي أمامي؟"", ""h"": ""إيش أسوي بلي قدامي؟""}]",[],"[""daily life"", ""expressions""]","الكلمة: بِلِّي (بلي)
الجذر: بلي
الفصحى: بالذي
المعنى: كلمة مدمجة تعني (بالذي) أو (بالشيء الذي).
المرادفات: باللي، بالذي
مثال: إيش أسوي بلي قدامي؟
الوسوم: daily life، expressions"
49,بَخْت,بخت,bakht,بخت,Noun,object,النصيب / الحظ,كلمة تعني الحظ أو النصيب والقَدَر.,general,"[""حظ"", ""نصيب""]",[],أصل الكلمة فارسي (بخت) وانتقلت للعربية بمرور الزمن.,قاموس اللهجة الحضرمية - فهد بن هلابي - ص 15,"[{""f"": ""هذا هو حظي وقدري في الحياة."", ""h"": ""هذا بختي ونصيبي في الدنيا.""}]","[""أبو العيال ربع بخت""]","[""daily life"", ""emotions""]","الكلمة: بَخْت (بخت)
الجذر: بخت
الفصحى: النصيب / الحظ
المعنى: كلمة تعني الحظ أو النصيب والقَدَر.
المرادفات: حظ، نصيب
مثال: هذا بختي ونصيبي في الدنيا.
الوسوم: daily life، emotions
ملاحظة: أصل الكلمة فارسي (بخت) وانتقلت للعربية بمرور الزمن."
50,يِئَذِّن,يئذن,yiadhdhin,أذن,Verb,action,يؤذن / ينادي للصلاة,القيام بمهمة الآذان للإعلام بدخول وقت الصلاة، وتستخدم في الأمثال للدلالة على من ينصح شخصاً لا يستجيب.,general,"[""يصيح"", ""ينهم""]",[],,قاموس اللهجة الحضرمية - فهد بن هلابي - ص 15,"[{""f"": ""المؤذن يؤذن في المسجد."", ""h"": ""المؤذن يئذن في الجامع.""}]","[""يئذِّن عند أصقع""]","[""social customs"", ""religious""]","الكلمة: يِئَذِّن (يئذن)
الجذر: أذن
الفصحى: يؤذن / ينادي للصلاة
المعنى: القيام بمهمة الآذان للإعلام بدخول وقت الصلاة، وتستخدم في الأمثال للدلالة على من ينصح شخصاً لا يستجيب.
المرادفات: يصيح، ينهم
مثال: المؤذن يئذن في الجامع.
الوسوم: social customs، religious"
51,بواه,بواه,bwah,واه,Expression,expression,بماذا / لأي شيء,أداة استفهام تستفسر عن الوسيلة أو السبب، وهي مركبة من (بـ) و(واه) بمعنى ماذا.,general,"[""بأي شيء"", ""بمو""]",[],تكثر في الشعر الشعبي الحضرمي.,قاموس اللهجة الحضرمية - فهد بن هلابي - ص 15,"[{""f"": ""بماذا نكتب الرسالة؟"", ""h"": ""بواه نكتب الرسالة؟""}, {""f"": ""بماذا نكتب وقد أصبحت حالنا كالسفينة المضطربة."", ""h"": ""نكتب بواه صبحت مثل الساعية فوق القِشار""}]",[],"[""daily life"", ""expressions""]","الكلمة: بواه
الجذر: واه
الفصحى: بماذا / لأي شيء
المعنى: أداة استفهام تستفسر عن الوسيلة أو السبب، وهي مركبة من (بـ) و(واه) بمعنى ماذا.
المرادفات: بأي شيء، بمو
مثال: بواه نكتب الرسالة؟
الوسوم: daily life، expressions
ملاحظة: تكثر في الشعر الشعبي الحضرمي."
52,البَغْزِيز,البغزيز,albaghziz,بغز,Noun,object,سمك مملح محفوظ,نوع من السمك الصغير يُملح ويُجفف لحفظه لفترات طويلة، وله رائحة نفاذة.,coast,"[""وزف"", ""حاسوم""]",[],يعتبر من الوجبات الشعبية التاريخية في المناطق الساحلية.,قاموس اللهجة الحضرمية - فهد بن هلابي - ص 15,"[{""f"": ""رائحة السمك المملح في المطبخ قوية."", ""h"": ""ريح البغزيز في المطبخ قوية.""}]",[],"[""food"", ""daily life""]","الكلمة: البَغْزِيز (البغزيز)
الجذر: بغز
الفصحى: سمك مملح محفوظ
المعنى: نوع من السمك الصغير يُملح ويُجفف لحفظه لفترات طويلة، وله رائحة نفاذة.
المرادفات: وزف، حاسوم
مثال: ريح البغزيز في المطبخ قوية.
الوسوم: food، daily life
ملاحظة: يعتبر من الوجبات الشعبية التاريخية في المناطق الساحلية."
53,بنزر,بنزر,bunzur,بنزر,Noun,object,لفة الغزل الكاملة,يطلق على حزمة أو لفة خيوط الغزل عندما تكون كاملة وغير منقوصة.,general,"[""كبكوبة"", ""لفة""]",[],,قاموس اللهجة الحضرمية - فهد بن هلابي - ص 15,"[{""f"": ""اشتريت لفة غزل كاملة جديدة."", ""h"": ""اشتريت بنزر خيط جديد.""}]",[],"[""daily life"", ""crafts""]","الكلمة: بنزر
الجذر: بنزر
الفصحى: لفة الغزل الكاملة
المعنى: يطلق على حزمة أو لفة خيوط الغزل عندما تكون كاملة وغير منقوصة.
المرادفات: كبكوبة، لفة
مثال: اشتريت بنزر خيط جديد.
الوسوم: daily life، crafts"
54,بَلَاش,بلاش,balash,بلاش,Noun,descriptor,مجاناً,الحصول على الشيء بدون مقابل مادي، وأصلها (بلا شيء).,general,"[""مجاناً"", ""هبة""]",[],,قاموس اللهجة الحضرمية - فهد بن هلابي - ص 16,"[{""f"": ""هذا الكيس خذه مجاناً."", ""h"": ""هذا الكيس خذه بلاش.""}]","[""بلاش ما يربح""]","[""daily life"", ""trade""]","الكلمة: بَلَاش (بلاش)
الجذر: بلاش
الفصحى: مجاناً
المعنى: الحصول على الشيء بدون مقابل مادي، وأصلها (بلا شيء).
المرادفات: مجاناً، هبة
مثال: هذا الكيس خذه بلاش.
الوسوم: daily life، trade"
55,با محقب,با محقب,ba muHqab,حقب,Noun,object,العنكبوت,أحد الأسماء المحلية التي تطلق على حشرة العنكبوت في بعض المناطق الحضرمية.,general,"[""أم حبيل"", ""عنكبوت""]",[],,قاموس اللهجة الحضرمية - فهد بن هلابي - ص 16,"[{""f"": ""العنكبوت بنى بيته في الزاوية."", ""h"": ""با محقب بنى بيته في الزاوية.""}]",[],"[""nature"", ""insects""]","الكلمة: با محقب
الجذر: حقب
الفصحى: العنكبوت
المعنى: أحد الأسماء المحلية التي تطلق على حشرة العنكبوت في بعض المناطق الحضرمية.
المرادفات: أم حبيل، عنكبوت
مثال: با محقب بنى بيته في الزاوية.
الوسوم: nature، insects"
56,بزبز,بزبز,bzbz,بزبز,Noun,object,قصبة النارجيلة,الأنبوب أو القصبة التي يتصاعد منها الدخان في أداة التدخين التقليدية (الرشبة أو الشيشة).,general,"[""لي"", ""ماصورة""]",[],,قاموس اللهجة الحضرمية - فهد بن هلابي - ص 16,"[{""f"": ""نظف قصبة النارجيلة."", ""h"": ""نظف البزبز حق الرشبة.""}]",[],"[""daily life"", ""smoking""]","الكلمة: بزبز
الجذر: بزبز
الفصحى: قصبة النارجيلة
المعنى: الأنبوب أو القصبة التي يتصاعد منها الدخان في أداة التدخين التقليدية (الرشبة أو الشيشة).
المرادفات: لي، ماصورة
مثال: نظف البزبز حق الرشبة.
الوسوم: daily life، smoking"
57,بُوفَتِيلَة,بوفتيله,bufatilah,فتل,Noun,object,بندقية قديمة,سلاح ناري قديم كان يُحشى بالبارود ويُشعل بفتيل، ولذا سميت (بو فتيلة).,general,"[""بندقية"", ""سلاح""]",[],تعتبر حالياً من التحف والمقتنيات التراثية.,قاموس اللهجة الحضرمية - فهد بن هلابي - ص 16,"[{""f"": ""جدي يملك بندقية بارود قديمة."", ""h"": ""جدي عنده بوفتيله قديمة.""}]",[],"[""history"", ""tools""]","الكلمة: بُوفَتِيلَة (بوفتيله)
الجذر: فتل
الفصحى: بندقية قديمة
المعنى: سلاح ناري قديم كان يُحشى بالبارود ويُشعل بفتيل، ولذا سميت (بو فتيلة).
المرادفات: بندقية، سلاح
مثال: جدي عنده بوفتيله قديمة.
الوسوم: history، tools
ملاحظة: تعتبر حالياً من التحف والمقتنيات التراثية."
58,بَاقِرِنْقَاح,باقرنقاح,baqirnqaH,قنح,Noun,object,مرض النكاف,تورم فيروسي يصيب الغدد النكفية (الفكين) لدى الأطفال ويسبب الحمى.,general,"[""نكاف"", ""أبو كعب""]",[],,قاموس اللهجة الحضرمية - فهد بن هلابي - ص 16,"[{""f"": ""وجه الولد متورم، هو مصاب بالنكاف."", ""h"": ""الولد وجهه وارم، فيه باقرنقاح.""}]",[],"[""medical"", ""children""]","الكلمة: بَاقِرِنْقَاح (باقرنقاح)
الجذر: قنح
الفصحى: مرض النكاف
المعنى: تورم فيروسي يصيب الغدد النكفية (الفكين) لدى الأطفال ويسبب الحمى.
المرادفات: نكاف، أبو كعب
مثال: الولد وجهه وارم، فيه باقرنقاح.
الوسوم: medical، children"
59,بطاح,بطاح,baTaH,بطح,Noun,object,الرمل / الكثيب,يطلق على الرمل الناعم أو الكثبان الرملية المنبسطة.,general,"[""رمل"", ""كثيب"", ""زبار""]",[],,قاموس اللهجة الحضرمية - فهد بن هلابي - ص 16,"[{""f"": ""لعبنا فوق كثبان الرمل."", ""h"": ""لعبنا فوق البطاح.""}]",[],"[""nature"", ""daily life""]","الكلمة: بطاح
الجذر: بطح
الفصحى: الرمل / الكثيب
المعنى: يطلق على الرمل الناعم أو الكثبان الرملية المنبسطة.
المرادفات: رمل، كثيب، زبار
مثال: لعبنا فوق البطاح.
الوسوم: nature، daily life"
60,بُغْيَة,بغية,bghya,بغي,Noun,object,عسل السدر الفاخر,تسمية تطلق على أجود وأنقى أنواع العسل الحضرمي (عسل السدر).,general,"[""عسل سدر""]",[],تشتهر دوعن بإنتاج أفضل أنواع البغية.,قاموس اللهجة الحضرمية - فهد بن هلابي - ص 17,"[{""f"": ""هذا العسل من أجود أنواع عسل السدر."", ""h"": ""هذا العسل بغية درجة أولى.""}]",[],"[""food"", ""daily life"", ""honey""]","الكلمة: بُغْيَة (بغية)
الجذر: بغي
الفصحى: عسل السدر الفاخر
المعنى: تسمية تطلق على أجود وأنقى أنواع العسل الحضرمي (عسل السدر).
المرادفات: عسل سدر
مثال: هذا العسل بغية درجة أولى.
الوسوم: food، daily life، honey
ملاحظة: تشتهر دوعن بإنتاج أفضل أنواع البغية."
61,بَا,با,ba,با,Particle,function,سوف (حرف استقبال),حرف يسبق الفعل المضارع للتسويف (المستقبل)، وأيضاً هو بادئة لأسماء العائلات والقبائل في حضرموت.,general,"[""سـ"", ""سوف""]",[],علامة فارقة في اللهجة الحضرمية والأسماء.,قاموس اللهجة الحضرمية - فهد بن هلابي - ص 16,"[{""f"": ""سوف نذهب غداً."", ""h"": ""با نروح بكرة.""}, {""f"": ""سوف نجلس في البيت."", ""h"": ""بانجلس في البيت.""}]",[],"[""grammar"", ""social customs"", ""future""]","الكلمة: بَا (با)
الجذر: با
الفصحى: سوف (حرف استقبال)
المعنى: حرف يسبق الفعل المضارع للتسويف (المستقبل)، وأيضاً هو بادئة لأسماء العائلات والقبائل في حضرموت.
المرادفات: سـ، سوف
مثال: با نروح بكرة.
الوسوم: grammar، social customs، future
ملاحظة: علامة فارقة في اللهجة الحضرمية والأسماء."
62,باير,باير,bayir,بور,Adjective,descriptor,رديء / كاسد,وصف للسلعة الكاسدة أو التالفة، وتستخدم أيضاً لوصف الشخص المحتال أو سيئ الخلق.,general,"[""فاسد"", ""رديء"", ""كاسد""]",[],,قاموس اللهجة الحضرمية - فهد بن هلابي - ص 17,"[{""f"": ""هذا تمر رديء الجودة."", ""h"": ""هذا تمر باير.""}, {""f"": ""إنسان رديء لا فائدة منه."", ""h"": ""إنسان باير ما منه فايدة.""}]","[""بضاعة بايره ولا غريم مطل""]","[""daily life"", ""trade"", ""behavior"", ""quality""]","الكلمة: باير
الجذر: بور
الفصحى: رديء / كاسد
المعنى: وصف للسلعة الكاسدة أو التالفة، وتستخدم أيضاً لوصف الشخص المحتال أو سيئ الخلق.
المرادفات: فاسد، رديء، كاسد
مثال: هذا تمر باير.
الوسوم: daily life، trade، behavior، quality"
63,بِيح,بيح,biiH,بيح,Noun,action,رخصة الرعي,الإذن أو السماح للحيوانات بالرعي في أرض كانت ممنوعة (محمية) من قبل.,general/rural,"[""فسحة"", ""إذن رعي""]",[],,قاموس اللهجة الحضرمية - فهد بن هلابي - ص 17,"[{""f"": ""سمحنا للأغنام بالرعي في الوادي."", ""h"": ""عطينا الغنم بيح في الوادي.""}]",[],"[""nature"", ""agriculture"", ""permission""]","الكلمة: بِيح (بيح)
الجذر: بيح
الفصحى: رخصة الرعي
المعنى: الإذن أو السماح للحيوانات بالرعي في أرض كانت ممنوعة (محمية) من قبل.
المرادفات: فسحة، إذن رعي
مثال: عطينا الغنم بيح في الوادي.
الوسوم: nature، agriculture، permission"
64,بَاع,باع,ba3,بوع,Noun,object,وحدة طول (108 سم تقريباً),مقياس طول تقليدي يمتد من طرف الأنف إلى نهاية إصبع اليد الممدودة.,general,"[""مقياس""]",[],وردت في الأحاديث النبوية كمقياس للمسافة.,قاموس اللهجة الحضرمية - فهد بن هلابي - ص 17,"[{""f"": ""قست القماش بوحدة الباع."", ""h"": ""قست القماش بالباع.""}]",[],"[""daily life"", ""measures"", ""length""]","الكلمة: بَاع (باع)
الجذر: بوع
الفصحى: وحدة طول (108 سم تقريباً)
المعنى: مقياس طول تقليدي يمتد من طرف الأنف إلى نهاية إصبع اليد الممدودة.
المرادفات: مقياس
مثال: قست القماش بالباع.
الوسوم: daily life، measures، length
ملاحظة: وردت في الأحاديث النبوية كمقياس للمسافة."
65,البَنْطَلُون,البنطلون,al-bantalun,بنطلون,Noun,object,السروال / البنطال,لباس يغطي الجزء السفلي من الجسم، وهي لفظة معربة شائعة.,general,"[""سروال"", ""بنطال""]",[],,قاموس اللهجة الحضرمية - فهد بن هلابي - ص 17,"[{""f"": ""ارتديت البنطال والقميص."", ""h"": ""لبست البنطلون والقميص.""}]",[],"[""daily life"", ""clothing"", ""pants""]","الكلمة: البَنْطَلُون (البنطلون)
الجذر: بنطلون
الفصحى: السروال / البنطال
المعنى: لباس يغطي الجزء السفلي من الجسم، وهي لفظة معربة شائعة.
المرادفات: سروال، بنطال
مثال: لبست البنطلون والقميص.
الوسوم: daily life، clothing، pants"
66,بِزْبُوز,بزبوز,bizbuz,بزبز,Noun,object,صنبور الماء / ثرثار,تطلق على حنفية الماء، وتستخدم وصفاً للشخص الذي لا يتوقف عن الكلام (كثير الهذر).,general,"[""حنفية"", ""ثرثار""]",[],,قاموس اللهجة الحضرمية - فهد بن هلابي - ص 17,"[{""f"": ""أغلق الصنبور جيداً."", ""h"": ""سكر البزبوز زين.""}, {""f"": ""فلان ثرثار يتحدث كثيراً."", ""h"": ""فلان بزبوز يتكلم واجد.""}]",[],"[""daily life"", ""behavior"", ""talking""]","الكلمة: بِزْبُوز (بزبوز)
الجذر: بزبز
الفصحى: صنبور الماء / ثرثار
المعنى: تطلق على حنفية الماء، وتستخدم وصفاً للشخص الذي لا يتوقف عن الكلام (كثير الهذر).
المرادفات: حنفية، ثرثار
مثال: سكر البزبوز زين.
الوسوم: daily life، behavior، talking"
67,البُرْنُص,البرنص,al-burnus,برنص,Noun,object,غطاء للرأس والأكتاف,نوع من اللباس يوضع على الرأس ويلف حول الصدر والكتفين مع ظهور الوجه.,general,"[""برنس"", ""غطاء""]",[],يختلف استخدامه بين الرجال والنساء حسب المنطقة.,قاموس اللهجة الحضرمية - فهد بن هلابي - ص 17,"[{""f"": ""تدفأ بغطاء الرأس من البرد."", ""h"": ""تدفى بالبرنص من البرد.""}]",[],"[""daily life"", ""clothing""]","الكلمة: البُرْنُص (البرنص)
الجذر: برنص
الفصحى: غطاء للرأس والأكتاف
المعنى: نوع من اللباس يوضع على الرأس ويلف حول الصدر والكتفين مع ظهور الوجه.
المرادفات: برنس، غطاء
مثال: تدفى بالبرنص من البرد.
الوسوم: daily life، clothing
ملاحظة: يختلف استخدامه بين الرجال والنساء حسب المنطقة."
68,بَاشْتَه,باشته,bashta,باشته,Noun,object,ورقة اللعب (كوتشينة),إحدى أوراق اللعب المعروفة في ألعاب الورق التقليدية.,general,"[""كوتشينة"", ""بالطو""]",[],,قاموس اللهجة الحضرمية - فهد بن هلابي - ص 18,"[{""f"": ""العب بورقة اللعب."", ""h"": ""العب بالباشته.""}]",[],"[""daily life"", ""games"", ""cards""]","الكلمة: بَاشْتَه (باشته)
الجذر: باشته
الفصحى: ورقة اللعب (كوتشينة)
المعنى: إحدى أوراق اللعب المعروفة في ألعاب الورق التقليدية.
المرادفات: كوتشينة، بالطو
مثال: العب بالباشته.
الوسوم: daily life، games، cards"
69,البُونِي,البوني,al-buni,بون,Noun,object,الباب الفاصل,الباب الداخلي الذي يفصل بين أجنحة البيت أو الغرف الكبيرة في البيوت الطينية القديمة.,general,"[""باب داخلي""]",[],,قاموس اللهجة الحضرمية - فهد بن هلابي - ص 18,"[{""f"": ""أغلق الباب الفاصل للغرفة."", ""h"": ""صك البوني حق الغرفة.""}]",[],"[""daily life"", ""home"", ""door""]","الكلمة: البُونِي (البوني)
الجذر: بون
الفصحى: الباب الفاصل
المعنى: الباب الداخلي الذي يفصل بين أجنحة البيت أو الغرف الكبيرة في البيوت الطينية القديمة.
المرادفات: باب داخلي
مثال: صك البوني حق الغرفة.
الوسوم: daily life، home، door"
70,بِشِق,بشق,bishiq,بشق,Noun,place,في جانب / بجهة,تعني الوجود في ناحية معينة أو طرف منفصل عن الآخرين.,general,"[""جانب"", ""جهة""]",[],,قاموس اللهجة الحضرمية - فهد بن هلابي - ص 18,"[{""f"": ""أنت في وادٍ (جهة) والدنيا في وادٍ آخر."", ""h"": ""انته بشق والدنيا بشق.""}]",[],"[""daily life""]","الكلمة: بِشِق (بشق)
الجذر: بشق
الفصحى: في جانب / بجهة
المعنى: تعني الوجود في ناحية معينة أو طرف منفصل عن الآخرين.
المرادفات: جانب، جهة
مثال: انته بشق والدنيا بشق.
الوسوم: daily life"
71,برز به,برز به,baraz bihi,برز,Verb,action,اختلى به / انفرد به,الجلوس مع شخص على انفراد للحديث في سر أو موضوع خاص، و(البرزة) هي المجلس المنفرد.,general,"[""انفرد به"", ""سارره""]",[],,قاموس اللهجة الحضرمية - فهد بن هلابي - ص 18,"[{""f"": ""أريد أن أنفرد بك في كلمة."", ""h"": ""بغيت أبرز بك في كلمة.""}]",[],"[""daily life"", ""social customs"", ""alone""]","الكلمة: برز به
الجذر: برز
الفصحى: اختلى به / انفرد به
المعنى: الجلوس مع شخص على انفراد للحديث في سر أو موضوع خاص، و(البرزة) هي المجلس المنفرد.
المرادفات: انفرد به، سارره
مثال: بغيت أبرز بك في كلمة.
الوسوم: daily life، social customs، alone"
72,البَكْرَة,البكرة,al-bakra,بكر,Noun,object,سارية أو عمود حجري,عمود أسطواني من الحجر يُستخدم لدعم سقف الغرف في الدور الأرضي بالمباني التقليدية.,general,"[""عمود"", ""سارية""]",[],,قاموس اللهجة الحضرمية - فهد بن هلابي - ص 18,"[{""f"": ""الغرفة مدعومة بعمودين من الحجر."", ""h"": ""الغرفة فيها بكرتين حجر.""}]",[],"[""daily life"", ""home"", ""column""]","الكلمة: البَكْرَة (البكرة)
الجذر: بكر
الفصحى: سارية أو عمود حجري
المعنى: عمود أسطواني من الحجر يُستخدم لدعم سقف الغرف في الدور الأرضي بالمباني التقليدية.
المرادفات: عمود، سارية
مثال: الغرفة فيها بكرتين حجر.
الوسوم: daily life، home، column"
73,بَا فَتِيلَة,با فتيله,ba fatila,فتل,Noun,object,فانوس كيروسين صغير,مصباح صغير يعمل بالكيروسين (القاز) وله فتيل قماشي يُشعل للإضاءة.,general,"[""فانوس"", ""سراج""]",[],كان الوسيلة الأساسية للإضاءة قبل وصول الكهرباء.,قاموس اللهجة الحضرمية - فهد بن هلابي - ص 18,"[{""f"": ""أشعل الفانوس الصغير، المكان مظلم."", ""h"": ""ولع البافتيله الدنيا ظلمة.""}]",[],"[""daily life"", ""tools"", ""light""]","الكلمة: بَا فَتِيلَة (با فتيله)
الجذر: فتل
الفصحى: فانوس كيروسين صغير
المعنى: مصباح صغير يعمل بالكيروسين (القاز) وله فتيل قماشي يُشعل للإضاءة.
المرادفات: فانوس، سراج
مثال: ولع البافتيله الدنيا ظلمة.
الوسوم: daily life، tools، light
ملاحظة: كان الوسيلة الأساسية للإضاءة قبل وصول الكهرباء."
74,البُنُص,البنص,al-bunus,بنص,Noun,object,خمار الصلاة / غطاء الرأس,قطعة قماش مخيطة بطريقة بسيطة تلبسها المرأة لتغطية الرأس والصدر أثناء الصلاة أو في البيت.,general,"[""مقنعة"", ""خمار""]",[],,قاموس اللهجة الحضرمية - فهد بن هلابي - ص 18,"[{""f"": ""ارتدت المرأة المسنة غطاء الرأس."", ""h"": ""لبست العجوز البنص.""}]",[],"[""social customs"", ""clothing""]","الكلمة: البُنُص (البنص)
الجذر: بنص
الفصحى: خمار الصلاة / غطاء الرأس
المعنى: قطعة قماش مخيطة بطريقة بسيطة تلبسها المرأة لتغطية الرأس والصدر أثناء الصلاة أو في البيت.
المرادفات: مقنعة، خمار
مثال: لبست العجوز البنص.
الوسوم: social customs، clothing"
75,بهار,بهار,bahaar,بهر,Noun,object,وحدة وزن كبرى,معيار تقليدي لوزن المحاصيل الكبيرة وخاصة التمر، ويعادل تقريباً 300 رطل.,general,[],[],,قاموس اللهجة الحضرمية - فهد بن هلابي - ص 19,"[{""f"": ""اشترى التاجر خمس وحدات 'آر' من تمر منطقة الجزع."", ""h"": ""اشترى التاجر خمسة بهار من تمر الجزع.""}]",[],"[""measurements"", ""agriculture"", ""food""]","الكلمة: بهار
الجذر: بهر
الفصحى: وحدة وزن كبرى
المعنى: معيار تقليدي لوزن المحاصيل الكبيرة وخاصة التمر، ويعادل تقريباً 300 رطل.
مثال: اشترى التاجر خمسة بهار من تمر الجزع.
الوسوم: measurements، agriculture، food"
76,بِقَش,بقش,bqash,بقش,Noun,object,نقود / أموال,مصطلح يطلق على العملات النقدية والفلوس بصفة عامة.,general,"[""فلوس"", ""زلط""]",[],تنطق بكسر الباء وفتح القاف. وأصلها جمع 'بقشة' وهي عملة قديمة.,قاموس اللهجة الحضرمية - فهد بن هلابي - ص 19,"[{""f"": ""هل معك نقود لتقرضني إياها حتى نهاية الشهر؟"", ""h"": ""معك بقش سلف لآخر الشهر؟""}]",[],"[""daily life"", ""money""]","الكلمة: بِقَش (بقش)
الجذر: بقش
الفصحى: نقود / أموال
المعنى: مصطلح يطلق على العملات النقدية والفلوس بصفة عامة.
المرادفات: فلوس، زلط
مثال: معك بقش سلف لآخر الشهر؟
الوسوم: daily life، money
ملاحظة: تنطق بكسر الباء وفتح القاف. وأصلها جمع 'بقشة' وهي عملة قديمة."
77,البُرْمَة,البرمه,al-burmah,برم,Noun,object,قدر فخاري / حجري,نوع من القدور التقليدية المصنوعة من الفخار أو الحجر، تستخدم لطبخ اللحم والشوربة لتعطي نكهة خاصة.,general,"[""مدرة""]",[],,قاموس اللهجة الحضرمية - فهد بن هلابي - ص 19,"[{""f"": ""مذاق اللحم في القدر الفخاري أفضل من قدر الضغط."", ""h"": ""طعم اللحم في البرمة أحسن من قدر الضغط.""}]",[],"[""daily life"", ""kitchenware"", ""food""]","الكلمة: البُرْمَة (البرمه)
الجذر: برم
الفصحى: قدر فخاري / حجري
المعنى: نوع من القدور التقليدية المصنوعة من الفخار أو الحجر، تستخدم لطبخ اللحم والشوربة لتعطي نكهة خاصة.
المرادفات: مدرة
مثال: طعم اللحم في البرمة أحسن من قدر الضغط.
الوسوم: daily life، kitchenware، food"
78,البَاغ,الباغ,al-bagh,باغ,Noun,object,قصر / متنزه سلطاني,تطلق تاريخياً على قصر السلطان في مدينة غيل باوزير، وهو بناء أثري متميز يحيط به البساتين.,ghayl ba wazir,[],[],كلمة 'باغ' أصلها فارسي وتعني البستان أو الحديقة.,قاموس اللهجة الحضرمية - فهد بن هلابي - ص 19,"[{""f"": ""قصر الباغ في منطقة الغيل معجزة معمارية."", ""h"": ""قصر الباغ في الغيل آية في العمارة.""}]",[],"[""history"", ""architecture"", ""landmarks""]","الكلمة: البَاغ (الباغ)
الجذر: باغ
الفصحى: قصر / متنزه سلطاني
المعنى: تطلق تاريخياً على قصر السلطان في مدينة غيل باوزير، وهو بناء أثري متميز يحيط به البساتين.
مثال: قصر الباغ في الغيل آية في العمارة.
الوسوم: history، architecture، landmarks
ملاحظة: كلمة 'باغ' أصلها فارسي وتعني البستان أو الحديقة."
79,بُنّة,بنه,bunna,بنن,Noun,object,عرض الإبهام (وحدة قياس),وحدة قياس طولية تقليدية تقدر بعرض إبهام اليد (حوالي 2 سم).,general,[],[],,قاموس اللهجة الحضرمية - فهد بن هلابي - ص 19,"[{""f"": ""بقي مقدار 2 سم (بنة) ويغلق الباب."", ""h"": ""بقي بنة واحدة ويقفل الباب.""}]",[],"[""measurements"", ""construction""]","الكلمة: بُنّة (بنه)
الجذر: بنن
الفصحى: عرض الإبهام (وحدة قياس)
المعنى: وحدة قياس طولية تقليدية تقدر بعرض إبهام اليد (حوالي 2 سم).
مثال: بقي بنة واحدة ويقفل الباب.
الوسوم: measurements، construction"
80,البَيْت,البيت,al-bayt,بيت,Noun,object,مخزن الحصن,يطلق هذا المصطلح في العمارة الدفاعية الحضرمية على الغرفة المخصصة للتخزين داخل الحصون.,general,"[""مخزن""]",[],تختلف عن المعنى العام للبيت كمسكن.,قاموس اللهجة الحضرمية - فهد بن هلابي - ص 16,"[{""f"": ""أخرجوا التمر وضعوه في مخزن الحصن."", ""h"": ""طلعوا التمر وحطوه في بيت الحصن.""}]",[],"[""architecture"", ""history"", ""defense""]","الكلمة: البَيْت (البيت)
الجذر: بيت
الفصحى: مخزن الحصن
المعنى: يطلق هذا المصطلح في العمارة الدفاعية الحضرمية على الغرفة المخصصة للتخزين داخل الحصون.
المرادفات: مخزن
مثال: طلعوا التمر وحطوه في بيت الحصن.
الوسوم: architecture، history، defense
ملاحظة: تختلف عن المعنى العام للبيت كمسكن."
81,بُرْقُع,برقع,burqu3,برقع,Noun,object,خمار / نقاب,غطاء للوجه تلبسه المرأة الحضرمية للحشمة، وتختلف أشكاله وتطريزه من منطقة لأخرى (مثل البرقع البدوي والقروي).,general,"[""قناع""]",[],,قاموس اللهجة الحضرمية - فهد بن هلابي - ص 19,"[{""f"": ""هذا نقاب من وادي دوعن مشهور بطريقة خياطته."", ""h"": ""هذا برقع دوعني معروف بتطريزه.""}]",[],"[""clothing"", ""social customs"", ""daily life""]","الكلمة: بُرْقُع (برقع)
الجذر: برقع
الفصحى: خمار / نقاب
المعنى: غطاء للوجه تلبسه المرأة الحضرمية للحشمة، وتختلف أشكاله وتطريزه من منطقة لأخرى (مثل البرقع البدوي والقروي).
المرادفات: قناع
مثال: هذا برقع دوعني معروف بتطريزه.
الوسوم: clothing، social customs، daily life"
82,بَسْط,بسط,baST,بسط,Noun,object,وجبة الإفطار,تطلق على وجبة الصباح (الفطور)، وغالباً ما تتكون من شاي وخبز أو معجنات خفيفة.,general,"[""فطور""]",[],تنطق بفتح الباء.,قاموس اللهجة الحضرمية - فهد بن هلابي - ص 19,"[{""f"": ""تفضلوا لتناول وجبة الإفطار معنا."", ""h"": ""تفضلوا معنا على البسط.""}]","[""بسط بخسارة (يضرب عند التكلف في القليل)""]","[""daily life"", ""food"", ""breakfast""]","الكلمة: بَسْط (بسط)
الجذر: بسط
الفصحى: وجبة الإفطار
المعنى: تطلق على وجبة الصباح (الفطور)، وغالباً ما تتكون من شاي وخبز أو معجنات خفيفة.
المرادفات: فطور
مثال: تفضلوا معنا على البسط.
الوسوم: daily life، food، breakfast
ملاحظة: تنطق بفتح الباء."
83,البُورِي,البوري,al-buri,بوري,Noun,object,رأس الشيشة / المدواخ,القطعة الفخارية التي توضع أعلى 'الرشبة' (النارجيلة الحضرمية) ويوضع فيها التبغ والجمر.,general,"[""رأس"", ""شيشة""]",[],,قاموس اللهجة الحضرمية - فهد بن هلابي - ص 19,"[{""f"": ""املأ رأس الشيشة بتبغ من النوع الجيد."", ""h"": ""عمر البوري بتبغ درجة أولى.""}]",[],"[""daily life"", ""social customs"", ""smoking""]","الكلمة: البُورِي (البوري)
الجذر: بوري
الفصحى: رأس الشيشة / المدواخ
المعنى: القطعة الفخارية التي توضع أعلى 'الرشبة' (النارجيلة الحضرمية) ويوضع فيها التبغ والجمر.
المرادفات: رأس، شيشة
مثال: عمر البوري بتبغ درجة أولى.
الوسوم: daily life، social customs، smoking"
84,بَاصْوَاب,باصواب,baSwaab,صوب,Noun,object,رذاذ المطر,مطر خفيف جداً (طشطشة)، وهو أول مراحل نزول المطر أو أضعفها.,general,"[""رذاذ"", ""طشطشة""]",[],,قاموس اللهجة الحضرمية - فهد بن هلابي - ص 20,"[{""f"": ""الجو اليوم غائم وهناك رذاذ مطر خفيف."", ""h"": ""الجو اليوم مغيم وفي باصواب خفيف.""}]",[],"[""nature"", ""weather"", ""rain""]","الكلمة: بَاصْوَاب (باصواب)
الجذر: صوب
الفصحى: رذاذ المطر
المعنى: مطر خفيف جداً (طشطشة)، وهو أول مراحل نزول المطر أو أضعفها.
المرادفات: رذاذ، طشطشة
مثال: الجو اليوم مغيم وفي باصواب خفيف.
الوسوم: nature، weather، rain"
85,بَاصِيْقَع,باصيقع,baSiq3,صقع,Noun,object,طائر اليمام الأخضر,طائر من فصيلة الحمام، لونه يميل للاخضرار، ويشتهر في الموروث الشعبي بضعف السمع (لذا سمي صقع).,general,"[""الصقع"", ""حمام""]","[""الصقع""]",يضرب به المثل في الشخص الذي لا يسمع أو يتجاهل النداء.,قاموس اللهجة الحضرمية - فهد بن هلابي - ص 20,"[{""f"": ""لماذا لا تجيب على ندائي؟ كأنك طائر الباصيقع (الأصم)."", ""h"": ""مالك ما ترد؟ كأنك باصيقع.""}]",[],"[""nature"", ""animals"", ""birds""]","الكلمة: بَاصِيْقَع (باصيقع)
الجذر: صقع
الفصحى: طائر اليمام الأخضر
المعنى: طائر من فصيلة الحمام، لونه يميل للاخضرار، ويشتهر في الموروث الشعبي بضعف السمع (لذا سمي صقع).
المرادفات: الصقع، حمام
مثال: مالك ما ترد؟ كأنك باصيقع.
الوسوم: nature، animals، birds
ملاحظة: يضرب به المثل في الشخص الذي لا يسمع أو يتجاهل النداء."
86,بَانَه,بانه,baanah,بانه,Noun,object,مفتاح الربط (مفك الصواميل),أداة يدوية حديدية تستخدم لفك وربط الصواميل (البراغي) في الميكانيكا والسباكة.,general,"[""مفك"", ""مفتاح""]",[],الكلمة دخيلة ومأخوذة من الكلمة الإنجليزية (Spanner).,قاموس اللهجة الحضرمية - فهد بن هلابي - ص 20,"[{""f"": ""أحضر لي مفتاح الربط قياس 10 لأفك الاطار."", ""h"": ""هات البانه حق عشرة بفتح التاير.""}]",[],"[""tools"", ""daily life"", ""mechanics""]","الكلمة: بَانَه (بانه)
الجذر: بانه
الفصحى: مفتاح الربط (مفك الصواميل)
المعنى: أداة يدوية حديدية تستخدم لفك وربط الصواميل (البراغي) في الميكانيكا والسباكة.
المرادفات: مفك، مفتاح
مثال: هات البانه حق عشرة بفتح التاير.
الوسوم: tools، daily life، mechanics
ملاحظة: الكلمة دخيلة ومأخوذة من الكلمة الإنجليزية (Spanner)."
87,بسر,بسر,bsr,بسر,Noun,object,البلح الملون,ثمر النخل عندما يبدأ لونه بالتغير إلى الأحمر أو الأصفر قبل أن يصبح رطباً أو تمراً.,general,"[""بلح""]",[],,قاموس اللهجة الحضرمية - فهد بن هلابي - ص 20,"[{""f"": ""بدأ البلح بالتلوين على النخل، موعد الحصاد اقترب."", ""h"": ""بدأ النخل يبسر، الموسم قريب.""}]",[],"[""agriculture"", ""food"", ""fruits""]","الكلمة: بسر
الجذر: بسر
الفصحى: البلح الملون
المعنى: ثمر النخل عندما يبدأ لونه بالتغير إلى الأحمر أو الأصفر قبل أن يصبح رطباً أو تمراً.
المرادفات: بلح
مثال: بدأ النخل يبسر، الموسم قريب.
الوسوم: agriculture، food، fruits"
88,بَنْقَلَة,بنقله,banqala,بنق,Noun,object,فيلا / استراحة ريفية,بناء مستقل غالباً ما يكون في المزارع أو الضواحي، يتميز بتصميمه المريح للترويح عن النفس.,general,"[""فيلا"", ""استراحة""]","[""بناقل (جمع)""]",مشتقة من الكلمة الإنجليزية (Bungalow).,قاموس اللهجة الحضرمية - فهد بن هلابي - ص 20,"[{""f"": ""خرجنا لتناول الغداء في الاستراحة الموجودة بالمزرعة."", ""h"": ""طلعنا نتغدى في البنقلة اللي في المزرعة.""}]",[],"[""architecture"", ""daily life"", ""bungalow""]","الكلمة: بَنْقَلَة (بنقله)
الجذر: بنق
الفصحى: فيلا / استراحة ريفية
المعنى: بناء مستقل غالباً ما يكون في المزارع أو الضواحي، يتميز بتصميمه المريح للترويح عن النفس.
المرادفات: فيلا، استراحة
مثال: طلعنا نتغدى في البنقلة اللي في المزرعة.
الوسوم: architecture، daily life، bungalow
ملاحظة: مشتقة من الكلمة الإنجليزية (Bungalow)."
89,بَقْل,بقل,bql,بقل,Noun,object,جرجير / ورقيات خضراء,يطلق في حضرموت خصوصاً على نبات  شبيه بالجرجير، ويؤكل طازجاً بجانب وجبة الغداء الساخنة.,general,"[""جرجير"", ""بقل""]",[],,قاموس اللهجة الحضرمية - فهد بن هلابي - ص 20,"[{""f"": ""لا تنسَ شراء حزمة جرجير مع وجبة الغداء."", ""h"": ""لا تنسى تشتري لنا حزمة بقل مع الغداء.""}]",[],"[""food"", ""nature"", ""green leafy vegetables""]","الكلمة: بَقْل (بقل)
الجذر: بقل
الفصحى: جرجير / ورقيات خضراء
المعنى: يطلق في حضرموت خصوصاً على نبات  شبيه بالجرجير، ويؤكل طازجاً بجانب وجبة الغداء الساخنة.
المرادفات: جرجير، بقل
مثال: لا تنسى تشتري لنا حزمة بقل مع الغداء.
الوسوم: food، nature، green leafy vegetables"
90,البَدّ,البد,albadd,بدد,Noun,object,مقسم مياه الري,بناء حجري هندسي يقع بين 'الجرب' (الأرض الزراعية) و 'الساقية' للتحكم في توزيع مياه السيول أو الآبار.,general,"[""مقسم"", ""مقسم المياه""]",[],,قاموس اللهجة الحضرمية - فهد بن هلابي - ص 20,"[{""f"": ""قم بتحويل مسار الماء إلى الحقل الآخر عن طريق المقسم الحجري."", ""h"": ""حول الماء للجربة الثانية عبر البد.""}]",[],"[""agriculture"", ""construction"", ""water management""]","الكلمة: البَدّ (البد)
الجذر: بدد
الفصحى: مقسم مياه الري
المعنى: بناء حجري هندسي يقع بين 'الجرب' (الأرض الزراعية) و 'الساقية' للتحكم في توزيع مياه السيول أو الآبار.
المرادفات: مقسم، مقسم المياه
مثال: حول الماء للجربة الثانية عبر البد.
الوسوم: agriculture، construction، water management"
91,بركة,بركة,baraka,برك,Noun,object,حوض ماء صغير,حوض لتجميع المياه أقل عمقاً من 'الجابية'، توجد غالباً في المساجد للوضوء أو في البيوت.,general,"[""حوض""]",[],,قاموس اللهجة الحضرمية - فهد بن هلابي - ص 20,"[{""f"": ""توضأنا من حوض الماء الموجود في الجامع."", ""h"": ""توضأنا من بركة الجامع.""}]",[],"[""water"", ""daily life"", ""bathroom""]","الكلمة: بركة
الجذر: برك
الفصحى: حوض ماء صغير
المعنى: حوض لتجميع المياه أقل عمقاً من 'الجابية'، توجد غالباً في المساجد للوضوء أو في البيوت.
المرادفات: حوض
مثال: توضأنا من بركة الجامع.
الوسوم: water، daily life، bathroom"
92,بَلَالِيْط,البلاليط,balaliT,بلط,Noun,object,معلاق القربة الخشبي,قطعة خشبية تُثبت لتعليق 'الشول' (قربة الماء المصنوعة من الجلد) لتبريد الماء.,general,[],[],تختلف عن أكلة 'البلاليط' الخليجية المشهورة.,قاموس اللهجة الحضرمية - فهد بن هلابي - ص 21,"[{""f"": ""علق قربة الماء فوق المعلاق الخشبي لكي تبرد."", ""h"": ""علق القربة فوق البلاليط عشان تبرد.""}]",[],"[""tools"", ""history"", ""water"", ""cooling""]","الكلمة: بَلَالِيْط (البلاليط)
الجذر: بلط
الفصحى: معلاق القربة الخشبي
المعنى: قطعة خشبية تُثبت لتعليق 'الشول' (قربة الماء المصنوعة من الجلد) لتبريد الماء.
مثال: علق القربة فوق البلاليط عشان تبرد.
الوسوم: tools، history، water، cooling
ملاحظة: تختلف عن أكلة 'البلاليط' الخليجية المشهورة."
93,بَطَّال,بطال,baTTal,بطل,Adjective,descriptor,سيئ / بذيء / رديء,صفة تطلق على الشخص ذو الخلق السيئ أو على الشيء غير الصالح للاستخدام.,general,"[""خايس"", ""شين""]",[],,قاموس اللهجة الحضرمية - فهد بن هلابي - ص 21,"[{""f"": ""لا تشترِ تلك السيارة، محركها سيئ جداً."", ""h"": ""لا تشتري ذاك الموتر، مكينته بطالة.""}]",[],"[""behavior"", ""adjectives"", ""bad""]","الكلمة: بَطَّال (بطال)
الجذر: بطل
الفصحى: سيئ / بذيء / رديء
المعنى: صفة تطلق على الشخص ذو الخلق السيئ أو على الشيء غير الصالح للاستخدام.
المرادفات: خايس، شين
مثال: لا تشتري ذاك الموتر، مكينته بطالة.
الوسوم: behavior، adjectives، bad"
94,بَازَار,بازار,bazar,بزر,Noun,place,السوق / المتجر,كلمة تطلق على السوق أو المكان الذي تباع فيه البضائع المختلفة.,general,"[""سوق""]",[],كلمة من أصل فارسي شاعت قديماً في المناطق التجارية الساحلية.,قاموس اللهجة الحضرمية - فهد بن هلابي - ص 21,"[{""f"": ""السوق اليوم مزدحم جداً بسبب اقتراب العيد."", ""h"": ""البازار اليوم زحمة عشان العيد.""}]",[],"[""daily life"", ""economy"", ""market""]","الكلمة: بَازَار (بازار)
الجذر: بزر
الفصحى: السوق / المتجر
المعنى: كلمة تطلق على السوق أو المكان الذي تباع فيه البضائع المختلفة.
المرادفات: سوق
مثال: البازار اليوم زحمة عشان العيد.
الوسوم: daily life، economy، market
ملاحظة: كلمة من أصل فارسي شاعت قديماً في المناطق التجارية الساحلية."
95,بَرْدَلُو,البردلو,bardalu,بردل,Noun,object,قماش المخمل,نوع فاخر من القماش يتميز بملمسه الناعم والوبري، يُستخدم غالباً في الملابس النسائية التقليدية.,general,"[""مخمل""]",[],,قاموس اللهجة الحضرمية - فهد بن هلابي - ص 21,"[{""f"": ""ثوب نسائي مصنوع من قماش المخمل الأصلي."", ""h"": ""درع من بردلو أصلي.""}]",[],"[""clothing"", ""daily life""]","الكلمة: بَرْدَلُو (البردلو)
الجذر: بردل
الفصحى: قماش المخمل
المعنى: نوع فاخر من القماش يتميز بملمسه الناعم والوبري، يُستخدم غالباً في الملابس النسائية التقليدية.
المرادفات: مخمل
مثال: درع من بردلو أصلي.
الوسوم: clothing، daily life"
96,بَابُور,البابور,babur,ببر,Noun,object,موقد بخاري / غلاية شاهي,موقد نحاسي يعمل بالجمر أو الوقود، يستخدم لتسخين الماء لعمل الشاي أو طبخ الطعام الخفيف.,general,"[""موقد"", ""سموار""]",[],تستخدم أيضاً في بعض المناطق بمعنى 'السيارة' أو 'الباخرة'، لكن في هذا السياق تعني الموقد.,قاموس اللهجة الحضرمية - فهد بن هلابي - ص 21,"[{""f"": ""الشاي المحضر على الموقد النحاسي له طعم مميز."", ""h"": ""شاهي البابور ماله طعم ثاني.""}]",[],"[""kitchenware"", ""daily life""]","الكلمة: بَابُور (البابور)
الجذر: ببر
الفصحى: موقد بخاري / غلاية شاهي
المعنى: موقد نحاسي يعمل بالجمر أو الوقود، يستخدم لتسخين الماء لعمل الشاي أو طبخ الطعام الخفيف.
المرادفات: موقد، سموار
مثال: شاهي البابور ماله طعم ثاني.
الوسوم: kitchenware، daily life
ملاحظة: تستخدم أيضاً في بعض المناطق بمعنى 'السيارة' أو 'الباخرة'، لكن في هذا السياق تعني الموقد."
97,بُنَيّة,بنيه,bunayya,بنو,Noun,person,بنت / فتاة صغيرة,تصغير لكلمة 'بنت'، وتستخدم للتحبب أو للإشارة للطفلة الفتاة.,general,"[""طفلة""]",[],تنطق بتشديد الياء.,قاموس اللهجة الحضرمية - فهد بن هلابي - ص 21,"[{""f"": ""أيتها الطفلة، اذهبي إلى والدتك."", ""h"": ""يا بنية روحي عند أمك.""}]",[],"[""people"", ""family"", ""child""]","الكلمة: بُنَيّة (بنيه)
الجذر: بنو
الفصحى: بنت / فتاة صغيرة
المعنى: تصغير لكلمة 'بنت'، وتستخدم للتحبب أو للإشارة للطفلة الفتاة.
المرادفات: طفلة
مثال: يا بنية روحي عند أمك.
الوسوم: people، family، child
ملاحظة: تنطق بتشديد الياء."
98,بُقْعَة,بقعه,buq3ah,بقع,Noun,place,قطعة أرض / مكان,تطلق على مساحة محددة من الأرض مخصصة للبناء أو الزراعة، وتأتي أحياناً بمعنى 'المكان' بصفة عامة.,general,"[""موضع"", ""محل""]",[],,قاموس اللهجة الحضرمية - فهد بن هلابي - ص 21,"[{""f"": ""بنى منزلاً في مكان جميل."", ""h"": ""بنى بيت في بقعة زينة.""}]",[],"[""nature"", ""daily life"", ""land""]","الكلمة: بُقْعَة (بقعه)
الجذر: بقع
الفصحى: قطعة أرض / مكان
المعنى: تطلق على مساحة محددة من الأرض مخصصة للبناء أو الزراعة، وتأتي أحياناً بمعنى 'المكان' بصفة عامة.
المرادفات: موضع، محل
مثال: بنى بيت في بقعة زينة.
الوسوم: nature، daily life، land"
99,بقعه,بقعه,bq3h,بقع,Noun,place,الدنيا / الحال / الأوضاع,تستخدم بمعنى الدنيا أو الأحوال المعيشية، وتستخدم بكثرة في الساحل والوادي كجملة ترحيبية للسؤال عن الحال.,general,"[""الدنيا"", ""الحال"", ""الأمور""]",[],بفتح الباء يستخدم غالباً في العبارة الترحيبية 'كيف بقعة؟' بمعنى 'كيف حالك؟' أو 'كيف الدنيا معك؟'.,قاموس اللهجة الحضرمية - فهد بن هلابي - ص 21,"[{""f"": ""كيف حالك؟ أو كيف الأوضاع معك؟"", ""h"": ""كيف بقعه؟""}]",[],"[""daily life"", ""social customs"", ""greetings""]","الكلمة: بقعه
الجذر: بقع
الفصحى: الدنيا / الحال / الأوضاع
المعنى: تستخدم بمعنى الدنيا أو الأحوال المعيشية، وتستخدم بكثرة في الساحل والوادي كجملة ترحيبية للسؤال عن الحال.
المرادفات: الدنيا، الحال، الأمور
مثال: كيف بقعه؟
الوسوم: daily life، social customs، greetings
ملاحظة: بفتح الباء يستخدم غالباً في العبارة الترحيبية 'كيف بقعة؟' بمعنى 'كيف حالك؟' أو 'كيف الدنيا معك؟'."
100,بُوَيْن,البوين,buwayn,بون,Noun,object,باب أمني ضخم,باب داخلي كبير وثقيل في البيوت الحضرمية القديمة (ناطحات السحاب الطينية)، يوضع بين الأدوار كحاجز أمني لفصل الطوابق العليا عن السفلى.,general,[],[],تصغير لكلمة 'بون' أو 'باب'.,قاموس اللهجة الحضرمية - فهد بن هلابي - ص 22,"[{""f"": ""أغلق الباب الأمني الفاصل بين الطوابق قبل النوم."", ""h"": ""قفل البوين قبل ما تنام.""}]",[],"[""architecture"", ""safety"", ""history""]","الكلمة: بُوَيْن (البوين)
الجذر: بون
الفصحى: باب أمني ضخم
المعنى: باب داخلي كبير وثقيل في البيوت الحضرمية القديمة (ناطحات السحاب الطينية)، يوضع بين الأدوار كحاجز أمني لفصل الطوابق العليا عن السفلى.
مثال: قفل البوين قبل ما تنام.
الوسوم: architecture، safety، history
ملاحظة: تصغير لكلمة 'بون' أو 'باب'."
101,بزغ,بزغ,bzgh,بزغ,Noun,object,أقراط / حلي الأذن,نوع من أنواع الحلي التي تلبسها النساء في الأذن (أقراط).,general,"[""خُرص"", ""شغاب""]",[],,قاموس اللهجة الحضرمية - فهد بن هلابي - ص 22,"[{""f"": ""اشترت لنفسها أقراطاً جديدة."", ""h"": ""شرت لها بزغ جديد.""}]",[],"[""daily life"", ""clothing"", ""earrings""]","الكلمة: بزغ
الجذر: بزغ
الفصحى: أقراط / حلي الأذن
المعنى: نوع من أنواع الحلي التي تلبسها النساء في الأذن (أقراط).
المرادفات: خُرص، شغاب
مثال: شرت لها بزغ جديد.
الوسوم: daily life، clothing، earrings"
102,بِيل,البيل,byl,بيل,Noun,object,فاتورة الماء او الكهرباء,كلمة مستخدمة للإشارة إلى فاتورة الخدمات مثل الماء أو الكهرباء (أصلها إنجليزي Bill).,general,"[""حساب""]",[],تستخدم بكثرة في المناطق الحضرية.,قاموس اللهجة الحضرمية - فهد بن هلابي - ص 22,"[{""f"": ""هل سددت فاتورة الكهرباء؟"", ""h"": ""سددت بيل الكهرباء؟""}]",[],"[""daily life"", ""economics"", ""electricity""]","الكلمة: بِيل (البيل)
الجذر: بيل
الفصحى: فاتورة الماء او الكهرباء
المعنى: كلمة مستخدمة للإشارة إلى فاتورة الخدمات مثل الماء أو الكهرباء (أصلها إنجليزي Bill).
المرادفات: حساب
مثال: سددت بيل الكهرباء؟
الوسوم: daily life، economics، electricity
ملاحظة: تستخدم بكثرة في المناطق الحضرية."
103,بَدَعِيْدَع,بدعيدع,bd3yd3,دعع,Noun,object,طائر البجع أو مالك الحزين,طائر مائي يتميز بمنقاره الطويل ووجود كيس في حلقه، لونه يميل للبني مع البياض.,coast,[],[],,قاموس اللهجة الحضرمية - فهد بن هلابي - ص 22,"[{""f"": ""طائر البحر."", ""h"": ""بدعيدع البحر.""}]",[],"[""nature"", ""birds""]","الكلمة: بَدَعِيْدَع (بدعيدع)
الجذر: دعع
الفصحى: طائر البجع أو مالك الحزين
المعنى: طائر مائي يتميز بمنقاره الطويل ووجود كيس في حلقه، لونه يميل للبني مع البياض.
مثال: بدعيدع البحر.
الوسوم: nature، birds"
104,بعد,بعد,b3d,بعد,Verb,action,أَبْعِد / نَحِّ,فعل أمر بمعنى أزح الشيء من مكانه أو ابعده.,general,"[""وخّر"", ""زحّ""]",[],بكسر الباء  'بعد الرزق من طريق الرزق' بمعنى 'أبعد الرزق عن طريق الرزق'.,قاموس اللهجة الحضرمية - فهد بن هلابي - ص 22,"[{""f"": ""أبعد من طريق العيش."", ""h"": ""بعد من طريق العيش.""}]","[""بعد الرزق من طريق الرزق""]","[""daily life"", ""verbs"", ""distance""]","الكلمة: بعد
الجذر: بعد
الفصحى: أَبْعِد / نَحِّ
المعنى: فعل أمر بمعنى أزح الشيء من مكانه أو ابعده.
المرادفات: وخّر، زحّ
مثال: بعد من طريق العيش.
الوسوم: daily life، verbs، distance
ملاحظة: بكسر الباء  'بعد الرزق من طريق الرزق' بمعنى 'أبعد الرزق عن طريق الرزق'."
105,بَغَى,بغى,bgha,بغي,Verb,action,أراد / رغب,كلمة محورية في اللهجة بمعنى الإرادة، ويشتق منها: بغيت (أردت)، وبغاها (أرادها).,general,"[""راد"", ""تبا""]","[""يبغى"", ""يبي""]",من أكثر الكلمات استخداماً في حضرموت.,قاموس اللهجة الحضرمية - فهد بن هلابي - ص 22,"[{""f"": ""ماذا أردت من السوق؟"", ""h"": ""وش بغيت من السوق؟""}]",[],"[""daily life"", ""verbs"", ""want""]","الكلمة: بَغَى (بغى)
الجذر: بغي
الفصحى: أراد / رغب
المعنى: كلمة محورية في اللهجة بمعنى الإرادة، ويشتق منها: بغيت (أردت)، وبغاها (أرادها).
المرادفات: راد، تبا
مثال: وش بغيت من السوق؟
الوسوم: daily life، verbs، want
ملاحظة: من أكثر الكلمات استخداماً في حضرموت."
106,بَيْسَة,بيسه,bysh,بيس,Noun,object,عملة نقدية قديمة,عملة معدنية كانت تستخدم قديماً مصنوعة من الصفر، وهي قيمة نقدية بسيطة أقل من العانة.,general,[],[],تستخدم حالياً مجازاً للإشارة إلى الفقر أو قلة المال.,قاموس اللهجة الحضرمية - فهد بن هلابي - ص 22,"[{""f"": ""لا أملك ولا قرشاً واحداً."", ""h"": ""ما معي ولا بيسة.""}]",[],"[""history"", ""economics"", ""money""]","الكلمة: بَيْسَة (بيسه)
الجذر: بيس
الفصحى: عملة نقدية قديمة
المعنى: عملة معدنية كانت تستخدم قديماً مصنوعة من الصفر، وهي قيمة نقدية بسيطة أقل من العانة.
مثال: ما معي ولا بيسة.
الوسوم: history، economics، money
ملاحظة: تستخدم حالياً مجازاً للإشارة إلى الفقر أو قلة المال."
107,بَتّ,بت,bt,بتت,Verb,action,ذهب / انصرف,بمعنى ذهب وغادر المكان.,general,"[""سار"", ""راح""]",[],,قاموس اللهجة الحضرمية - فهد بن هلابي - ص 22,"[{""f"": ""جاء مثل اليوم الذي ذهب فيه (يضرب لمن لم يتغير حاله)."", ""h"": ""جاء كما يوم بت.""}]","[""جاء كما يوم بت""]","[""daily life"", ""verbs"", ""go""]","الكلمة: بَتّ (بت)
الجذر: بتت
الفصحى: ذهب / انصرف
المعنى: بمعنى ذهب وغادر المكان.
المرادفات: سار، راح
مثال: جاء كما يوم بت.
الوسوم: daily life، verbs، go"
108,بَرَع,برع,br3,برع,Adverb,descriptor,خارجاً,تستخدم للإشارة إلى الخارج، ويقال 'برع الدار' أي خارج المنزل.,general,"[""خارج"", ""خارج المنزل""]",[],,قاموس اللهجة الحضرمية - فهد بن هلابي - ص 22,"[{""f"": ""اخرج إلى الخارج."", ""h"": ""اخرج برع.""}]",[],"[""daily life"", ""directions"", ""outside""]","الكلمة: بَرَع (برع)
الجذر: برع
الفصحى: خارجاً
المعنى: تستخدم للإشارة إلى الخارج، ويقال 'برع الدار' أي خارج المنزل.
المرادفات: خارج، خارج المنزل
مثال: اخرج برع.
الوسوم: daily life، directions، outside"
109,تَقْبَع,تقبع,tqb3,قبع,Verb,action,تضرب / تلطم,فعل يعني الضرب، وغالباً ما يقترن بالضرب على الوجه أو العين.,general,"[""تلطم""]",[],,قاموس اللهجة الحضرمية - فهد بن هلابي - ص 23,"[{""f"": ""سوف تضرب في الوجه (أو العين)."", ""h"": ""باتقبع في الناظر.""}]",[],"[""daily life"", ""actions"", ""hit""]","الكلمة: تَقْبَع (تقبع)
الجذر: قبع
الفصحى: تضرب / تلطم
المعنى: فعل يعني الضرب، وغالباً ما يقترن بالضرب على الوجه أو العين.
المرادفات: تلطم
مثال: باتقبع في الناظر.
الوسوم: daily life، actions، hit"
110,تَعْلُومَه,تعلومه,t3lwmh,علم,Noun,object,درس / مادة تعليمية,المذاكرة أو الدرس، وتستخدم في اللهجة الحضرمية للإشارة إلى عملية التعليم أو المذاكرة المدرسية.,general,"[""مذاكرة"", ""دراسة""]",[],كلمة شائعة جداً بين الطلاب للإشارة إلى المذاكرة.,قاموس اللهجة الحضرمية - فهد بن هلابي - ص 22,"[{""f"": ""سأجلس لأراجع درسي."", ""h"": ""باقعد أراجع التعلومه حقي.""}]",[],"[""education"", ""daily life"", ""study""]","الكلمة: تَعْلُومَه (تعلومه)
الجذر: علم
الفصحى: درس / مادة تعليمية
المعنى: المذاكرة أو الدرس، وتستخدم في اللهجة الحضرمية للإشارة إلى عملية التعليم أو المذاكرة المدرسية.
المرادفات: مذاكرة، دراسة
مثال: باقعد أراجع التعلومه حقي.
الوسوم: education، daily life، study
ملاحظة: كلمة شائعة جداً بين الطلاب للإشارة إلى المذاكرة."
111,تَخْلَع,تخلع,tkhl3,خلع,Verb,action,تزرع / تغرس,فعل يستخدم في الزراعة بمعنى غرس الشتلات أو الزرع.,rural,"[""تغرس""]",[],,قاموس اللهجة الحضرمية - فهد بن هلابي - ص 23,"[{""f"": ""ابنِ (عماراً) ولا تزرع (كناية عن ثبات العقار مقابل الزرع)."", ""h"": ""إبنِ ولا تخلع.""}]","[""إبن ولا تخلع""]","[""agriculture""]","الكلمة: تَخْلَع (تخلع)
الجذر: خلع
الفصحى: تزرع / تغرس
المعنى: فعل يستخدم في الزراعة بمعنى غرس الشتلات أو الزرع.
المرادفات: تغرس
مثال: إبنِ ولا تخلع.
الوسوم: agriculture"
112,التَّخّ,التخ,altkh,تخخ,Noun,object,ثفل السمسم,ما يتبقى من السمسم بعد عصره واستخراج الزيت (السليط) منه.,general,[],[],يستخدم عادةً كعلف للحيوانات.,قاموس اللهجة الحضرمية - فهد بن هلابي - ص 23,"[{""f"": ""جمل يعصر السمسم وجمل آخر يأكل البقايا (يضرب لمن يتعب وغيره يحصد الثمرة)."", ""h"": ""بعير يعصر وبعير يأكل التخ.""}]","[""بعير يعصر وبعير يأكل التخ""]","[""agriculture"", ""daily life"", ""oil""]","الكلمة: التَّخّ (التخ)
الجذر: تخخ
الفصحى: ثفل السمسم
المعنى: ما يتبقى من السمسم بعد عصره واستخراج الزيت (السليط) منه.
مثال: بعير يعصر وبعير يأكل التخ.
الوسوم: agriculture، daily life، oil
ملاحظة: يستخدم عادةً كعلف للحيوانات."
113,تِبِتّ,تبت,tbt,بتت,Verb,action,تذهب / تمضي,صيغة المضارع من 'بت'، بمعنى تذهب.,general,[],[],,قاموس اللهجة الحضرمية - فهد بن هلابي - ص 23,"[{""f"": ""أين ستذهب؟"", ""h"": ""وين باتبت؟""}]",[],"[""daily life"", ""verbs"", ""go""]","الكلمة: تِبِتّ (تبت)
الجذر: بتت
الفصحى: تذهب / تمضي
المعنى: صيغة المضارع من 'بت'، بمعنى تذهب.
مثال: وين باتبت؟
الوسوم: daily life، verbs، go"
114,تخب,تخبى,tkhb,خبأ,Verb,action,استتر / اختبأ,فعل بمعنى التواري عن الأنظار.,general,"[""تغبى"", ""تخبى""]",[],,قاموس اللهجة الحضرمية - فهد بن هلابي - ص 23,"[{""f"": ""اختبأ خلف الجدار."", ""h"": ""تخبى وراء اليدار.""}]",[],"[""daily life"", ""actions"", ""hide""]","الكلمة: تخب (تخبى)
الجذر: خبأ
الفصحى: استتر / اختبأ
المعنى: فعل بمعنى التواري عن الأنظار.
المرادفات: تغبى، تخبى
مثال: تخبى وراء اليدار.
الوسوم: daily life، actions، hide"
115,تَرَيَّض,تريض,tryD,روض,Verb,action,تمهّل / تأنَّ,فعل أمر يدعو للتمهل وعدم الاستعجال.,general,"[""تأنى"", ""اهجد""]",[],الرياضة في اللهجة تعني التأني وليس التمارين البدنية.,قاموس اللهجة الحضرمية - فهد بن هلابي - ص 23,"[{""f"": ""تمهل لاتسقط."", ""h"": ""تريض لاتتعنكر.""}]","[""تريض يا جرد لا تعنكر لك سقاية""]","[""daily life"", ""values"", ""relax""]","الكلمة: تَرَيَّض (تريض)
الجذر: روض
الفصحى: تمهّل / تأنَّ
المعنى: فعل أمر يدعو للتمهل وعدم الاستعجال.
المرادفات: تأنى، اهجد
مثال: تريض لاتتعنكر.
الوسوم: daily life، values، relax
ملاحظة: الرياضة في اللهجة تعني التأني وليس التمارين البدنية."
116,تَرَاشَخُوا,تراشخوا,trashkhwa,رشخ,Verb,action,تضاربوا / تنازعوا,فعل يعني التضارب أو الشجار، وكثيراً ما يُستخدم للإشارة إلى السجال اللفظي أو الشعري (الكلمات القاسية).,general,"[""تطاحنوا"", ""تهادوا""]",[],يُستخدم غالباً في السياق الأدبي لوصف السجال الكلامي الذي لا يُسفك فيه دم.,قاموس اللهجة الحضرمية - فهد بن هلابي - ص 23,"[{""f"": ""تنازعوا بالكلام."", ""h"": ""تراشخوا بالكلام.""}, {""f"": ""تضاربوا بالعصي."", ""h"": ""تراشخوا بالعصي.""}]","[""تراشخوا بالكوافي لأن ما يظهرن دم""]","[""daily life"", ""literature"", ""verbs"", ""fight""]","الكلمة: تَرَاشَخُوا (تراشخوا)
الجذر: رشخ
الفصحى: تضاربوا / تنازعوا
المعنى: فعل يعني التضارب أو الشجار، وكثيراً ما يُستخدم للإشارة إلى السجال اللفظي أو الشعري (الكلمات القاسية).
المرادفات: تطاحنوا، تهادوا
مثال: تراشخوا بالكلام.
الوسوم: daily life، literature، verbs، fight
ملاحظة: يُستخدم غالباً في السياق الأدبي لوصف السجال الكلامي الذي لا يُسفك فيه دم."
117,تِحَاذَر,تحاذر,tHadhr,حذر,Verb,emotion,تخجل / تستحي,بمعنى الشعور بالخجل أو الحياء من فعل شيء ما.,general,"[""تستحي""]",[],,قاموس اللهجة الحضرمية - فهد بن هلابي - ص 23,"[{""f"": ""تستحي منك."", ""h"": ""تحاذر منك.""}]","[""تحاذر الجمل وتظهر عالجمال""]","[""daily life"", ""emotions""]","الكلمة: تِحَاذَر (تحاذر)
الجذر: حذر
الفصحى: تخجل / تستحي
المعنى: بمعنى الشعور بالخجل أو الحياء من فعل شيء ما.
المرادفات: تستحي
مثال: تحاذر منك.
الوسوم: daily life، emotions"
118,تَرْكَمَة,تركمه,trkmh,ركم,Noun,object,علامة / أثر,علامة بارزة أو أثر واضح يدل على شيء ما.,general,[],[],,قاموس اللهجة الحضرمية - فهد بن هلابي - ص 23,"[{""f"": ""علامة عليك."", ""h"": ""تركمه عليك.""}]",[],"[""daily life"", ""mark""]","الكلمة: تَرْكَمَة (تركمه)
الجذر: ركم
الفصحى: علامة / أثر
المعنى: علامة بارزة أو أثر واضح يدل على شيء ما.
مثال: تركمه عليك.
الوسوم: daily life، mark"
119,أَخْتِم,اختم,akhtm,ختم,Verb,action,تَسُدّ / تُغْلِق,فعل بمعنى السد أو الإغلاق، وتُستخدم للإشارة إلى إحكام إغلاق الشيء.,general,"[""تسكّر"", ""تقفل""]",[],تستخدم في السياقات المادية (سد شيء) والمجازية (كتم الصوت أو التوقف عن الكلام).,قاموس اللهجة الحضرمية - فهد بن هلابي - ص 23,"[{""f"": ""يا حاكم عبرت، سأغلق (أسد) على حنجرتي."", ""h"": ""يا باحكم عبرت باختم علي الحنجرة""}]",[],"[""daily life"", ""verbs"", ""literature""]","الكلمة: أَخْتِم (اختم)
الجذر: ختم
الفصحى: تَسُدّ / تُغْلِق
المعنى: فعل بمعنى السد أو الإغلاق، وتُستخدم للإشارة إلى إحكام إغلاق الشيء.
المرادفات: تسكّر، تقفل
مثال: يا باحكم عبرت باختم علي الحنجرة
الوسوم: daily life، verbs، literature
ملاحظة: تستخدم في السياقات المادية (سد شيء) والمجازية (كتم الصوت أو التوقف عن الكلام)."
120,تَادِيَه,تاديه,tadyh,أذي,Verb,action,تؤلمه / تؤذيه,فعل يستخدم لوصف الألم العضوي.,general,"[""توجعه""]","[""تأذيه""]",,قاموس اللهجة الحضرمية - فهد بن هلابي - ص 24,"[{""f"": ""ركبته تؤلمه."", ""h"": ""ركبته تاديه.""}]",[],"[""daily life"", ""health"", ""pain""]","الكلمة: تَادِيَه (تاديه)
الجذر: أذي
الفصحى: تؤلمه / تؤذيه
المعنى: فعل يستخدم لوصف الألم العضوي.
المرادفات: توجعه
مثال: ركبته تاديه.
الوسوم: daily life، health، pain"
121,تَعَيَّن,تعين,t3yn,عين,Verb,action,انظر / شاهد,فعل أمر بمعنى النظر والتدقيق في الشيء.,general,"[""بصر"", ""شوف""]",[],تستخدم بتشديد الياء.,قاموس اللهجة الحضرمية - فهد بن هلابي - ص 24,"[{""f"": ""انظر في وجه البقرة قبل أن تحلبها."", ""h"": ""تعين في وجه البقرة قبل تحلبها.""}]","[""لو باتحلب البقرة تعين في وجهها""]","[""daily life"", ""verbs"", ""good""]","الكلمة: تَعَيَّن (تعين)
الجذر: عين
الفصحى: انظر / شاهد
المعنى: فعل أمر بمعنى النظر والتدقيق في الشيء.
المرادفات: بصر، شوف
مثال: تعين في وجه البقرة قبل تحلبها.
الوسوم: daily life، verbs، good
ملاحظة: تستخدم بتشديد الياء."
122,تَمَام,تمام,tmam,تمم,Expression,expression,حسناً / على ما يرام,تستخدم للموافقة أو لتأكيد أن الأمور تسير بشكل جيد.,general,"[""زين""]",[],,قاموس اللهجة الحضرمية - فهد بن هلابي - ص 24,"[{""f"": ""كل شيء على ما يرام."", ""h"": ""كل شي تمام.""}]",[],"[""daily life"", ""daily phrases"", ""good""]","الكلمة: تَمَام (تمام)
الجذر: تمم
الفصحى: حسناً / على ما يرام
المعنى: تستخدم للموافقة أو لتأكيد أن الأمور تسير بشكل جيد.
المرادفات: زين
مثال: كل شي تمام.
الوسوم: daily life، daily phrases، good"
123,تَان,تان,tan,أتن,Noun,object,أتان / أنثى الحمار,أنثى الحمار، وتنطق في اللهجة بحذف الهمزة في بدايتها.,general,[],[],,قاموس اللهجة الحضرمية - فهد بن هلابي - ص 24,"[{""f"": ""أنثى الحمار."", ""h"": ""تان الحمار.""}]",[],"[""nature"", ""animals"", ""horse""]","الكلمة: تَان (تان)
الجذر: أتن
الفصحى: أتان / أنثى الحمار
المعنى: أنثى الحمار، وتنطق في اللهجة بحذف الهمزة في بدايتها.
مثال: تان الحمار.
الوسوم: nature، animals، horse"
124,تَغَبَّى,تغبى,tghba,غبي,Verb,action,اختفى / توارى,بمعنى الاختباء، والمتغبي هو الشخص المتواري عن الأنظار.,general,"[""تخبى""]",[],تستخدم عند أهل البادية بكثرة.,قاموس اللهجة الحضرمية - فهد بن هلابي - ص 24,"[{""f"": ""اختفى خلف الجدار."", ""h"": ""تغبى وراء اليدار.""}]",[],"[""daily life"", ""hide""]","الكلمة: تَغَبَّى (تغبى)
الجذر: غبي
الفصحى: اختفى / توارى
المعنى: بمعنى الاختباء، والمتغبي هو الشخص المتواري عن الأنظار.
المرادفات: تخبى
مثال: تغبى وراء اليدار.
الوسوم: daily life، hide
ملاحظة: تستخدم عند أهل البادية بكثرة."
125,تبا,تبا,tba,بغي,Verb,action,تريد / ترغب,فعل مضارع بمعنى 'تريد' أو 'ترغب'، وهي صيغة دارجة جداً ومستخدمة بكثرة في لهجة أهل البادية في حضرموت.,bedouin/rural,"[""تبي"", ""تشتي""]","[""تبي"", ""تُبْغَى""]",تستخدم بكثرة في سياق الاستفهام أو التخيير.,قاموس اللهجة الحضرمية - فهد بن هلابي - ص 24,"[{""f"": ""هل تريد الذهاب إلى السوق؟"", ""h"": ""أنت تبا تروح السوق؟""}]",[],"[""daily life"", ""bedouin"", ""verbs"", ""go""]","الكلمة: تبا
الجذر: بغي
الفصحى: تريد / ترغب
المعنى: فعل مضارع بمعنى 'تريد' أو 'ترغب'، وهي صيغة دارجة جداً ومستخدمة بكثرة في لهجة أهل البادية في حضرموت.
المرادفات: تبي، تشتي
مثال: أنت تبا تروح السوق؟
الوسوم: daily life، bedouin، verbs، go
ملاحظة: تستخدم بكثرة في سياق الاستفهام أو التخيير."
126,تِغْلِب,تغلب,tghlb,غلب,Verb,action,ترفض / ترفض الإذعان,فعل بمعنى الرفض والممانعة أو عدم القبول.,general,"[""ترفض"", ""تمانع"", ""تفسح""]",[],تستخدم كثيراً في سياق عدم قبول الرأي أو الأمر.,قاموس اللهجة الحضرمية - فهد بن هلابي - ص 25,"[{""f"": ""لماذا ترفض طلبي؟"", ""h"": ""ليش تغلب على طلبي؟""}]",[],"[""daily life"", ""verbs""]","الكلمة: تِغْلِب (تغلب)
الجذر: غلب
الفصحى: ترفض / ترفض الإذعان
المعنى: فعل بمعنى الرفض والممانعة أو عدم القبول.
المرادفات: ترفض، تمانع، تفسح
مثال: ليش تغلب على طلبي؟
الوسوم: daily life، verbs
ملاحظة: تستخدم كثيراً في سياق عدم قبول الرأي أو الأمر."
127,تَفْسَح,تفسح,tfsH,فسح,Verb,action,تتمادى / تتوسع (في السياق المذكور),فعل يأتي بمعنى التمادي أو الرفض (كفعل نهي عن الانكفاف)، وفي سياق البيت المذكور تشير إلى التوسع أو التمادي في فعل شيء.,general,"[""تتمادي"", ""تتوسع"", ""تفسح""]",[],في البيت الشعري: 'تحل وتتنعم وتفسح في المصايب والذنوب'، جاءت بمعنى التمادي أو التوسع في ارتكاب المعاصي.,قاموس اللهجة الحضرمية - فهد بن هلابي - ص 25,"[{""f"": ""تستحل وتتنعم وتتمادى (تتوسع) في المصائب والذنوب."", ""h"": ""تحل وتتنعم وتفسح في المصايب والذنوب""}]","[""تحل وتتنعم وتفسح في المصايب والذنوب""]","[""literature"", ""daily life"", ""verbs""]","الكلمة: تَفْسَح (تفسح)
الجذر: فسح
الفصحى: تتمادى / تتوسع (في السياق المذكور)
المعنى: فعل يأتي بمعنى التمادي أو الرفض (كفعل نهي عن الانكفاف)، وفي سياق البيت المذكور تشير إلى التوسع أو التمادي في فعل شيء.
المرادفات: تتمادي، تتوسع، تفسح
مثال: تحل وتتنعم وتفسح في المصايب والذنوب
الوسوم: literature، daily life، verbs
ملاحظة: في البيت الشعري: 'تحل وتتنعم وتفسح في المصايب والذنوب'، جاءت بمعنى التمادي أو التوسع في ارتكاب المعاصي."
128,التبل,التبل,altbl,تبل,Noun,object,تِبْن,بقايا سيقان القمح (البر) بعد درسها وتكسيرها، وتستخدم كعلف.,general,"[""تبن""]",[],,قاموس اللهجة الحضرمية - فهد بن هلابي - ص 25,"[{""f"": ""التبن موجود في الأرض."", ""h"": ""التبل موجود في الأرض.""}]",[],"[""agriculture"", ""wheat"", ""ground""]","الكلمة: التبل
الجذر: تبل
الفصحى: تِبْن
المعنى: بقايا سيقان القمح (البر) بعد درسها وتكسيرها، وتستخدم كعلف.
المرادفات: تبن
مثال: التبل موجود في الأرض.
الوسوم: agriculture، wheat، ground"
129,تَيَاسِير,تياسير,tyasyr,يسر,Noun,object,مستوى النوافذ في البناء,مصطلح معماري يشير إلى المرحلة التي يصل فيها البناء إلى مستوى وضع الشبابيك (النوافذ).,general,[],[],,قاموس اللهجة الحضرمية - فهد بن هلابي - ص 25,"[{""f"": ""مستوى النوافذ في البناء."", ""h"": ""تياسير البناء.""}]",[],"[""daily life"", ""architecture"", ""window""]","الكلمة: تَيَاسِير (تياسير)
الجذر: يسر
الفصحى: مستوى النوافذ في البناء
المعنى: مصطلح معماري يشير إلى المرحلة التي يصل فيها البناء إلى مستوى وضع الشبابيك (النوافذ).
مثال: تياسير البناء.
الوسوم: daily life، architecture، window"
130,تِعَاشِي,تعاشي,t3ashy,عشو,Verb,action,توبخ / تصيح بحدة,فعل يعني رفع الصوت بالتوبيخ أو الزجر.,general,"[""تزجر""]",[],,قاموس اللهجة الحضرمية - فهد بن هلابي - ص 25,"[{""f"": ""لماذا توبخ الولد."", ""h"": ""ليش تعاشي الولد.""}]",[],"[""daily life"", ""actions"", ""shout""]","الكلمة: تِعَاشِي (تعاشي)
الجذر: عشو
الفصحى: توبخ / تصيح بحدة
المعنى: فعل يعني رفع الصوت بالتوبيخ أو الزجر.
المرادفات: تزجر
مثال: ليش تعاشي الولد.
الوسوم: daily life، actions، shout"
131,تَايِر,تاير,tayr,تاير,Noun,object,إطار السيارة,العجلة المطاطية للسيارة (مأخوذة من الإنجليزية Tyre).,general,"[""كفر""]",[],,قاموس اللهجة الحضرمية - فهد بن هلابي - ص 25,"[{""f"": ""إطار السيارة."", ""h"": ""تاير السيارة.""}]",[],"[""daily life"", ""transportation"", ""car""]","الكلمة: تَايِر (تاير)
الجذر: تاير
الفصحى: إطار السيارة
المعنى: العجلة المطاطية للسيارة (مأخوذة من الإنجليزية Tyre).
المرادفات: كفر
مثال: تاير السيارة.
الوسوم: daily life، transportation، car"
132,تقي,تقي,tqy,وقي,Verb,action,تفعل / تصنع,بمعنى الفعل أو الصنع، يقال 'ليش تقّي كذا؟' أي لماذا تفعل هذا؟.,general,"[""تفعل"", ""تسوي""]",[],تنطق بفتح التاء وتشديد القاف.,قاموس اللهجة الحضرمية - فهد بن هلابي - ص 25,"[{""f"": ""لماذا تفعل هكذا؟"", ""h"": ""ليش تقّي كذا؟""}]",[],"[""daily life"", ""verbs""]","الكلمة: تقي
الجذر: وقي
الفصحى: تفعل / تصنع
المعنى: بمعنى الفعل أو الصنع، يقال 'ليش تقّي كذا؟' أي لماذا تفعل هذا؟.
المرادفات: تفعل، تسوي
مثال: ليش تقّي كذا؟
الوسوم: daily life، verbs
ملاحظة: تنطق بفتح التاء وتشديد القاف."
133,تِفَال,تفال,tfal,تفل,Noun,object,سفرة خوص,سفرة طعام مستديرة تُصنع من سعف النخيل، وتتميز بحواجز جانبية بسيطة.,general,"[""سفرة""]",[],تنطق بكسر التاء.,قاموس اللهجة الحضرمية - فهد بن هلابي - ص 25,"[{""f"": ""جيب سفره الاكل معك."", ""h"": ""جيب التفال معك.""}]",[],"[""daily life"", ""tools"", ""plate""]","الكلمة: تِفَال (تفال)
الجذر: تفل
الفصحى: سفرة خوص
المعنى: سفرة طعام مستديرة تُصنع من سعف النخيل، وتتميز بحواجز جانبية بسيطة.
المرادفات: سفرة
مثال: جيب التفال معك.
الوسوم: daily life، tools، plate
ملاحظة: تنطق بكسر التاء."
134,تَوْلَة,توله,twlh,تول,Noun,object,مثقال,وحدة وزن تقليدية تستخدم لوزن المعادن الثمينة كالذهب والفضة والعود.,general,[],[],,قاموس اللهجة الحضرمية - فهد بن هلابي - ص 26,"[{""f"": ""مثقال الذهب."", ""h"": ""توله الذهب.""}]",[],"[""daily life"", ""economics"", ""gold""]","الكلمة: تَوْلَة (توله)
الجذر: تول
الفصحى: مثقال
المعنى: وحدة وزن تقليدية تستخدم لوزن المعادن الثمينة كالذهب والفضة والعود.
مثال: توله الذهب.
الوسوم: daily life، economics، gold"
135,تِصُول,تصول,tSwl,صول,Verb,time,تمتلئ بالماء,تجمع مياه الأمطار في الأرض حتى تصبح مغمورة.,general,[],[],,قاموس اللهجة الحضرمية - فهد بن هلابي - ص 26,"[{""f"": ""تمتلئ الأرض بالماء."", ""h"": ""تصول الماء في الأرض.""}]",[],"[""nature"", ""weather"", ""water""]","الكلمة: تِصُول (تصول)
الجذر: صول
الفصحى: تمتلئ بالماء
المعنى: تجمع مياه الأمطار في الأرض حتى تصبح مغمورة.
مثال: تصول الماء في الأرض.
الوسوم: nature، weather، water"
136,تِهَاد,تهاد,thad,هدد,Verb,action,يتعاركون / يتضاربون,فعل يعني التشاجر بالأيدي (المضاربة)، والهده هي العراك.,general,"[""يتضاربون""]",[],بكسر التاء وفتح الهاء.,قاموس اللهجة الحضرمية - فهد بن هلابي - ص 26,"[{""f"": ""يتعارك ويصرخ (يضرب لمن يثير الفوضى)."", ""h"": ""يهد ويصيح.""}]","[""يهد ويصيح""]","[""daily life"", ""actions""]","الكلمة: تِهَاد (تهاد)
الجذر: هدد
الفصحى: يتعاركون / يتضاربون
المعنى: فعل يعني التشاجر بالأيدي (المضاربة)، والهده هي العراك.
المرادفات: يتضاربون
مثال: يهد ويصيح.
الوسوم: daily life، actions
ملاحظة: بكسر التاء وفتح الهاء."
137,التِّبْدَاه,التبداه,altbdah,بده,Noun,object,تخفيف الزرع,عملية زراعية يتم فيها إزالة بعض النباتات المتزاحمة لتوفير مساحة كافية للبقية لكي تنمو بسرعة وقوة.,rural,[],[],,قاموس اللهجة الحضرمية - فهد بن هلابي - ص 26,"[{""f"": ""تخفيف الزرع."", ""h"": ""تبداه الزراعة.""}]",[],"[""agriculture"", ""farming""]","الكلمة: التِّبْدَاه (التبداه)
الجذر: بده
الفصحى: تخفيف الزرع
المعنى: عملية زراعية يتم فيها إزالة بعض النباتات المتزاحمة لتوفير مساحة كافية للبقية لكي تنمو بسرعة وقوة.
مثال: تبداه الزراعة.
الوسوم: agriculture، farming"
138,تَوْ,تو,tw,توو,Adverb,time,الآن / للتو,ظرف زمان بمعنى في هذه اللحظة أو قبل قليل جداً.,general,"[""ذحين""]",[],,قاموس اللهجة الحضرمية - فهد بن هلابي - ص 26,"[{""f"": ""هل وصلت الآن؟"", ""h"": ""توك جيت؟""}]",[],"[""daily life"", ""time"", ""now""]","الكلمة: تَوْ (تو)
الجذر: توو
الفصحى: الآن / للتو
المعنى: ظرف زمان بمعنى في هذه اللحظة أو قبل قليل جداً.
المرادفات: ذحين
مثال: توك جيت؟
الوسوم: daily life، time، now"
139,تَوْك,توك,twk,توك,Expression,expression,على مَهلك / براحتك,تعبير يستخدم بمعنى 'على راحتك' أو 'على سيتك'.,general,"[""على سيتك""]",[],,قاموس اللهجة الحضرمية - فهد بن هلابي - ص 26,"[{""f"": ""على راحتك."", ""h"": ""توك على مهلك.""}]",[],"[""daily life"", ""expressions"", ""relax""]","الكلمة: تَوْك (توك)
الجذر: توك
الفصحى: على مَهلك / براحتك
المعنى: تعبير يستخدم بمعنى 'على راحتك' أو 'على سيتك'.
المرادفات: على سيتك
مثال: توك على مهلك.
الوسوم: daily life، expressions، relax"
140,أَتْرِيك,الاتريك,atryk,ترك,Noun,object,فانوس غاز,مصباح قديم يعمل بضغط الهواء والكيروسين (القاز)، يضيء بواسطة شمعة حريرية.,general,"[""تريك""]",[],كان وسيلة الإضاءة الأساسية قبل الكهرباء.,قاموس اللهجة الحضرمية - فهد بن هلابي - ص 26,"[{""f"": ""جيب فانوس غاز معك."", ""h"": "" جيب الاتريك معك.""}]",[],"[""history"", ""tools"", ""gas""]","الكلمة: أَتْرِيك (الاتريك)
الجذر: ترك
الفصحى: فانوس غاز
المعنى: مصباح قديم يعمل بضغط الهواء والكيروسين (القاز)، يضيء بواسطة شمعة حريرية.
المرادفات: تريك
مثال: جيب الاتريك معك.
الوسوم: history، tools، gas
ملاحظة: كان وسيلة الإضاءة الأساسية قبل الكهرباء."
141,التَّصْرِيف,التصريف,altSryf,صرف,Noun,object,تقليم عذوق النخل,عملية إنقاص وقطع عدد من الأخيال (العذوق) قبل استواء الثمر، بقصد تخفيف الحمل عن النخلة لزيادة حجم الثمر المتبقي وإراحة النخلة.,general,[],[],تعتبر من العمليات الزراعية الأساسية لضمان جودة التمور.,قاموس اللهجة الحضرمية - فهد بن هلابي - ص 27,"[{""f"": ""غداً سنذهب للمزرعة من أجل تقليم النخيل."", ""h"": ""بكرة بنسرح للبلاد عشان التصريف.""}, {""f"": ""هذه النخلة تحتاج تقليماً لأن ثمارها كثيرة."", ""h"": ""النخلة هذي محتاجة تصريف لأن حملها ثقيل.""}]",[],"[""agriculture"", ""palm trees""]","الكلمة: التَّصْرِيف (التصريف)
الجذر: صرف
الفصحى: تقليم عذوق النخل
المعنى: عملية إنقاص وقطع عدد من الأخيال (العذوق) قبل استواء الثمر، بقصد تخفيف الحمل عن النخلة لزيادة حجم الثمر المتبقي وإراحة النخلة.
مثال: بكرة بنسرح للبلاد عشان التصريف.
الوسوم: agriculture، palm trees
ملاحظة: تعتبر من العمليات الزراعية الأساسية لضمان جودة التمور."
142,تَمْر مَدْحَق,تمر مدحق,tmr mdHq,دحق,Noun,object,عجينة التمر المهروسة,عجينة التمر بعد نزع النوى (أو بقائه أحياناً)، تهرس باليد أو الرجل بعد تنظيفها، وغالباً ما يُختار لها الأنواع الرديئة من التمر لتخزينها لفترات طويلة.,general,[],[],كانت قديماً وسيلة أساسية لحفظ التمر لسنوات.,قاموس اللهجة الحضرمية - فهد بن هلابي - ص 27,"[{""f"": ""أفطرنا اليوم بعجينة تمر وقهوة."", ""h"": ""فطرنا اليوم بتمر مدحق وقهوة.""}, {""f"": ""أحضر لنا طبقاً من التمر المهروس."", ""h"": ""هات لنا صحن تمر مدحق.""}]",[],"[""food"", ""agriculture"", ""date""]","الكلمة: تَمْر مَدْحَق (تمر مدحق)
الجذر: دحق
الفصحى: عجينة التمر المهروسة
المعنى: عجينة التمر بعد نزع النوى (أو بقائه أحياناً)، تهرس باليد أو الرجل بعد تنظيفها، وغالباً ما يُختار لها الأنواع الرديئة من التمر لتخزينها لفترات طويلة.
مثال: فطرنا اليوم بتمر مدحق وقهوة.
الوسوم: food، agriculture، date
ملاحظة: كانت قديماً وسيلة أساسية لحفظ التمر لسنوات."
143,التَّجْلِيد,التجليد,altjlyd,جلد,Verb,action,لياسة الجدران بالطين,عملية طلاء أو تلبيس جدران البيوت الطينية بطبقة من الطين المخلوط بالرماد أو التبن لحمايتها وتقويتها.,general,"[""تطيين""]",[],تتم هذه العملية دورياً للحفاظ على سلامة البيوت الطينية من الأمطار.,قاموس اللهجة الحضرمية - فهد بن هلابي - ص 27,"[{""f"": ""البيت يحتاج لترميم الجدران بالطين قبل موسم الأمطار."", ""h"": ""الدار محتاجة تجليد قبل موسم المطر.""}]",[],"[""architecture"", ""construction"", ""wall""]","الكلمة: التَّجْلِيد (التجليد)
الجذر: جلد
الفصحى: لياسة الجدران بالطين
المعنى: عملية طلاء أو تلبيس جدران البيوت الطينية بطبقة من الطين المخلوط بالرماد أو التبن لحمايتها وتقويتها.
المرادفات: تطيين
مثال: الدار محتاجة تجليد قبل موسم المطر.
الوسوم: architecture، construction، wall
ملاحظة: تتم هذه العملية دورياً للحفاظ على سلامة البيوت الطينية من الأمطار."
144,تَفْلَة,تفله,tflh,تفل,Noun,object,البصاق,إخراج اللعاب من الفم بقوة.,general,"[""بصاق""]",[],تستخدم الكلمة في سياق الطب الشعبي أحياناً (التفل للقراءة).,قاموس اللهجة الحضرمية - فهد بن هلابي - ص 27,"[{""f"": ""لا تبصق في الطريق."", ""h"": ""لا تتفل في الطريق.""}]",[],"[""daily life"", ""spit""]","الكلمة: تَفْلَة (تفله)
الجذر: تفل
الفصحى: البصاق
المعنى: إخراج اللعاب من الفم بقوة.
المرادفات: بصاق
مثال: لا تتفل في الطريق.
الوسوم: daily life، spit
ملاحظة: تستخدم الكلمة في سياق الطب الشعبي أحياناً (التفل للقراءة)."
145,التِّنَّار,التنار,altnar,تنر,Noun,object,التنور / الفرن الطيني,فرن أسطواني يُصنع من الطين المحروق (الفخار)، يستخدم لخبز أنواع مختلفة من الخبز الحضرمي، ويشعل بواسطة الحطب أو الغاز حديثاً.,general,"[""التنور""]",[],يعتبر خبز التنار الطيني ألذ أنواع الخبز التقليدي في حضرموت.,قاموس اللهجة الحضرمية - فهد بن هلابي - ص 27,"[{""f"": ""أمي تخبز في التنور منذ الصباح."", ""h"": ""الوالدة تخبز في التنار من الصبح.""}, {""f"": ""أحضر حطباً لنشعل الفرن."", ""h"": ""هات حطب عشان نشعل التنار.""}]",[],"[""kitchen"", ""daily life"", ""traditional tools""]","الكلمة: التِّنَّار (التنار)
الجذر: تنر
الفصحى: التنور / الفرن الطيني
المعنى: فرن أسطواني يُصنع من الطين المحروق (الفخار)، يستخدم لخبز أنواع مختلفة من الخبز الحضرمي، ويشعل بواسطة الحطب أو الغاز حديثاً.
المرادفات: التنور
مثال: الوالدة تخبز في التنار من الصبح.
الوسوم: kitchen، daily life، traditional tools
ملاحظة: يعتبر خبز التنار الطيني ألذ أنواع الخبز التقليدي في حضرموت."
146,التَّكْيَة,التكية,altkyh,وكأ,Noun,object,المخدة / الوسادة,وسادة كبيرة يوضع عليها الظهر أو المرفق عند الجلوس للراحة.,general,"[""مخدة"", ""وسادة""]",[],تسمى تكية لأن الشخص يتكئ عليها.,قاموس اللهجة الحضرمية - فهد بن هلابي - ص 28,"[{""f"": ""أعطني الوسادة التي بجانبك."", ""h"": ""ناولني التكية ذي جنبك.""}, {""f"": ""جلسنا جلسة جميلة على الوسائد."", ""h"": ""جلسنا جلسة زينة على التكايا.""}]",[],"[""furniture"", ""daily life"", ""shelf""]","الكلمة: التَّكْيَة (التكية)
الجذر: وكأ
الفصحى: المخدة / الوسادة
المعنى: وسادة كبيرة يوضع عليها الظهر أو المرفق عند الجلوس للراحة.
المرادفات: مخدة، وسادة
مثال: ناولني التكية ذي جنبك.
الوسوم: furniture، daily life، shelf
ملاحظة: تسمى تكية لأن الشخص يتكئ عليها."
147,تِيحَة,تيحه,tyHh,تيح,Noun,object,خزانة جدارية,دولاب أو خزانة صغيرة يتم بناؤها داخل تجويف الجدار في الغرف المنزلية لحفظ الأدوات الخاصة والملابس.,general,"[""كبت""]",[],كانت ميزة أساسية في العمارة الحضرمية القديمة لاستغلال المساحات.,قاموس اللهجة الحضرمية - فهد بن هلابي - ص 28,"[{""f"": ""وضعت الأغراض في الخزانة الجدارية."", ""h"": ""طرحت الأغراض في التيحة.""}]",[],"[""architecture"", ""furniture"", ""wall""]","الكلمة: تِيحَة (تيحه)
الجذر: تيح
الفصحى: خزانة جدارية
المعنى: دولاب أو خزانة صغيرة يتم بناؤها داخل تجويف الجدار في الغرف المنزلية لحفظ الأدوات الخاصة والملابس.
المرادفات: كبت
مثال: طرحت الأغراض في التيحة.
الوسوم: architecture، furniture، wall
ملاحظة: كانت ميزة أساسية في العمارة الحضرمية القديمة لاستغلال المساحات."
148,التَّاوَة,التاوه,altawh,توو,Noun,object,المقلاة,وعاء معدني مسطح يستخدم لقلي الأسماك (الصيد) أو البيض وغيرها.,general,"[""مقلاة""]",[],كلمة منتشرة في عموم الجزيرة العربية وأصلها قد يكون هندياً.,قاموس اللهجة الحضرمية - فهد بن هلابي - ص 28,"[{""f"": ""سخن الزيت في المقلاة."", ""h"": ""حمي الزيت في التاوة.""}]",[],"[""kitchen"", ""tools"", ""pan""]","الكلمة: التَّاوَة (التاوه)
الجذر: توو
الفصحى: المقلاة
المعنى: وعاء معدني مسطح يستخدم لقلي الأسماك (الصيد) أو البيض وغيرها.
المرادفات: مقلاة
مثال: حمي الزيت في التاوة.
الوسوم: kitchen، tools، pan
ملاحظة: كلمة منتشرة في عموم الجزيرة العربية وأصلها قد يكون هندياً."
149,تَبَاتِيك,تباتيك,tbatyk,بتك,Noun,object,زينة / كماليات,مجموعة من الأشياء الصغيرة التي تستخدم للزينة والتجميل في المنزل أو الملابس.,general,"[""خردوات"", ""زينة""]",[],غالباً ما تستخدم لوصف كثرة التفاصيل التزيينية.,قاموس اللهجة الحضرمية - فهد بن هلابي - ص 27,"[{""f"": ""هذه الغرفة مليئة بالزينة والكماليات."", ""h"": ""الغرفة هذي كلها تباتيك.""}]",[],"[""daily life"", ""decor""]","الكلمة: تَبَاتِيك (تباتيك)
الجذر: بتك
الفصحى: زينة / كماليات
المعنى: مجموعة من الأشياء الصغيرة التي تستخدم للزينة والتجميل في المنزل أو الملابس.
المرادفات: خردوات، زينة
مثال: الغرفة هذي كلها تباتيك.
الوسوم: daily life، decor
ملاحظة: غالباً ما تستخدم لوصف كثرة التفاصيل التزيينية."
150,ثَعَل,ثعل,th3l,ثعل,Noun,object,ثعلب,حيوان الثعلب المعروف بمكره.,general,[],[],يُنطق بفتح الثاء والعين.,قاموس اللهجة الحضرمية - فهد بن هلابي - ص 28,"[{""f"": ""الثعلب أكل الدجاجة."", ""h"": ""الثعل أكل الدجاجة.""}]",[],"[""nature"", ""animals""]","الكلمة: ثَعَل (ثعل)
الجذر: ثعل
الفصحى: ثعلب
المعنى: حيوان الثعلب المعروف بمكره.
مثال: الثعل أكل الدجاجة.
الوسوم: nature، animals
ملاحظة: يُنطق بفتح الثاء والعين."
151,ثَمَد,ثمد,thmd,ثمد,Noun,object,سمك التونة,من أجود أنواع الأسماك في حضرموت، يمتاز بلحمه الأحمر المائل للذة، ويستخدم في معظم الطبخات الحضرمية.,coast,"[""تونة""]",[],يعتبر الثمد العمود الفقري للمائدة الحضرمية، ويصدر منه كميات كبيرة للخارج.,قاموس اللهجة الحضرمية - فهد بن هلابي - ص 28,"[{""f"": ""تعشينا اليوم سمك تونة طازج."", ""h"": ""تعشينا اليوم ثمد طري.""}, {""f"": ""سمك التونة هذا العام مرتفع الثمن."", ""h"": ""الثمد ذي السنة غالي.""}]",[],"[""food"", ""daily life"", ""sea food"", ""tuna""]","الكلمة: ثَمَد (ثمد)
الجذر: ثمد
الفصحى: سمك التونة
المعنى: من أجود أنواع الأسماك في حضرموت، يمتاز بلحمه الأحمر المائل للذة، ويستخدم في معظم الطبخات الحضرمية.
المرادفات: تونة
مثال: تعشينا اليوم ثمد طري.
الوسوم: food، daily life، sea food، tuna
ملاحظة: يعتبر الثمد العمود الفقري للمائدة الحضرمية، ويصدر منه كميات كبيرة للخارج."
152,الثاره,الثاره,altharh,ثور,Noun,object,المساحة الفاصلة,المساحة أو الممر الواقع بين البئر وحوض الماء.,rural,[],[],مصطلح هندسي تقليدي في نظام الري اليدوي القديم.,قاموس اللهجة الحضرمية - فهد بن هلابي - ص 28,"[{""f"": ""الماء يجري من المساحة الفاصلة إلى الحوض."", ""h"": ""المي يمشي من الثارة للحوض.""}]",[],"[""agriculture"", ""water systems"", ""water""]","الكلمة: الثاره
الجذر: ثور
الفصحى: المساحة الفاصلة
المعنى: المساحة أو الممر الواقع بين البئر وحوض الماء.
مثال: المي يمشي من الثارة للحوض.
الوسوم: agriculture، water systems، water
ملاحظة: مصطلح هندسي تقليدي في نظام الري اليدوي القديم."
153,الأَجْلَح,الاجلح,alajlH,جلح,Adjective,descriptor,المذنب المتوجس,الشخص الذي ارتكب خطأ أو ذنباً ويظن أن كل من حوله يتحدثون عنه أو يقصدونه بكلامهم.,general,"[""المذنب""]",[],بعض المناطق ينطق جلح بجيم ياءً.,قاموس اللهجة الحضرمية - فهد بن هلابي - ص 30,"[{""f"": ""لماذا خفت؟ كأنك شخص مذنب يتوجس من الناس."", ""h"": ""مالك فزعت؟ كأنك أجلح.""}]","[""الأجلح يستعني""]","[""daily life"", ""social""]","الكلمة: الأَجْلَح (الاجلح)
الجذر: جلح
الفصحى: المذنب المتوجس
المعنى: الشخص الذي ارتكب خطأ أو ذنباً ويظن أن كل من حوله يتحدثون عنه أو يقصدونه بكلامهم.
المرادفات: المذنب
مثال: مالك فزعت؟ كأنك أجلح.
الوسوم: daily life، social
ملاحظة: بعض المناطق ينطق جلح بجيم ياءً."
154,الْجَعْبَة,الجعبه,alj3bh,جعب,Noun,object,الإلية / أعلى الفخذ,منطقة الإلية عند الإنسان، وجمعها جِعاب.,general,[],[],بعض المناطق ينطق جعبه بجيم ياءً. مثل لهجة أهل الداخل والساحل.,قاموس اللهجة الحضرمية - فهد بن هلابي - ص 30,"[{""f"": ""سقط الولد على إلية فخذه."", ""h"": ""الولد سقط على جعبته.""}]","[""أبرد من جعبة مستقية""]","[""daily life"", ""human body""]","الكلمة: الْجَعْبَة (الجعبه)
الجذر: جعب
الفصحى: الإلية / أعلى الفخذ
المعنى: منطقة الإلية عند الإنسان، وجمعها جِعاب.
مثال: الولد سقط على جعبته.
الوسوم: daily life، human body
ملاحظة: بعض المناطق ينطق جعبه بجيم ياءً. مثل لهجة أهل الداخل والساحل."
155,الْجَحِي,الجحي,aljHy,جحي,Noun,object,الأرض,لفظ يطلق على الأرض أو اليابسة.,general,"[""التراب"", ""القاع""]",[],بعض المناطق ينطق جحي بجيم ياءً. مثل لهجة أهل الداخل والساحل.,قاموس اللهجة الحضرمية - فهد بن هلابي - ص 30,"[{""f"": ""وضع الأغراض على الأرض."", ""h"": ""طرح الأغراض فوق الجحي.""}]","[""ما سقط من السماء يلتقيه الجحي""]","[""nature"", ""daily life""]","الكلمة: الْجَحِي (الجحي)
الجذر: جحي
الفصحى: الأرض
المعنى: لفظ يطلق على الأرض أو اليابسة.
المرادفات: التراب، القاع
مثال: طرح الأغراض فوق الجحي.
الوسوم: nature، daily life
ملاحظة: بعض المناطق ينطق جحي بجيم ياءً. مثل لهجة أهل الداخل والساحل."
156,الْجَلَب,الجلب,aljlb,جلب,Noun,object,الماشية المعروضة للبيع,الأغنام أو الأبقار أو الإبل التي تُساق إلى السوق لغرض البيع والتجارة.,rural,[],[],بعض المناطق ينطق جلب بجيم ياءً. مثل لهجة أهل الداخل والساحل.,قاموس اللهجة الحضرمية - فهد بن هلابي - ص 30,"[{""f"": ""اليوم الماشية المعروضة للبيع كثيرة في السوق."", ""h"": ""اليوم الجلب كثير في السوق.""}]",[],"[""agriculture"", ""economics""]","الكلمة: الْجَلَب (الجلب)
الجذر: جلب
الفصحى: الماشية المعروضة للبيع
المعنى: الأغنام أو الأبقار أو الإبل التي تُساق إلى السوق لغرض البيع والتجارة.
مثال: اليوم الجلب كثير في السوق.
الوسوم: agriculture، economics
ملاحظة: بعض المناطق ينطق جلب بجيم ياءً. مثل لهجة أهل الداخل والساحل."
157,الْجَحْلَة,الجحلة,aljHlh,جحل,Noun,object,جرة فخارية كبيرة,وعاء كبير يصنع من الفخار (الطين المحروق)، يستخدم لتخزين الماء لتبريده، أو لحفظ التمر والحبوب، وتوضع أحياناً في الحمامات قديماً.,general,"[""زير"", ""جرة""]","[""يحلة""]",تنطق 'ياحلة' في لهجة أهل الداخل والساحل بقلب الجيم ياءً.,قاموس اللهجة الحضرمية - فهد بن هلابي - ص 30,"[{""f"": ""شربنا ماءً بارداً من الجرة الفخارية."", ""h"": ""شربنا ماء بارد من الجحلة.""}]",[],"[""traditional tools"", ""daily life""]","الكلمة: الْجَحْلَة (الجحلة)
الجذر: جحل
الفصحى: جرة فخارية كبيرة
المعنى: وعاء كبير يصنع من الفخار (الطين المحروق)، يستخدم لتخزين الماء لتبريده، أو لحفظ التمر والحبوب، وتوضع أحياناً في الحمامات قديماً.
المرادفات: زير، جرة
مثال: شربنا ماء بارد من الجحلة.
الوسوم: traditional tools، daily life
ملاحظة: تنطق 'ياحلة' في لهجة أهل الداخل والساحل بقلب الجيم ياءً."
158,الْجُبَّة,الجبة,aljbh,جبب,Noun,object,معطف من الفرو أو الصوف,مفرية أو معطف غليظ يُصنع من صوف الغنم أو الفرو، يلبس للتدفئة في أيام البرد الشديد.,general,"[""فروة""]",[],بشدة الباء .,قاموس اللهجة الحضرمية - فهد بن هلابي - ص 31,"[{""f"": ""البس المعطف الصوفي، البرد شديد اليوم."", ""h"": ""البس الجبة، البرد قارس اليوم.""}]",[],"[""clothing"", ""daily life"", ""fleece""]","الكلمة: الْجُبَّة (الجبة)
الجذر: جبب
الفصحى: معطف من الفرو أو الصوف
المعنى: مفرية أو معطف غليظ يُصنع من صوف الغنم أو الفرو، يلبس للتدفئة في أيام البرد الشديد.
المرادفات: فروة
مثال: البس الجبة، البرد قارس اليوم.
الوسوم: clothing، daily life، fleece
ملاحظة: بشدة الباء ."
159,الجابيه,الجابية,aljabyh,جبى,Noun,object,حوض ماء كبير,بركة أو حوض مربع كبير يُبنى من الحجر والطين، يتواجد في المساجد للوضوء والاغتسال، وفي المزارع لتجميع مياه الري.,general,"[""بركة""]","[""يابية""]",تنطق 'يابية' في كثير من المناطق الحضرمية.,قاموس اللهجة الحضرمية - فهد بن هلابي - ص 31,"[{""f"": ""توضأنا في حوض المسجد."", ""h"": ""توضينا في جابية المسجد.""}]",[],"[""agriculture"", ""religion"", ""construction""]","الكلمة: الجابيه (الجابية)
الجذر: جبى
الفصحى: حوض ماء كبير
المعنى: بركة أو حوض مربع كبير يُبنى من الحجر والطين، يتواجد في المساجد للوضوء والاغتسال، وفي المزارع لتجميع مياه الري.
المرادفات: بركة
مثال: توضينا في جابية المسجد.
الوسوم: agriculture، religion، construction
ملاحظة: تنطق 'يابية' في كثير من المناطق الحضرمية."
160,الْجَرْمَل,الجرمل,aljrml,جرمل,Noun,object,فانوس كيروسين صغير,مصباح (فانوس) يعمل بالكيروسين (القاز)، وهو أبسط وأصغر من 'الأتريك'.,general,"[""سراج""]","[""يرمل""]",,قاموس اللهجة الحضرمية - فهد بن هلابي - ص 31,"[{""f"": ""أشعل الفانوس لنرى الطريق."", ""h"": ""شعل الجرمل عشان نشوف الطريق.""}]",[],"[""history"", ""tools"", ""gas"", ""light""]","الكلمة: الْجَرْمَل (الجرمل)
الجذر: جرمل
الفصحى: فانوس كيروسين صغير
المعنى: مصباح (فانوس) يعمل بالكيروسين (القاز)، وهو أبسط وأصغر من 'الأتريك'.
المرادفات: سراج
مثال: شعل الجرمل عشان نشوف الطريق.
الوسوم: history، tools، gas، light"
161,الْجَلِيْجَلَة,الجليجلة,aljlyjlh,جلجل,Noun,object,نبات بري مخدر,نبات بري ينمو عشوائياً، له تأثير مخدر ومسبب للهلوسة في حال أكله أو تناوله.,nature,[],[],بيُحذر دائماً من الاقتراب منه أو أكله بالخطأ. بعض المناطق ينطق جليجلة بجيم ياءً مثل لهجة أهل الداخل والساحل.,قاموس اللهجة الحضرمية - فهد بن هلابي - ص 31,"[{""f"": ""احذر من أكل نبات الجليجلة فهو يسبب الدوار."", ""h"": ""انتبه تأكل من الجليجلة تراها تدوخ.""}, {""f"": ""احذر من أكل نبات الجليجلة فهو يسبب الدوار."", ""h"": ""انتبه تأكل من اليلييله تراها تدوخ.""}]",[],"[""nature"", ""plants""]","الكلمة: الْجَلِيْجَلَة (الجليجلة)
الجذر: جلجل
الفصحى: نبات بري مخدر
المعنى: نبات بري ينمو عشوائياً، له تأثير مخدر ومسبب للهلوسة في حال أكله أو تناوله.
مثال: انتبه تأكل من الجليجلة تراها تدوخ.
الوسوم: nature، plants
ملاحظة: بيُحذر دائماً من الاقتراب منه أو أكله بالخطأ. بعض المناطق ينطق جليجلة بجيم ياءً مثل لهجة أهل الداخل والساحل."
162,جِبِل الْمَرْبَش,جبل المربش,jbl almrbsh,جبل,Noun,object,سلة خوص صغيرة,وعاء مصنوع من سعف النخيل (خوص)، يستخدمه العمال لنقل الطين أو الأحجار الصغيرة أثناء البناء.,general,"[""زبيبلة""]",[],بعض المناطق ينطق جبل بجيم ياءً مثل لهجة أهل الداخل والساحل.,قاموس اللهجة الحضرمية - فهد بن هلابي - ص 31,"[{""f"": ""حمل الطين في سلة الخوص الصغيرة."", ""h"": ""شال الطين في جبل المربش.""}, {""f"": ""حمل الطين في سلة الخوص الصغيرة."", ""h"": ""شال الطين في يبل المربش.""}]",[],"[""tools"", ""construction""]","الكلمة: جِبِل الْمَرْبَش (جبل المربش)
الجذر: جبل
الفصحى: سلة خوص صغيرة
المعنى: وعاء مصنوع من سعف النخيل (خوص)، يستخدمه العمال لنقل الطين أو الأحجار الصغيرة أثناء البناء.
المرادفات: زبيبلة
مثال: شال الطين في جبل المربش.
الوسوم: tools، construction
ملاحظة: بعض المناطق ينطق جبل بجيم ياءً مثل لهجة أهل الداخل والساحل."
163,جِبِل الْمَدْمَن,جبل المدمن,jbl almdmn,جبل,Noun,object,سلة خوص كبيرة,سلة خوص كبيرة الحجم تُستخدم لنقل 'الدمان' (سماد روث البهائم) إلى المزارع.,agriculture,[],[],بعض المناطق ينطق جبل بجيم ياءً مثل لهجة أهل الداخل والساحل.,قاموس اللهجة الحضرمية - فهد بن هلابي - ص 31,"[{""f"": ""ملأوا سلة الخوص الكبيرة من أجل السماد."", ""h"": ""عبوا جبل المدمن عشان السماد.""}, {""f"": ""ملأوا سلة الخوص الكبيرة من أجل السماد."", ""h"": ""عبوا يبل المدمن عشان السماد.""}]",[],"[""agriculture"", ""tools""]","الكلمة: جِبِل الْمَدْمَن (جبل المدمن)
الجذر: جبل
الفصحى: سلة خوص كبيرة
المعنى: سلة خوص كبيرة الحجم تُستخدم لنقل 'الدمان' (سماد روث البهائم) إلى المزارع.
مثال: عبوا جبل المدمن عشان السماد.
الوسوم: agriculture، tools
ملاحظة: بعض المناطق ينطق جبل بجيم ياءً مثل لهجة أهل الداخل والساحل."
164,الْجَهْر,الجهر,aljhr,جهر,Verb,action,تعميق البئر,عملية حفر وتعميق الآبار وتنظيفها من الأوحال والمخلفات لزيادة تدفق الماء فيها.,rural,"[""تغميق""]",[],بعض المناطق ينطق جهر بجيم ياءً مثل لهجة أهل الداخل والساحل.,قاموس اللهجة الحضرمية - فهد بن هلابي - ص 31,"[{""f"": ""نقص الماء في البئر، يجب أن نقوم بتعميقها."", ""h"": ""الماء قل في البئر، لازم نسوي لها جهر.""}]",[],"[""agriculture"", ""water systems""]","الكلمة: الْجَهْر (الجهر)
الجذر: جهر
الفصحى: تعميق البئر
المعنى: عملية حفر وتعميق الآبار وتنظيفها من الأوحال والمخلفات لزيادة تدفق الماء فيها.
المرادفات: تغميق
مثال: الماء قل في البئر، لازم نسوي لها جهر.
الوسوم: agriculture، water systems
ملاحظة: بعض المناطق ينطق جهر بجيم ياءً مثل لهجة أهل الداخل والساحل."
165,الْجُلْجُل,الجلجل,aljljl,جلجل,Noun,object,السمسم,بذور نبات السمسم التي يُستخرج منها الزيت (السليط).,general,"[""سمسم""]",[],تُشتهر حضرموت بجودة الجلجل وزيته. بعض المناطق ينطق جلجل بجيم ياءً مثل لهجة أهل الداخل والساحل.,قاموس اللهجة الحضرمية - فهد بن هلابي - ص 32,"[{""f"": ""الباجية (طبق شعبي) طعمها جميل بالسمسم."", ""h"": ""الباجية طعمها حالي بالجلجل.""}, {""f"": ""الباجية (طبق شعبي) طعمها جميل بالسمسم."", ""h"": ""الباجية طعمها حالي باليلييل.""}]",[],"[""food"", ""agriculture""]","الكلمة: الْجُلْجُل (الجلجل)
الجذر: جلجل
الفصحى: السمسم
المعنى: بذور نبات السمسم التي يُستخرج منها الزيت (السليط).
المرادفات: سمسم
مثال: الباجية طعمها حالي بالجلجل.
الوسوم: food، agriculture
ملاحظة: تُشتهر حضرموت بجودة الجلجل وزيته. بعض المناطق ينطق جلجل بجيم ياءً مثل لهجة أهل الداخل والساحل."
166,جَوِيْد,جويد,jwyd,جود,Adjective,descriptor,خلوق / مطيع,وصف للشخص الطيب، المؤدب، الذي يسمع الكلام ولا يثير المتاعب.,general,"[""خلوق"", ""مؤدب""]","[""يويّد""]",تستخدم كثيراً في مدح الأطفال والشباب. بعض المناطق ينطق جويد بجيم ياءً مثل لهجة أهل الداخل والساحل.,قاموس اللهجة الحضرمية - فهد بن هلابي - ص 32,"[{""f"": ""هذا الولد مطيع وبار بأهله."", ""h"": ""هذا الولد جويد مع أهله.""}, {""f"": ""هذا الولد مطيع وبار بأهله."", ""h"": ""هذا الولد يويد مع أهله.""}]",[],"[""daily life"", ""social"", ""child""]","الكلمة: جَوِيْد (جويد)
الجذر: جود
الفصحى: خلوق / مطيع
المعنى: وصف للشخص الطيب، المؤدب، الذي يسمع الكلام ولا يثير المتاعب.
المرادفات: خلوق، مؤدب
مثال: هذا الولد جويد مع أهله.
الوسوم: daily life، social، child
ملاحظة: تستخدم كثيراً في مدح الأطفال والشباب. بعض المناطق ينطق جويد بجيم ياءً مثل لهجة أهل الداخل والساحل."
167,الجحمه,الجحمه,aljHmh,جحم,Noun,object,حشرة سوداء كبيرة,حشرة طائرة سوداء اللون، كبيرة الحجم نسبياً، تظهر غالباً في المزارع.,general,[],[],بعض المناطق ينطق جحم بجيم ياءً مثل لهجة أهل الداخل والساحل.,قاموس اللهجة الحضرمية - فهد بن هلابي - ص 32,"[{""f"": ""الحشرة السوداء موجودة في الغرفة."", ""h"": ""الجحمة موجودة في الغرفة.""}, {""f"": ""الحشرة السوداء موجودة في الغرفة."", ""h"": ""اليحمة مويوده في الغرفة.""}]",[],"[""nature"", ""insects""]","الكلمة: الجحمه
الجذر: جحم
الفصحى: حشرة سوداء كبيرة
المعنى: حشرة طائرة سوداء اللون، كبيرة الحجم نسبياً، تظهر غالباً في المزارع.
مثال: الجحمة موجودة في الغرفة.
الوسوم: nature، insects
ملاحظة: بعض المناطق ينطق جحم بجيم ياءً مثل لهجة أهل الداخل والساحل."
168,الجرب,الجرب,aljrb,جرب,Noun,object,الحقول الزراعية,مساحات صغيرة من الأرض المعدة للزراعة، ومفردها جربة.,rural,"[""حقول"", ""بلاد""]","[""يِرب""]",بعض المناطق ينطق جرب بجيم ياءً مثل لهجة أهل الداخل والساحل.,قاموس اللهجة الحضرمية - فهد بن هلابي - ص 32,"[{""f"": ""الحقول هذا العام خضراء زاهية."", ""h"": ""الجرب هذي السنة خضراء.""}, {""f"": ""الحقول هذا العام خضراء زاهية."", ""h"": ""اليرب هذي السنة خضراء.""}]",[],"[""agriculture"", ""fields""]","الكلمة: الجرب
الجذر: جرب
الفصحى: الحقول الزراعية
المعنى: مساحات صغيرة من الأرض المعدة للزراعة، ومفردها جربة.
المرادفات: حقول، بلاد
مثال: الجرب هذي السنة خضراء.
الوسوم: agriculture، fields
ملاحظة: بعض المناطق ينطق جرب بجيم ياءً مثل لهجة أهل الداخل والساحل."
169,الْجَهُوش,الجهوش,aljhwsh,جهش,Noun,object,قمح محمص,سنابل القمح الخضراء التي توضع على الجمر حتى تنضج نصف نضج ثم تُفرك وتؤكل.,general,"[""فريك""]",[],أكلة موسمية مرتبطة بموسم حصاد القمح. بعض المناطق ينطق جهوش بجيم ياءً مثل لهجة أهل الداخل والساحل.,قاموس اللهجة الحضرمية - فهد بن هلابي - ص 32,"[{""f"": ""ما أجمل أكل القمح المحمص في وقت البرد."", ""h"": ""يا زين الجهوش في البرد.""}, {""f"": ""ما أجمل أكل القمح المحمص في وقت البرد."", ""h"": ""يا زين اليهوش في البرد.""}]",[],"[""food"", ""daily life""]","الكلمة: الْجَهُوش (الجهوش)
الجذر: جهش
الفصحى: قمح محمص
المعنى: سنابل القمح الخضراء التي توضع على الجمر حتى تنضج نصف نضج ثم تُفرك وتؤكل.
المرادفات: فريك
مثال: يا زين الجهوش في البرد.
الوسوم: food، daily life
ملاحظة: أكلة موسمية مرتبطة بموسم حصاد القمح. بعض المناطق ينطق جهوش بجيم ياءً مثل لهجة أهل الداخل والساحل."
170,الجذفره,الجذفرة,aljdhfrh,جذفر,Noun,object,الأرض البور,الأرض التي تركت دون زراعة لفترة طويلة فتشققت وجفت، أو الأرض المخددة من جراء مرور السيول.,nature,[],[],بعض المناطق ينطق جذفرة بجيم ياءً مثل لهجة أهل الداخل والساحل.,قاموس اللهجة الحضرمية - فهد بن هلابي - ص 32,"[{""f"": ""السيول تركت الأرض مخددة في الوادي."", ""h"": ""السيول تركت الجذفرة في الوادي.""}, {""f"": ""السيول تركت الأرض مخددة في الوادي."", ""h"": ""السيول تركت اليذفرة في الوادي.""}]",[],"[""nature"", ""agriculture"", ""soil""]","الكلمة: الجذفره (الجذفرة)
الجذر: جذفر
الفصحى: الأرض البور
المعنى: الأرض التي تركت دون زراعة لفترة طويلة فتشققت وجفت، أو الأرض المخددة من جراء مرور السيول.
مثال: السيول تركت الجذفرة في الوادي.
الوسوم: nature، agriculture، soil
ملاحظة: بعض المناطق ينطق جذفرة بجيم ياءً مثل لهجة أهل الداخل والساحل."
171,جَفِير,جفير,jfyr,جفر,Noun,object,غمد السيف أو الجنبية,بيت السيف أو السكين أو الجنبية الحضرمية، يُصنع غالباً من الخشب الملبس بالجلد أو الفضة.,general,"[""غمد""]","[""يفير""]",بعض المناطق ينطق جفير بجيم ياءً مثل لهجة أهل الداخل والساحل.,قاموس اللهجة الحضرمية - فهد بن هلابي - ص 32,"[{""f"": ""الجنبية في غمدها."", ""h"": ""الجنبية في جفيرها.""}]","[""ما للنصلة إلا ذا الجفير""]","[""culture"", ""tools"", ""sword"", ""sheath""]","الكلمة: جَفِير (جفير)
الجذر: جفر
الفصحى: غمد السيف أو الجنبية
المعنى: بيت السيف أو السكين أو الجنبية الحضرمية، يُصنع غالباً من الخشب الملبس بالجلد أو الفضة.
المرادفات: غمد
مثال: الجنبية في جفيرها.
الوسوم: culture، tools، sword، sheath
ملاحظة: بعض المناطق ينطق جفير بجيم ياءً مثل لهجة أهل الداخل والساحل."
172,الْجُونِيَّة,لجونية,aljwnyh,جوني,Noun,object,كيس خيش / شوال,كيس كبير مصنوع من الخيش أو البلاستيك المقوى، يستخدم لتعبئة الحبوب مثل الأرز والقمح.,general,"[""شوال"", ""كيس""]","[""يونية""]",كلمة مستخدمة أيضاً في عدة دول عربية. بعض المناطق ينطق جونية بجيم ياءً مثل لهجة أهل الداخل والساحل.,قاموس اللهجة الحضرمية - فهد بن هلابي - ص 32,"[{""f"": ""اشترى والدي كيس أرز كبيراً."", ""h"": ""اشترى أبوي جونيّة رز.""}, {""f"": ""اشترى والدي كيس أرز كبيراً."", ""h"": ""اشترى أبوي يونيّة رز.""}]",[],"[""agriculture"", ""daily life"", ""bag""]","الكلمة: الْجُونِيَّة (لجونية)
الجذر: جوني
الفصحى: كيس خيش / شوال
المعنى: كيس كبير مصنوع من الخيش أو البلاستيك المقوى، يستخدم لتعبئة الحبوب مثل الأرز والقمح.
المرادفات: شوال، كيس
مثال: اشترى أبوي جونيّة رز.
الوسوم: agriculture، daily life، bag
ملاحظة: كلمة مستخدمة أيضاً في عدة دول عربية. بعض المناطق ينطق جونية بجيم ياءً مثل لهجة أهل الداخل والساحل."
173,حُطّ,حط,HT,حطط,Verb,action,ضَع / أنزِل,فعل أمر بمعنى ضع الشيء في مكان ما أو أنزله من فوق.,general,"[""طرح"", ""وضع""]",[],,قاموس اللهجة الحضرمية - فهد بن هلابي - ص 32,"[{""f"": ""ضع الحمل في هذا المكان."", ""h"": ""حط الحمل هنا.""}, {""f"": ""ضع العشاء يا بني."", ""h"": ""حط العشاء يا ولد.""}]",[],"[""daily life"", ""actions"", ""put""]","الكلمة: حُطّ (حط)
الجذر: حطط
الفصحى: ضَع / أنزِل
المعنى: فعل أمر بمعنى ضع الشيء في مكان ما أو أنزله من فوق.
المرادفات: طرح، وضع
مثال: حط الحمل هنا.
الوسوم: daily life، actions، put"
174,لحق,لحق,lHq,لحق,Verb,action,وَجَد / حَصَل,بمعنى عثر على الشيء أو وجده متوفراً.,general,"[""لقي"", ""وجد""]",[],,قاموس اللهجة الحضرمية - فهد بن هلابي - ص 33,"[{""f"": ""لم أجد سكراً في المتجر."", ""h"": ""ما لحقت سكر في الدكان.""}, {""f"": ""أخيراً وجدنا المفتاح."", ""h"": ""أخيراً لحقنا المفتاح.""}]","[""إن لحُق غذاه ما لحُق عشاه""]","[""daily life"", ""actions"", ""find""]","الكلمة: لحق
الجذر: لحق
الفصحى: وَجَد / حَصَل
المعنى: بمعنى عثر على الشيء أو وجده متوفراً.
المرادفات: لقي، وجد
مثال: ما لحقت سكر في الدكان.
الوسوم: daily life، actions، find"
175,حَيْسَة,حيسه,Hysh,حيس,Noun,time,إعصار بحري,دوامة هوائية قوية تحدث في البحر أو بالقرب من الساحل، وتسمى أيضاً إعصاراً.,coast,"[""إعصار""]",[],,قاموس اللهجة الحضرمية - فهد بن هلابي - ص 33,"[{""f"": ""رأوا إعصاراً بحرياً اليوم."", ""h"": ""شافوا حيسة في البحر اليوم.""}]",[],"[""nature"", ""weather"", ""storm""]","الكلمة: حَيْسَة (حيسه)
الجذر: حيس
الفصحى: إعصار بحري
المعنى: دوامة هوائية قوية تحدث في البحر أو بالقرب من الساحل، وتسمى أيضاً إعصاراً.
المرادفات: إعصار
مثال: شافوا حيسة في البحر اليوم.
الوسوم: nature، weather، storm"
176,حتات,حتات,Htat,حتت,Noun,object,فتات الشيء,ما تساقط وتكسر من الشيء، مثل فتات الخبز أو السمك المجفف (اللخم).,general,"[""فتات""]",[],بكسرالحاء .,قاموس اللهجة الحضرمية - فهد بن هلابي - ص 33,"[{""f"": ""بقي فتات السمك المجفف في الطبق."", ""h"": ""بقي حتات اللخم في الصحن.""}]",[],"[""daily life"", ""food"", ""bread""]","الكلمة: حتات
الجذر: حتت
الفصحى: فتات الشيء
المعنى: ما تساقط وتكسر من الشيء، مثل فتات الخبز أو السمك المجفف (اللخم).
المرادفات: فتات
مثال: بقي حتات اللخم في الصحن.
الوسوم: daily life، food، bread
ملاحظة: بكسرالحاء ."
177,حِمِر,حمر,Hmr,حمر,Noun,object,خشب جيد النوع,نوع من أنواع الخشب الصلب والقوي، يمتاز بجودته العالية ويستخدم بكثرة في صناعة الأبواب والنوافذ التقليدية.,general,"[""خشب صلب""]",[],يعتبر من أفضل أنواع الأخشاب المحلية للبناء.,قاموس اللهجة الحضرمية - فهد بن هلابي - ص 33,"[{""f"": ""هذا الباب مصنوع من خشب الحمر الجيد."", ""h"": ""هذا الباب مصنوع من خشب الحمر الزين.""}, {""f"": ""خشب الحمر يدوم سنوات طويلة دون أن يتسوس."", ""h"": ""خشب الحمر يصبر سنين ما ينسوس.""}]",[],"[""tools"", ""construction"", ""nature""]","الكلمة: حِمِر (حمر)
الجذر: حمر
الفصحى: خشب جيد النوع
المعنى: نوع من أنواع الخشب الصلب والقوي، يمتاز بجودته العالية ويستخدم بكثرة في صناعة الأبواب والنوافذ التقليدية.
المرادفات: خشب صلب
مثال: هذا الباب مصنوع من خشب الحمر الزين.
الوسوم: tools، construction، nature
ملاحظة: يعتبر من أفضل أنواع الأخشاب المحلية للبناء."
178,حنق,حنق,Hnq,حنق,Noun,emotion,زعل وغضب,الشعور بالاستياء أو الضيق من تصرف شخص ما، ويقال 'فلان حانق' أي غاضب أو زعلان.,general,"[""زعل"", ""غضب"", ""حمس""]",[],كلمة شائعة جداً للتعبير عن الخصام البسيط بكسر الحاء والنون.,قاموس اللهجة الحضرمية - فهد بن هلابي - ص 33,"[{""f"": ""لماذا كل هذا الزعل؟ لم نفعل شيئاً."", ""h"": ""ليش الحنق هذا كله؟ ما اقينا شيء.""}, {""f"": ""سعيد غضب من كلامك بالأمس."", ""h"": ""سعيد حنق من كلامك أمس.""}]",[],"[""emotions"", ""social customs"", ""angry""]","الكلمة: حنق
الجذر: حنق
الفصحى: زعل وغضب
المعنى: الشعور بالاستياء أو الضيق من تصرف شخص ما، ويقال 'فلان حانق' أي غاضب أو زعلان.
المرادفات: زعل، غضب، حمس
مثال: ليش الحنق هذا كله؟ ما اقينا شيء.
الوسوم: emotions، social customs، angry
ملاحظة: كلمة شائعة جداً للتعبير عن الخصام البسيط بكسر الحاء والنون."
179,حجل,حجل,Hjl,حجل,Noun,object,شرج زراعي خصب,قطعة أرض زراعية (شرج) تمتاز بتربتها الخصبة الصالحة للزراعة وتجمع مياه السيول.,general,"[""شرج"", ""أرض زراعية""]",[],بعض المناطق ينطق جل بجيم ياءً مثل لهجة أهل الداخل والساحل بكسر الحاء والجيم.,قاموس اللهجة الحضرمية - فهد بن هلابي - ص 33,"[{""f"": ""الأرض الزراعية اليوم مشبعة بمياه السيل."", ""h"": ""الحجل اليوم رويان بموية السيل.""}, {""f"": ""زرعنا في الحجل دخناً وقمحاً."", ""h"": ""زرعنا في الحجل دخن وبر.""}]",[],"[""agriculture"", ""nature"", ""farming""]","الكلمة: حجل
الجذر: حجل
الفصحى: شرج زراعي خصب
المعنى: قطعة أرض زراعية (شرج) تمتاز بتربتها الخصبة الصالحة للزراعة وتجمع مياه السيول.
المرادفات: شرج، أرض زراعية
مثال: الحجل اليوم رويان بموية السيل.
الوسوم: agriculture، nature، farming
ملاحظة: بعض المناطق ينطق جل بجيم ياءً مثل لهجة أهل الداخل والساحل بكسر الحاء والجيم."
180,حَصَّل,حصل,HSl,حصل,Verb,action,وجد / عثر على,بمعنى العثور على الشيء المفقود أو إيجاد مطلب معين.,general,"[""وجد"", ""لقي""]",[],تنطق بتشديد الصاد.,قاموس اللهجة الحضرمية - فهد بن هلابي - ص 33,"[{""f"": ""وجدت مفتاحي الضائع تحت الكرسي."", ""h"": ""حصلت مفتاحي الضايع تحت الكرسي.""}, {""f"": ""إذا وجدت فرصة فزرنا في المنزل."", ""h"": ""إذا حصلت فرصة زورنا في البيت.""}]",[],"[""daily life"", ""verbs"", ""find""]","الكلمة: حَصَّل (حصل)
الجذر: حصل
الفصحى: وجد / عثر على
المعنى: بمعنى العثور على الشيء المفقود أو إيجاد مطلب معين.
المرادفات: وجد، لقي
مثال: حصلت مفتاحي الضايع تحت الكرسي.
الوسوم: daily life، verbs، find
ملاحظة: تنطق بتشديد الصاد."
181,حَذل,حذل,Hdhl,حذل,Noun,object,القوة والصلابة والمتانة,وصف للشيء القوي والمتين الذي يصعب كسرُه أو تحطيمه.,general,"[""قوة"", ""متانة""]",[],,قاموس اللهجة الحضرمية - فهد بن هلابي - ص 34,"[{""f"": ""هذا الجدار قوي ومتين، لا ينهدم بسهولة."", ""h"": ""هذا الجدار حذل، ما ينهد بالسهولة.""}, {""f"": ""عصا قوية من خشب السدر."", ""h"": ""عصا حذلة من خشب السدر.""}]",[],"[""description"", ""daily life"", ""strong""]","الكلمة: حَذل (حذل)
الجذر: حذل
الفصحى: القوة والصلابة والمتانة
المعنى: وصف للشيء القوي والمتين الذي يصعب كسرُه أو تحطيمه.
المرادفات: قوة، متانة
مثال: هذا الجدار حذل، ما ينهد بالسهولة.
الوسوم: description، daily life، strong"
182,حَيَّاك,حياك,Hyak,حيي,Expression,expression,مرحباً وثناء وترحيب,كلمة تستخدم للترحيب بالضيوف وإظهار الحفاوة والثناء عليهم.,general,"[""أهلاً"", ""مرحباً""]",[],كثيراً ما تقترن بـ 'الله'، فيقال: حياك الله.,قاموس اللهجة الحضرمية - فهد بن هلابي - ص 34,"[{""f"": ""أهلاً بك يا سعيد، تفضل إلى المجلس."", ""h"": ""حياك يا سعيد، تفضل المجلس.""}, {""f"": ""أهلاً ومرحباً بك، شرفتمونا اليوم."", ""h"": ""أهلين وحياك، شرفتونا اليوم.""}]",[],"[""social customs"", ""expressions"", ""welcome""]","الكلمة: حَيَّاك (حياك)
الجذر: حيي
الفصحى: مرحباً وثناء وترحيب
المعنى: كلمة تستخدم للترحيب بالضيوف وإظهار الحفاوة والثناء عليهم.
المرادفات: أهلاً، مرحباً
مثال: حياك يا سعيد، تفضل المجلس.
الوسوم: social customs، expressions، welcome
ملاحظة: كثيراً ما تقترن بـ 'الله'، فيقال: حياك الله."
183,الحَادِق,الحادق,alHadq,حدق,Noun,object,الرجل المسن الكبير في السن,لفظ يطلق على الرجل الطاعن في السن والذي وصل إلى مرحلة الشيخوخة.,general,"[""الشايب"", ""العجوز""]",[],,قاموس اللهجة الحضرمية - فهد بن هلابي - ص 34,"[{""f"": ""سلم على الرجل المسن الجالس في مدخل البيت."", ""h"": ""سلم على الحادق جالس عند السدة.""}, {""f"": ""الرجل الكبير يحب الحديث عن الماضي."", ""h"": ""الحادق يحب يسولف عن زمان أول.""}]",[],"[""human"", ""social customs"", ""old man""]","الكلمة: الحَادِق (الحادق)
الجذر: حدق
الفصحى: الرجل المسن الكبير في السن
المعنى: لفظ يطلق على الرجل الطاعن في السن والذي وصل إلى مرحلة الشيخوخة.
المرادفات: الشايب، العجوز
مثال: سلم على الحادق جالس عند السدة.
الوسوم: human، social customs، old man"
184,حَنَّة,حنة,Hnh,حنن,Noun,object,رنين صوتي أو رنة,صوت رفيع مستمر يصدر من المعادن أو المحركات، وأحياناً تطلق على أصوات الفرح أو الصياح الجماعي (حنانة).,general,"[""رنة"", ""طنين""]",[],تنطق بفتح الحاء والنون المشددة.,قاموس اللهجة الحضرمية - فهد بن هلابي - ص 34,"[{""f"": ""السيارة يصدر محركها رنيناً (صوتاً غير طبيعي)."", ""h"": ""السيارة فيها حنة في المكينة.""}, {""f"": ""بيت آل فلان لديهم أصوات ضجيج وفرح اليوم، ربما لديهم زفاف."", ""h"": ""أهل فلان عندهم حنانة اليوم، يمكن عرس.""}]",[],"[""sounds"", ""daily life"", ""sound""]","الكلمة: حَنَّة (حنة)
الجذر: حنن
الفصحى: رنين صوتي أو رنة
المعنى: صوت رفيع مستمر يصدر من المعادن أو المحركات، وأحياناً تطلق على أصوات الفرح أو الصياح الجماعي (حنانة).
المرادفات: رنة، طنين
مثال: السيارة فيها حنة في المكينة.
الوسوم: sounds، daily life، sound
ملاحظة: تنطق بفتح الحاء والنون المشددة."
185,حفن,حفن,Hfn,حفن,Noun,object,راحتا اليدين,راحة اليد عند ضمهما معاً لغرف شيء ما (مثل الحفنة).,general,"[""حفنة""]",[],بكسر الحاء والفاء,قاموس اللهجة الحضرمية - فهد بن هلابي - ص 34,"[{""f"": ""شرب الماء براحتي يده."", ""h"": ""شرب من حفن يده موية.""}, {""f"": ""أعطني حفنة من التمر."", ""h"": ""أعطني حفن من التمر.""}]",[],"[""body parts"", ""daily life"", ""hand""]","الكلمة: حفن
الجذر: حفن
الفصحى: راحتا اليدين
المعنى: راحة اليد عند ضمهما معاً لغرف شيء ما (مثل الحفنة).
المرادفات: حفنة
مثال: شرب من حفن يده موية.
الوسوم: body parts، daily life، hand
ملاحظة: بكسر الحاء والفاء"
186,حَرْفُوف,حرفوف,Hrfwf,حرف,Noun,object,قطعة صغيرة من قرص الخبز,الأجزاء الصغيرة التي تتكسر أو تقطع من قرص الخبز الكبير.,general,"[""فتات"", ""قطعة خبز""]",[],,قاموس اللهجة الحضرمية - فهد بن هلابي - ص 34,"[{""f"": ""أعطني قطعة صغيرة من ذلك الخبز الساخن."", ""h"": ""ناولني حرفوف من ذاك القرص الحامي.""}, {""f"": ""جمع قطع الخبز الصغيرة ووضعها في الوعاء."", ""h"": ""جمع الحرافيف وحطها في الطاسة.""}]",[],"[""food"", ""daily life"", ""bread""]","الكلمة: حَرْفُوف (حرفوف)
الجذر: حرف
الفصحى: قطعة صغيرة من قرص الخبز
المعنى: الأجزاء الصغيرة التي تتكسر أو تقطع من قرص الخبز الكبير.
المرادفات: فتات، قطعة خبز
مثال: ناولني حرفوف من ذاك القرص الحامي.
الوسوم: food، daily life، bread"
187,حَد,حد,Hd,أحد,Expression,expression,أحد,تستخدم للإشارة إلى شخص ما أو للرقم واحد، وتسقط منها الألف تماماً في النطق الحضرمي.,general,"[""شخص"", ""واحد""]",[],,قاموس اللهجة الحضرمية - فهد بن هلابي - ص 34,"[{""f"": ""هل يوجد أحد في المنزل؟"", ""h"": ""في حد في البيت؟""}, {""f"": ""لم يرَ أحدٌ سعيد اليوم."", ""h"": ""ما حد شاف سعيد اليوم.""}]",[],"[""daily life"", ""expressions"", ""one""]","الكلمة: حَد (حد)
الجذر: أحد
الفصحى: أحد
المعنى: تستخدم للإشارة إلى شخص ما أو للرقم واحد، وتسقط منها الألف تماماً في النطق الحضرمي.
المرادفات: شخص، واحد
مثال: في حد في البيت؟
الوسوم: daily life، expressions، one"
188,الحشك,الحشك,alHshk,حشك,Noun,object,أشجار جافة توضع في أساس البناء,أغصان وأشجار جافة توضع بين مداميك البناء اللبن (الموفر) لحماية البيت من التصدع نتيجة الأحمال الثقيلة.,general,"[""ذياذ""]","[""الحكش""]",يسمى 'ذياذ' في بعض مناطق الوادي.,قاموس اللهجة الحضرمية - فهد بن هلابي - ص 35,"[{""f"": ""ضعوا الأغصان الجافة بين صفوف اللبن."", ""h"": ""رصوا الحشك بين الموفر والثاني.""}, {""f"": ""الأغصان الجافة تحمي المنزل من هبوط التربة."", ""h"": ""الحشك يحمي البيت من نزول الأرضية.""}]",[],"[""construction"", ""tools"", ""wood""]","الكلمة: الحشك
الجذر: حشك
الفصحى: أشجار جافة توضع في أساس البناء
المعنى: أغصان وأشجار جافة توضع بين مداميك البناء اللبن (الموفر) لحماية البيت من التصدع نتيجة الأحمال الثقيلة.
المرادفات: ذياذ
مثال: رصوا الحشك بين الموفر والثاني.
الوسوم: construction، tools، wood
ملاحظة: يسمى 'ذياذ' في بعض مناطق الوادي."
189,الحِكَاء,الحكاء,alHka',حكأ,Noun,person,أول يوم في مراسم العرس,بداية الاحتفالات الرسمية بالزواج، وتكون عادة في بيت أهل العروس.,general,"[""قبوض""]",[],يسمى 'قبوض' في بعض المناطق الأخرى.,قاموس اللهجة الحضرمية - فهد بن هلابي - ص 35,"[{""f"": ""الليلة هي أول مراسم العرس في بيت آل فلان."", ""h"": ""الليلة الحكاء في بيت آل بافلان.""}, {""f"": ""استعدوا لبداية مراسم العرس بعد العشاء."", ""h"": ""تجهزوا للحكاء بعد صلاة العشاء.""}]",[],"[""social customs"", ""marriage"", ""wedding""]","الكلمة: الحِكَاء (الحكاء)
الجذر: حكأ
الفصحى: أول يوم في مراسم العرس
المعنى: بداية الاحتفالات الرسمية بالزواج، وتكون عادة في بيت أهل العروس.
المرادفات: قبوض
مثال: الليلة الحكاء في بيت آل بافلان.
الوسوم: social customs، marriage، wedding
ملاحظة: يسمى 'قبوض' في بعض المناطق الأخرى."
190,حَدْرَى,حدرى,Hdra,حدر,Noun,object,الناحية الشرقية من وادي حضرموت,مصطلح جغرافي يشير إلى الاتجاه نحو شرق وادي حضرموت.,interior,"[""الشرق""]",[],,قاموس اللهجة الحضرمية - فهد بن هلابي - ص 35,"[{""f"": ""هم يسكنون في الناحية الشرقية من الوادي."", ""h"": ""هم ساكنين جهة حدرى من الوادي.""}, {""f"": ""السيل جرف الوادي باتجاه الشرق."", ""h"": ""السيل شلّ الوادي كله حدرى.""}]",[],"[""nature"", ""geographic"", ""east""]","الكلمة: حَدْرَى (حدرى)
الجذر: حدر
الفصحى: الناحية الشرقية من وادي حضرموت
المعنى: مصطلح جغرافي يشير إلى الاتجاه نحو شرق وادي حضرموت.
المرادفات: الشرق
مثال: هم ساكنين جهة حدرى من الوادي.
الوسوم: nature، geographic، east"
191,الحِزَام,الحزام,alHzam,حزم,Noun,object,حزام فضي للمرأة,قطعة زينة من الذهب أو الفضة تلبسها المرأة الحضرمية حول خصرها في المناسبات.,general,"[""منطق""]",[],,قاموس اللهجة الحضرمية - فهد بن هلابي - ص 35,"[{""f"": ""العروس ترتدي حزاماً فضياً مزخرفاً."", ""h"": ""العروس لابسة حزام فضة منقوش.""}, {""f"": ""الحزام التقليدي الحضرمي قديم وباهظ الثمن."", ""h"": ""الحزام الحضرمي قديم وغالي.""}]",[],"[""daily life"", ""clothing"", ""women"", ""belt""]","الكلمة: الحِزَام (الحزام)
الجذر: حزم
الفصحى: حزام فضي للمرأة
المعنى: قطعة زينة من الذهب أو الفضة تلبسها المرأة الحضرمية حول خصرها في المناسبات.
المرادفات: منطق
مثال: العروس لابسة حزام فضة منقوش.
الوسوم: daily life، clothing، women، belt"
192,الحَوْكَة,الحوكة,alHwkh,حوك,Noun,object,نسيج العناكب - خيوط العنكبوت,الخيوط التي تنسجها العناكب في أركان الغرف والأسقف.,general,"[""خيوط العنكبوت""]",[],بضم الحاء,قاموس اللهجة الحضرمية - فهد بن هلابي - ص 35,"[{""f"": ""أزل نسيج العنكبوت من زوايا السقف."", ""h"": ""نظف الحوكة من زوايا السقف.""}, {""f"": ""المنزل مهجور وفيه الكثير من خيوط العنكبوت."", ""h"": ""البيت مهجور وفيه حوكة كثيرة.""}]",[],"[""nature"", ""daily life"", ""spider""]","الكلمة: الحَوْكَة (الحوكة)
الجذر: حوك
الفصحى: نسيج العناكب - خيوط العنكبوت
المعنى: الخيوط التي تنسجها العناكب في أركان الغرف والأسقف.
المرادفات: خيوط العنكبوت
مثال: نظف الحوكة من زوايا السقف.
الوسوم: nature، daily life، spider
ملاحظة: بضم الحاء"
193,حمِس,حمس,Hms,حمس,Noun,emotion,زعل وغضب,مرادف آخر للزعل أو الغضب الشديد والضيق.,general,"[""حنق"", ""زعل""]",[],تنطق بكسر الحاء.,قاموس اللهجة الحضرمية - فهد بن هلابي - ص 35,"[{""f"": ""لماذا كل هذا الغضب والضيق منذ الصباح؟"", ""h"": ""ليش الحمس هذا كله من الصبح؟""}, {""f"": ""سعيد زعل عندما علم بالخبر."", ""h"": ""سعيد حمس لما عرف الخبر.""}]",[],"[""emotions"", ""angry""]","الكلمة: حمِس (حمس)
الجذر: حمس
الفصحى: زعل وغضب
المعنى: مرادف آخر للزعل أو الغضب الشديد والضيق.
المرادفات: حنق، زعل
مثال: ليش الحمس هذا كله من الصبح؟
الوسوم: emotions، angry
ملاحظة: تنطق بكسر الحاء."
194,الحَسَف,الحسف,alHsf,حسف,Noun,object,التلف والفساد,تلف الشيء وفساده، خاصة الطعام أو الثمر، ويقال 'يحسف' أي يتلف.,general,"[""تلف"", ""عفن""]",[],بكسر السين,قاموس اللهجة الحضرمية - فهد بن هلابي - ص 35,"[{""f"": ""التمر أصابه التلف بسبب المطر."", ""h"": ""التمر حاشه الحسف من المطر.""}, {""f"": ""الطعام يفسد إذا تركته خارج الثلاجة."", ""h"": ""الأكل يحسف إذا تركته برع الثلاجة.""}]",[],"[""daily life"", ""nature"", ""rot""]","الكلمة: الحَسَف (الحسف)
الجذر: حسف
الفصحى: التلف والفساد
المعنى: تلف الشيء وفساده، خاصة الطعام أو الثمر، ويقال 'يحسف' أي يتلف.
المرادفات: تلف، عفن
مثال: التمر حاشه الحسف من المطر.
الوسوم: daily life، nature، rot
ملاحظة: بكسر السين"
195,حِيْلَة,حيله,Hylh,حيل,Noun,object,ماء يبقى في حفرة بعد المطر,المياه التي تتبقى في الحفر أو المنخفضات الأرضية بعد هطول الأمطار، وتستخدم لسقي المواشي.,general,"[""غدير""]",[],قد تبقى لعدة أشهر.,قاموس اللهجة الحضرمية - فهد بن هلابي - ص 36,"[{""f"": ""المواشي تشرب من تجمع المياه في الأودية الجبلية."", ""h"": ""الحيوانات تشرب من الحيلة اللي في الشعاب.""}, {""f"": ""المطر ترك تجمعات مائية كثيرة في الأرض."", ""h"": ""المطر خلّى حيلات كثيرة في الأرض.""}]",[],"[""nature"", ""water"", ""rain""]","الكلمة: حِيْلَة (حيله)
الجذر: حيل
الفصحى: ماء يبقى في حفرة بعد المطر
المعنى: المياه التي تتبقى في الحفر أو المنخفضات الأرضية بعد هطول الأمطار، وتستخدم لسقي المواشي.
المرادفات: غدير
مثال: الحيوانات تشرب من الحيلة اللي في الشعاب.
الوسوم: nature، water، rain
ملاحظة: قد تبقى لعدة أشهر."
196,حِصَان السَّكِن,حصان السكن,HSan alskn,حصن,Noun,object,نوع من الجراد طويل الأرجل,حشرة من فصيلة الجراديات تمتاز بسيقان خلفية طويلة جداً، وغالباً ما يكون لونها أخضر.,general,"[""بعركَب السكِن""]",[],,قاموس اللهجة الحضرمية - فهد بن هلابي - ص 36,"[{""f"": ""انظر إلى الجراد طويل الأرجل يقفز في الفناء."", ""h"": ""شوف حصان السكن ينقز في الحوش.""}, {""f"": ""لا تخف من هذه الحشرة فهي لا تلدغ."", ""h"": ""لا تخاف من حصان السكن ما يقرص.""}]",[],"[""nature"", ""insects"", ""cockroach""]","الكلمة: حِصَان السَّكِن (حصان السكن)
الجذر: حصن
الفصحى: نوع من الجراد طويل الأرجل
المعنى: حشرة من فصيلة الجراديات تمتاز بسيقان خلفية طويلة جداً، وغالباً ما يكون لونها أخضر.
المرادفات: بعركَب السكِن
مثال: شوف حصان السكن ينقز في الحوش.
الوسوم: nature، insects، cockroach"
197,حَبْوَة,حبوة,Hbwh,حبو,Noun,object,جلسة ضم الركبتين للبطن,طريقة جلوس عربية تقليدية بضم الساقين إلى البطن وربطهما باليدين أو بشال (عمامة)، وتعتبر جلسة مريحة للراحة والحديث.,general,"[""احتباء""]",[],يستعمل لها أحياناً 'حباك'.,قاموس اللهجة الحضرمية - فهد بن هلابي - ص 42,"[{""f"": ""الجد جالس ضاماً ركبتيه في المجلس ويتحدث."", ""h"": ""الجد مسوي حبوة في المجلس ويسولف.""}, {""f"": ""اترك جلسة الاحتباء وقم للصلاة."", ""h"": ""فك الحبوة وقم صلي.""}]",[],"[""daily life"", ""social customs"", ""behavior"", ""sit""]","الكلمة: حَبْوَة (حبوة)
الجذر: حبو
الفصحى: جلسة ضم الركبتين للبطن
المعنى: طريقة جلوس عربية تقليدية بضم الساقين إلى البطن وربطهما باليدين أو بشال (عمامة)، وتعتبر جلسة مريحة للراحة والحديث.
المرادفات: احتباء
مثال: الجد مسوي حبوة في المجلس ويسولف.
الوسوم: daily life، social customs، behavior، sit
ملاحظة: يستعمل لها أحياناً 'حباك'."
198,الحَنْذُول,الحنذول,alHndhwl,حنذل,Noun,object,خنفساء خضراء يتبركون بها,حشرة من نوع الخنافس لونها أخضر لامع، تظهر بعد المطر وكان الناس قديماً يتفاءلون برؤيتها.,general,"[""خنفساء ملونة""]",[],,قاموس اللهجة الحضرمية - فهد بن هلابي - ص 36,"[{""f"": ""وجدنا خنفساء خضراء اليوم، المطر جلب الخير."", ""h"": ""لقينا حنذول اليوم، المطر جاب الخير.""}, {""f"": ""تلك الحشرات تكثر بعد السيول."", ""h"": ""الحنذول يكثر بعد السيل.""}]",[],"[""nature"", ""insects"", ""green bug""]","الكلمة: الحَنْذُول (الحنذول)
الجذر: حنذل
الفصحى: خنفساء خضراء يتبركون بها
المعنى: حشرة من نوع الخنافس لونها أخضر لامع، تظهر بعد المطر وكان الناس قديماً يتفاءلون برؤيتها.
المرادفات: خنفساء ملونة
مثال: لقينا حنذول اليوم، المطر جاب الخير.
الوسوم: nature، insects، green bug"
199,حَبْ حَبْ,حب حب,Hb Hb,حبب,Noun,object,البطيخ,فاكهة الصيف المعروفة (البطيخ الأحمر)، ومن أشهرها حبحب منطقة ميفع وحجر.,general,"[""بطيخ""]",[],,قاموس اللهجة الحضرمية - فهد بن هلابي - ص 36,"[{""f"": ""البطيخ بارد وحلو المذاق في هذا الحر."", ""h"": ""الحب حب بارد وحالي في هذا الحر.""}, {""f"": ""اشتريت بطيخ ميفع أحمر جداً."", ""h"": ""اشتريت حب حب ميفع أحمر دم.""}]",[],"[""nature"", ""food"", ""melon""]","الكلمة: حَبْ حَبْ (حب حب)
الجذر: حبب
الفصحى: البطيخ
المعنى: فاكهة الصيف المعروفة (البطيخ الأحمر)، ومن أشهرها حبحب منطقة ميفع وحجر.
المرادفات: بطيخ
مثال: الحب حب بارد وحالي في هذا الحر.
الوسوم: nature، food، melon"
200,حَطِيْط,حطيط,HTyT,حطط,Noun,object,نحيف الجسم,وصف للشخص النحيل جداً أو ضعيف البنية.,general,"[""نحيف"", ""ضعيف""]",[],,قاموس اللهجة الحضرمية - فهد بن هلابي - ص 36,"[{""f"": ""سعيد نحيف لا يأكل جيداً."", ""h"": ""سعيد حطيط ما يأكل زين.""}, {""f"": ""الولد يشبه والده في نحافته."", ""h"": ""الولد طالع حطيط لأبوه.""}]",[],"[""human"", ""description"", ""thin person""]","الكلمة: حَطِيْط (حطيط)
الجذر: حطط
الفصحى: نحيف الجسم
المعنى: وصف للشخص النحيل جداً أو ضعيف البنية.
المرادفات: نحيف، ضعيف
مثال: سعيد حطيط ما يأكل زين.
الوسوم: human، description، thin person"
201,الحجِل,الحجل,alHjl,حجل,Noun,object,خلخال فضي خفيف,زينة للقدم تصنع من الفضة وتلبسها النساء، تمتاز بوجود حبات صغيرة (قناقن) تصدر صوتاً عند الحركة.,general,"[""خلخال""]",[],يختلف عن 'حجل' (الأرض الزراعية).,قاموس اللهجة الحضرمية - فهد بن هلابي - ص 36,"[{""f"": ""صوت الخلخال جميل في المنزل."", ""h"": ""صوت الحجل يطرب في البيت.""}, {""f"": ""ارتدت العروس خلخالاً فضياً ثقيلاً."", ""h"": ""لبست العروس حجل فضة ثقيل.""}]",[],"[""daily life"", ""clothing"", ""women""]","الكلمة: الحجِل (الحجل)
الجذر: حجل
الفصحى: خلخال فضي خفيف
المعنى: زينة للقدم تصنع من الفضة وتلبسها النساء، تمتاز بوجود حبات صغيرة (قناقن) تصدر صوتاً عند الحركة.
المرادفات: خلخال
مثال: صوت الحجل يطرب في البيت.
الوسوم: daily life، clothing، women
ملاحظة: يختلف عن 'حجل' (الأرض الزراعية)."
202,الحَمْرَاء,الحمراء,alHmra',حمر,Noun,object,نوع من التمر أحمر اللون,صنف من أصناف التمور الحضرمية المشهورة بلونها الأحمر وطعمها اللذيذ.,general,"[""تمر أحمر""]",[],,قاموس اللهجة الحضرمية - فهد بن هلابي - ص 37,"[{""f"": ""التمر الأحمر طعمه لا يُمل."", ""h"": ""التمر الحمراء طعمه ما يشبع منه.""}, {""f"": ""جنينا اليوم الكثير من التمر الأحمر."", ""h"": ""خرفنا اليوم تمر حمراء كثير.""}]",[],"[""nature"", ""food"", ""agriculture"", ""red date""]","الكلمة: الحَمْرَاء (الحمراء)
الجذر: حمر
الفصحى: نوع من التمر أحمر اللون
المعنى: صنف من أصناف التمور الحضرمية المشهورة بلونها الأحمر وطعمها اللذيذ.
المرادفات: تمر أحمر
مثال: التمر الحمراء طعمه ما يشبع منه.
الوسوم: nature، food، agriculture، red date"
203,الحَاشِدِي,الحاشدي,alHashdy,حشد,Noun,object,نوع من التمر الجيد,نوع فاخر من أنواع التمور في وادي حضرموت.,general,[],[],,قاموس اللهجة الحضرمية - فهد بن هلابي - ص 37,"[{""f"": ""قهوة العصر لا تطيب إلا بتمر حاشدي."", ""h"": ""قهوة العصر ما تحلى إلا بتمر حاشدي.""}, {""f"": ""التمر الحاشدي من أغلى الأنواع."", ""h"": ""الحاشدي من أغلى أنواع التمر.""}]",[],"[""nature"", ""food"", ""agriculture"", ""date""]","الكلمة: الحَاشِدِي (الحاشدي)
الجذر: حشد
الفصحى: نوع من التمر الجيد
المعنى: نوع فاخر من أنواع التمور في وادي حضرموت.
مثال: قهوة العصر ما تحلى إلا بتمر حاشدي.
الوسوم: nature، food، agriculture، date"
204,الحَجْوَة,الحجوة,alHjwh,حجوي,Noun,object,دهليز مدخل البيت الشامي,ممر داخلي في البيت الحضرمي (خاصة في تريم وشبام) يفصل بين الباب الخارجي والداخلي، يستخدم لاستقبال الضيوف من النساء أو للتهوية وكملجأ في الطوارئ.,interior,"[""دهليز"", ""مدخل""]",[],تنطق بكسر الحاء وفتح الواو.,قاموس اللهجة الحضرمية - فهد بن هلابي - ص 37,"[{""f"": ""انتظريني في المدخل الداخلي حتى يغادر الرجال."", ""h"": ""انتظريني في الحجوة حتى يخرج الرجال.""}, {""f"": ""مدخل البيت فيه هواء بارد ومنعش."", ""h"": ""الحجوة فيها هواء بارد يرد الروح.""}]",[],"[""home"", ""architecture"", ""door""]","الكلمة: الحَجْوَة (الحجوة)
الجذر: حجوي
الفصحى: دهليز مدخل البيت الشامي
المعنى: ممر داخلي في البيت الحضرمي (خاصة في تريم وشبام) يفصل بين الباب الخارجي والداخلي، يستخدم لاستقبال الضيوف من النساء أو للتهوية وكملجأ في الطوارئ.
المرادفات: دهليز، مدخل
مثال: انتظريني في الحجوة حتى يخرج الرجال.
الوسوم: home، architecture، door
ملاحظة: تنطق بكسر الحاء وفتح الواو."
205,الحَوْض,الحوض,alHwD,حوض,Noun,object,الحوض بجانب البئر,حوض مائي صغير يبنى بجوار البئر لتفريغ الماء فيه وسقي الحيوانات أو للوضوء والاستخدامات الأخرى.,general,"[""جابية""]",[],,قاموس اللهجة الحضرمية - فهد بن هلابي - ص 37,"[{""f"": ""املأ الحوض بالماء للأغنام."", ""h"": ""املأ الحوض بالموية للغنم.""}, {""f"": ""توضأ من الحوض الموجود بجانب البئر."", ""h"": ""توضأ من الحوض اللي عند البير.""}]",[],"[""water"", ""agriculture"", ""daily life"", ""bath""]","الكلمة: الحَوْض (الحوض)
الجذر: حوض
الفصحى: الحوض بجانب البئر
المعنى: حوض مائي صغير يبنى بجوار البئر لتفريغ الماء فيه وسقي الحيوانات أو للوضوء والاستخدامات الأخرى.
المرادفات: جابية
مثال: املأ الحوض بالموية للغنم.
الوسوم: water، agriculture، daily life، bath"
206,الحَاشِدِي,الحاشدي,alHashdy,حشد,Noun,object,نوع من النخيل,نوع مشهور من أنواع النخيل في حضرموت، يمتاز بجودة ثمره وحجمه الكبير وطعمه اللذيذ.,general,[],[],يعد من الأصناف المفضلة في المنطقة.,قاموس اللهجة الحضرمية - فهد بن هلابي - ص 37,"[{""f"": ""نخل الحاشدي هذا العام ثمره جيد ووفير."", ""h"": ""الحاشدي السنة ثمره طيب وقده واجد.""}]",[],"[""agriculture"", ""plants""]","الكلمة: الحَاشِدِي (الحاشدي)
الجذر: حشد
الفصحى: نوع من النخيل
المعنى: نوع مشهور من أنواع النخيل في حضرموت، يمتاز بجودة ثمره وحجمه الكبير وطعمه اللذيذ.
مثال: الحاشدي السنة ثمره طيب وقده واجد.
الوسوم: agriculture، plants
ملاحظة: يعد من الأصناف المفضلة في المنطقة."
207,حبابه,حبابه,Hbabh,حبب,Noun,person,الجدة,لفظ دارج يُطلق على الجدة (أم الأب أو أم الأم) ويحمل دلالة على المحبة والتقدير.,general,"[""جدة""]",[],,قاموس اللهجة الحضرمية - فهد بن هلابي - ص 37,"[{""f"": ""سنذهب لزيارة جدتي اليوم."", ""h"": ""بنسير نزور حبابه اليوم.""}]",[],"[""family"", ""daily life"", ""grandmother""]","الكلمة: حبابه
الجذر: حبب
الفصحى: الجدة
المعنى: لفظ دارج يُطلق على الجدة (أم الأب أو أم الأم) ويحمل دلالة على المحبة والتقدير.
المرادفات: جدة
مثال: بنسير نزور حبابه اليوم.
الوسوم: family، daily life، grandmother"
208,الحَوْمَر,الحومر,alHwmr,حمر,Noun,object,التمر الهندي,ثمرة التمر الهندي الحامضة، وتستخدم بكثرة في المطبخ الحضرمي لتحضير المرق والوجبات التقليدية.,general,"[""صبار""]","[""الحومرة""]",,قاموس اللهجة الحضرمية - فهد بن هلابي - ص 37,"[{""f"": ""يا ولد اذهب إلى المتجر وأحضر لنا تمراً هندياً لأجل المرق."", ""h"": ""يا ولد رح الدكان وهات لنا حومر عشان المرق.""}, {""f"": ""هذا التمر الهندي شديد الحموضة."", ""h"": ""هذا الحومر حامض بزيادة.""}]",[],"[""daily life"", ""food"", ""indian date""]","الكلمة: الحَوْمَر (الحومر)
الجذر: حمر
الفصحى: التمر الهندي
المعنى: ثمرة التمر الهندي الحامضة، وتستخدم بكثرة في المطبخ الحضرمي لتحضير المرق والوجبات التقليدية.
المرادفات: صبار
مثال: يا ولد رح الدكان وهات لنا حومر عشان المرق.
الوسوم: daily life، food، indian date"
209,الحَضَار,الحضار,alHDar,حضر,Noun,object,سياج أو تحويطة النخلة,سياج يصنع عادة من سعف النخيل (الجريد) يوضع حول النخلة أو المزرعة لحمايتها من المارّة أو الحيوانات، وللحفاظ على المحصول.,general,"[""تحويطة""]",[],وردت في قائمتك بالظاء 'الحظار' والصواب بالضاد 'الحضار' كما في المعجم.,قاموس اللهجة الحضرمية - فهد بن هلابي - ص 37,"[{""f"": ""عملنا سياجاً جديداً لنخلة 'السري' لكي لا يقترب منها أحد."", ""h"": ""صلحنا حضار جديد لنخلة السري عشان ما حد يقربها.""}, {""f"": ""السياج يمنع الغنم من أكل الزرع."", ""h"": ""الحضار يمنع الغنم من أكل الزرع.""}]",[],"[""agriculture"", ""plants"", ""palm tree""]","الكلمة: الحَضَار (الحضار)
الجذر: حضر
الفصحى: سياج أو تحويطة النخلة
المعنى: سياج يصنع عادة من سعف النخيل (الجريد) يوضع حول النخلة أو المزرعة لحمايتها من المارّة أو الحيوانات، وللحفاظ على المحصول.
المرادفات: تحويطة
مثال: صلحنا حضار جديد لنخلة السري عشان ما حد يقربها.
الوسوم: agriculture، plants، palm tree
ملاحظة: وردت في قائمتك بالظاء 'الحظار' والصواب بالضاد 'الحضار' كما في المعجم."
210,الحَرَاوَة,الحراوه,alHrawh,حرو,Noun,person,مراسم إحضار العروس,مراسم ذهاب المعرس وأهله وأصدقائه إلى بيت العروس لأخذها، وعادة ما تتضمن وليمة غداء في بيت أهل العروس.,general,"[""زفة""]",[],,قاموس اللهجة الحضرمية - فهد بن هلابي - ص 38,"[{""f"": ""اليوم بعد الظهر ستنطلق مراسم إحضار العروس من منزل العريس."", ""h"": ""اليوم بعد الظهر بتخرج الحراوة من بيت المعرس.""}, {""f"": ""تناولنا الغداء في زفاف آل فلان وكان الحضور كبيراً."", ""h"": ""تغدينا في حراوة آل فلان وكان الجمع كبير.""}]",[],"[""social customs"", ""marriage"", ""wedding""]","الكلمة: الحَرَاوَة (الحراوه)
الجذر: حرو
الفصحى: مراسم إحضار العروس
المعنى: مراسم ذهاب المعرس وأهله وأصدقائه إلى بيت العروس لأخذها، وعادة ما تتضمن وليمة غداء في بيت أهل العروس.
المرادفات: زفة
مثال: اليوم بعد الظهر بتخرج الحراوة من بيت المعرس.
الوسوم: social customs، marriage، wedding"
211,الحَالُول,الحالول,alHalwl,حلل,Noun,object,نواة النبق,البذرة الصلبة الموجودة داخل حبة النبق (الدوم).,general,"[""نواة""]",[],,قاموس اللهجة الحضرمية - فهد بن هلابي - ص 38,"[{""f"": ""لا تبتلع نواة النبق فهي صلبة."", ""h"": ""لا تبلع الحالول حق الدوم شفه قاسي.""}, {""f"": ""الأطفال يلعبون بنوى النبق في الشارع."", ""h"": ""العيال يلعبون بالحالول في الشارع.""}]",[],"[""nature"", ""plants""]","الكلمة: الحَالُول (الحالول)
الجذر: حلل
الفصحى: نواة النبق
المعنى: البذرة الصلبة الموجودة داخل حبة النبق (الدوم).
المرادفات: نواة
مثال: لا تبلع الحالول حق الدوم شفه قاسي.
الوسوم: nature، plants"
212,الحَرَوِي,الحروي,alHrwy,حرو,Noun,person,المشارك في الزفاف,الشخص الذي يشارك في موكب 'الحراوة' ويذهب مع العريس لإحضار العروس من بيت أهلها.,general,[],[],,قاموس اللهجة الحضرمية - فهد بن هلابي - ص 38,"[{""f"": ""كل شباب الحي سيخرجون كمشاركين في الزفاف مع العريس."", ""h"": ""كل الشباب في الحارة بيخرجون حرويين مع المعرس.""}, {""f"": ""المشارك في الزفاف يجب أن يرتدي أفضل ملابسه."", ""h"": ""الحروي لازم يكون لابس أحسن ما عنده.""}]",[],"[""social customs"", ""marriage"", ""wedding""]","الكلمة: الحَرَوِي (الحروي)
الجذر: حرو
الفصحى: المشارك في الزفاف
المعنى: الشخص الذي يشارك في موكب 'الحراوة' ويذهب مع العريس لإحضار العروس من بيت أهلها.
مثال: كل الشباب في الحارة بيخرجون حرويين مع المعرس.
الوسوم: social customs، marriage، wedding"
213,الحَزَر,الحزر,alHzr,حزر,Noun,object,وحدة قياس منسوب الماء,وحدة عرفية تستخدم لقياس منسوب وصول ماء السيل في الساقية، مثل قولهم ربع الساقية أو نصفها.,general,[],[],,قاموس اللهجة الحضرمية - فهد بن هلابي - ص 38,"[{""f"": ""انظر إلى مستوى منسوب الماء في الساقية كم بلغ اليوم؟"", ""h"": ""شوف الحزر في الساقية كم وصل اليوم؟""}]",[],"[""agriculture"", ""measurement"", ""water level""]","الكلمة: الحَزَر (الحزر)
الجذر: حزر
الفصحى: وحدة قياس منسوب الماء
المعنى: وحدة عرفية تستخدم لقياس منسوب وصول ماء السيل في الساقية، مثل قولهم ربع الساقية أو نصفها.
مثال: شوف الحزر في الساقية كم وصل اليوم؟
الوسوم: agriculture، measurement، water level"
214,الحَدَج,الحدج,alHdj,حدج,Noun,object,الحنظل,نبات بري شديد المرارة، يعرف في الفصحى بالحنظل، ويضرب به المثل في المرارة.,general,"[""حنظل""]",[],,قاموس اللهجة الحضرمية - فهد بن هلابي - ص 38,"[{""f"": ""هذا الدواء طعمه مر مثل الحنظل."", ""h"": ""هذا الدواء طعمه مر مثل الحدج.""}, {""f"": ""الحنظل يملأ الوادي بعد هطول المطر."", ""h"": ""الحدج مالي الوادي بعد المطر.""}]",[],"[""nature"", ""plants""]","الكلمة: الحَدَج (الحدج)
الجذر: حدج
الفصحى: الحنظل
المعنى: نبات بري شديد المرارة، يعرف في الفصحى بالحنظل، ويضرب به المثل في المرارة.
المرادفات: حنظل
مثال: هذا الدواء طعمه مر مثل الحدج.
الوسوم: nature، plants"
215,الحَجِير,الحجير,alHjyr,حجر,Noun,person,الزغاريد,أصوات الفرح التي تطلقها النساء في المناسبات، وتعرف بالزغاريد أو 'الصليق'.,general,"[""زغاريد"", ""صليق""]",[],,قاموس اللهجة الحضرمية - فهد بن هلابي - ص 38,"[{""f"": ""بمجرد دخول العريس الحصن، ارتعفت الزغاريد من كل مكان."", ""h"": ""أول ما دخل المعرس الحصن، ارتفع الحجير من كل مكان.""}, {""f"": ""صوت الزغاريد يسمع من آخر الشارع."", ""h"": ""الحجير يسمع من طرف الشارع.""}]",[],"[""social customs"", ""marriage""]","الكلمة: الحَجِير (الحجير)
الجذر: حجر
الفصحى: الزغاريد
المعنى: أصوات الفرح التي تطلقها النساء في المناسبات، وتعرف بالزغاريد أو 'الصليق'.
المرادفات: زغاريد، صليق
مثال: أول ما دخل المعرس الحصن، ارتفع الحجير من كل مكان.
الوسوم: social customs، marriage"
216,حَاجَة فَنَّانَة,حاجة فنانة,Hajh fnanh,فنن,Expression,expression,شيء رائع أو جميل,تعبير يستخدم لوصف الشيء الجميل جداً أو المتقن أو اللذيذ.,general,"[""حاجة حلوة""]",[],ينطق الجيم ياء في بعض المناطق,قاموس اللهجة الحضرمية - فهد بن هلابي - ص 38,"[{""f"": ""الطبخة اليوم رائعة جداً، سلمت يداك."", ""h"": ""الطبخة اليوم حاجة فنانة، تسلم يدك.""}, {""f"": ""هذا الثوب خاطه خياط بارع، فخرج بشكل رائع."", ""h"": ""هذا الثوب فصلته عند خياط فنان، طلع حايه فنانة.""}]",[],"[""daily life"", ""expressions"", ""beautiful""]","الكلمة: حَاجَة فَنَّانَة (حاجة فنانة)
الجذر: فنن
الفصحى: شيء رائع أو جميل
المعنى: تعبير يستخدم لوصف الشيء الجميل جداً أو المتقن أو اللذيذ.
المرادفات: حاجة حلوة
مثال: الطبخة اليوم حاجة فنانة، تسلم يدك.
الوسوم: daily life، expressions، beautiful
ملاحظة: ينطق الجيم ياء في بعض المناطق"
217,الحَبَر,الحبر,alHbr,حبر,Noun/Verb,action,تساقط البلح الأخضر بعد نضجه الجزئي,مرحلة من مراحل نضج البلح الأخضر (الغاسي) حيث يستحيل لونه ويصبح كالتمر ويسقط تلقائياً من النخلة، فيقوم الناس بالتقاطه وأكله.,general,[],[],,قاموس اللهجة الحضرمية - فهد بن هلابي - ص 38,"[{""f"": ""ذهبنا لنلتقط البلح المتساقط من تحت النخيل."", ""h"": ""سرحنا نلقط الحبر من تحت النخل.""}, {""f"": ""البلح المتساقط طعمه حلو ويذوب في الفم."", ""h"": ""الحبر طعمه حالي ويذوب في الفم.""}]",[],"[""agriculture"", ""food"", ""green date""]","الكلمة: الحَبَر (الحبر)
الجذر: حبر
الفصحى: تساقط البلح الأخضر بعد نضجه الجزئي
المعنى: مرحلة من مراحل نضج البلح الأخضر (الغاسي) حيث يستحيل لونه ويصبح كالتمر ويسقط تلقائياً من النخلة، فيقوم الناس بالتقاطه وأكله.
مثال: سرحنا نلقط الحبر من تحت النخل.
الوسوم: agriculture، food، green date"
218,الحَوَات,الحوات,alHwat,حوت,Noun,object,الدود,لفظ يطلقه الحضارم على الدود بمختلف أنواعه.,general,"[""دود""]",[],,قاموس اللهجة الحضرمية - فهد بن هلابي - ص 38,"[{""f"": ""هذه الثمرة فاسدة، فيها دود."", ""h"": ""هذه الثمرة خربانة، فيها حوات.""}, {""f"": ""احذر من أن يغزو الدود اللحم إذا تركته في الخارج."", ""h"": ""انتبه لا يجي الحوات في اللحم إذا خليته برع.""}]",[],"[""nature"", ""insects""]","الكلمة: الحَوَات (الحوات)
الجذر: حوت
الفصحى: الدود
المعنى: لفظ يطلقه الحضارم على الدود بمختلف أنواعه.
المرادفات: دود
مثال: هذه الثمرة خربانة، فيها حوات.
الوسوم: nature، insects"
219,الحيَوَان,الحيوان,alHywan,حيي,Noun,person,الأطفال الصغار,لفظ يطلق أحياناً في بعض مناطق حضرموت للإشارة إلى الأطفال الصغار.,general,"[""زقرة"", ""جهال""]",[],بكسر الحاء,قاموس اللهجة الحضرمية - فهد بن هلابي - ص 39,"[{""f"": ""الأطفال يلعبون في الفناء."", ""h"": ""الحيوان يلعبون في الحوش.""}]",[],"[""daily life"", ""people"", ""children""]","الكلمة: الحيَوَان (الحيوان)
الجذر: حيي
الفصحى: الأطفال الصغار
المعنى: لفظ يطلق أحياناً في بعض مناطق حضرموت للإشارة إلى الأطفال الصغار.
المرادفات: زقرة، جهال
مثال: الحيوان يلعبون في الحوش.
الوسوم: daily life، people، children
ملاحظة: بكسر الحاء"
220,الحَقَب,الحقب,alHqb,حقب,Noun,object,خيط البطن,خيط يربط حول البطن، تحديداً عند موضع السرة، وكان يعتقد قديماً أنه يقي من الآلام أو الحسد.,general,[],[],من العادات التقليدية القديمة.,قاموس اللهجة الحضرمية - فهد بن هلابي - ص 39,"[{""f"": ""المولود الجديد قد ربطوا له خيط البطن للتو."", ""h"": ""الوليد عادهم ربطوا له الحقب.""}, {""f"": ""يقولون إن خيط البطن جيد لآلام البطن."", ""h"": ""يقولون الحقب زين لوجع البطن.""}]",[],"[""daily life"", ""social customs"", ""stomach""]","الكلمة: الحَقَب (الحقب)
الجذر: حقب
الفصحى: خيط البطن
المعنى: خيط يربط حول البطن، تحديداً عند موضع السرة، وكان يعتقد قديماً أنه يقي من الآلام أو الحسد.
مثال: الوليد عادهم ربطوا له الحقب.
الوسوم: daily life، social customs، stomach
ملاحظة: من العادات التقليدية القديمة."
221,الحَتِي,الحتي,alHty,حتي,Noun,object,مسحوق الدوم المجفف,مسحوق يحضر من ثمار النبق (الدوم) المجفف بعد طحنه، ويؤكل كنوع من المسليات.,general,[],[],,قاموس اللهجة الحضرمية - فهد بن هلابي - ص 39,"[{""f"": ""قديماً كنا نشتري مسحوق النبق من المعصرة بقرش."", ""h"": ""زمان كنا نشتري الحتي من المعصرة بقرش.""}, {""f"": ""هذا مسحوق النبق حلو المذاق ومنخول جيداً."", ""h"": ""هذا الحتي حالي ومنخول زين.""}]",[],"[""daily life"", ""food""]","الكلمة: الحَتِي (الحتي)
الجذر: حتي
الفصحى: مسحوق الدوم المجفف
المعنى: مسحوق يحضر من ثمار النبق (الدوم) المجفف بعد طحنه، ويؤكل كنوع من المسليات.
مثال: زمان كنا نشتري الحتي من المعصرة بقرش.
الوسوم: daily life، food"
222,الحَتِيكَة,الحتيكة,alHtykh,حتك,Noun,object,مسحوق غسيل نباتي,مسحوق نباتي كان يستخدم قديماً كبديل للصابون، خاصة للنساء لغسل الشعر والجسم.,general,[],[],كانت تستخدم قبل انتشار المنظفات الكيماوية.,قاموس اللهجة الحضرمية - فهد بن هلابي - ص 39,"[{""f"": ""النساء المسنات لا يزلن يفضلن الغسل بالمسحوق النباتي القديم."", ""h"": ""العجايز للحين يحبون يغسلون بالحتيكة.""}, {""f"": ""الحتيكة تجعل الشعر ناعماً ونظيفاً."", ""h"": ""الحتيكة تخلي الشعر ناعم ونظيف.""}]",[],"[""daily life"", ""nature""]","الكلمة: الحَتِيكَة (الحتيكة)
الجذر: حتك
الفصحى: مسحوق غسيل نباتي
المعنى: مسحوق نباتي كان يستخدم قديماً كبديل للصابون، خاصة للنساء لغسل الشعر والجسم.
مثال: العجايز للحين يحبون يغسلون بالحتيكة.
الوسوم: daily life، nature
ملاحظة: كانت تستخدم قبل انتشار المنظفات الكيماوية."
223,الحَرَو,الحرو,alHrw,حرو,Noun,object,جريان السيل,جريان الماء في الوادي أو الساقية نتيجة السيول، ويزيد وينقص حسب قوة المطر.,general,"[""سيل""]",[],,قاموس اللهجة الحضرمية - فهد بن هلابي - ص 39,"[{""f"": ""جريان السيل في الوادي اليوم قوي، احذر من الاقتراب من المزارع."", ""h"": ""الحرو اليوم في الوادي قوي، انتبه لا تقرب الجرب.""}, {""f"": ""الساقية ممتلئة بفضل جريان السيل الذي حدث ليلة أمس."", ""h"": ""الساقية ممتلية من الحرو اللي جاء ليلة أمس.""}]",[],"[""agriculture"", ""nature"", ""river""]","الكلمة: الحَرَو (الحرو)
الجذر: حرو
الفصحى: جريان السيل
المعنى: جريان الماء في الوادي أو الساقية نتيجة السيول، ويزيد وينقص حسب قوة المطر.
المرادفات: سيل
مثال: الحرو اليوم في الوادي قوي، انتبه لا تقرب الجرب.
الوسوم: agriculture، nature، river"
224,الحَبُوس,الحبوس,alHbws,حبس,Noun,object,تميمة جلدية,تميمة تصنع من جلد الغنم، توضع عادة في أعلى ساعد الطفل المولود، ويعتقد أنها تحميه من العين.,general,[],[],معتقد شعبي قديم.,قاموس اللهجة الحضرمية - فهد بن هلابي - ص 39,"[{""f"": ""ربطوا للطفل تميمة جلدية في عضده."", ""h"": ""ربطوا للجاهل حبوس في عضده.""}, {""f"": ""التميمة الجلدية لم تكن تفارق يد الطفل قديماً."", ""h"": ""الحبوس كان ما يفارق يد الطفل زمان.""}]",[],"[""social customs"", ""children"", ""baby""]","الكلمة: الحَبُوس (الحبوس)
الجذر: حبس
الفصحى: تميمة جلدية
المعنى: تميمة تصنع من جلد الغنم، توضع عادة في أعلى ساعد الطفل المولود، ويعتقد أنها تحميه من العين.
مثال: ربطوا للجاهل حبوس في عضده.
الوسوم: social customs، children، baby
ملاحظة: معتقد شعبي قديم."
225,حَنَّاق,حناق,Hnaq,حنق,Adjective,emotion,سريع الغضب أو الزعل,تطلق على الشخص الذي يغضب بسرعة أو يسهل إغضابه من أقل فعل.,general,"[""زعلول""]",[],,قاموس اللهجة الحضرمية - فهد بن هلابي - ص 39,"[{""f"": ""لا تمازحه فهو سريع الغضب وسوف يزعل منك."", ""h"": ""لا تمازحه تراه حناق وبزعل عليك.""}, {""f"": ""فلان سريع الزعل، أي كلمة تؤثر فيه."", ""h"": ""فلان حناق، أي كلمة تأثر فيه.""}]",[],"[""emotions"", ""personalities"", ""angry""]","الكلمة: حَنَّاق (حناق)
الجذر: حنق
الفصحى: سريع الغضب أو الزعل
المعنى: تطلق على الشخص الذي يغضب بسرعة أو يسهل إغضابه من أقل فعل.
المرادفات: زعلول
مثال: لا تمازحه تراه حناق وبزعل عليك.
الوسوم: emotions، personalities، angry"
226,الحِصْن,الحصن,alHSn,حصن,Noun,object,حصن أو بناء محصن,بناء عالي وكبير يتميز بالتحصين القوي، ويحتوي داخله على بئر ومصلى ومخازن للطعام، ويستخدم للسكن والدفاع.,general,"[""قصر""]",[],تشتهر حضرموت بحصونها التاريخية المبنية من الطين.,قاموس اللهجة الحضرمية - فهد بن هلابي - ص 39,"[{""f"": ""حصن آل فلان مرتفع في وسط القرية."", ""h"": ""حصن آل فلان شامخ وسط البلاد.""}, {""f"": ""دخلنا الحصن وشاهدنا مخازن التمر القديمة."", ""h"": ""دخلنا الحصن وتفرجنا على مخازن التمر القديمة.""}]",[],"[""architecture"", ""history""]","الكلمة: الحِصْن (الحصن)
الجذر: حصن
الفصحى: حصن أو بناء محصن
المعنى: بناء عالي وكبير يتميز بالتحصين القوي، ويحتوي داخله على بئر ومصلى ومخازن للطعام، ويستخدم للسكن والدفاع.
المرادفات: قصر
مثال: حصن آل فلان شامخ وسط البلاد.
الوسوم: architecture، history
ملاحظة: تشتهر حضرموت بحصونها التاريخية المبنية من الطين."
227,الحَشَف,الحشف,alHshf,حشف,Noun,object,التمر اليابس الرديء,التمر الذي جف بطريقة غير جيدة فأصبح يابساً ورديئاً.,general,[],[],,قاموس اللهجة الحضرمية - فهد بن هلابي - ص 40,"[{""f"": ""هذا التمر كله يابس ورديء، لا يصلح للضيوف."", ""h"": ""هذا التمر كله حشف، ما يصلح للضيوف.""}, {""f"": ""يبدو أن النخلة عطشت فخرج ثمرها يابساً."", ""h"": ""الظاهر إن النخلة عطشت وطلع ثمرها حشف.""}]","[""الحشف ما يلتقين""]","[""agriculture"", ""food""]","الكلمة: الحَشَف (الحشف)
الجذر: حشف
الفصحى: التمر اليابس الرديء
المعنى: التمر الذي جف بطريقة غير جيدة فأصبح يابساً ورديئاً.
مثال: هذا التمر كله حشف، ما يصلح للضيوف.
الوسوم: agriculture، food"
228,الحَبْل,الحبل,alHbl,حبل,Noun,object,صف حجارة في الأساس,صف من الحجارة بارتفاع معين (حوالي نصف متر) يوضع في أساس البيت لحمايته من رطوبة الأرض ومياه الأمطار، ثم يبنى فوقه بالمدر (الطين).,general,[],[],,قاموس اللهجة الحضرمية - فهد بن هلابي - ص 40,"[{""f"": ""البناء وضع صف الحجارة لأساس البيت اليوم."", ""h"": ""البناء رص الحبل حق الساس اليوم.""}, {""f"": ""يجب أن يكون صف حجارة الأساس قوياً لكي لا يهبط البيت."", ""h"": ""لازم الحبل يكون قوي عشان الدار ما تهبط.""}]",[],"[""construction"", ""wall""]","الكلمة: الحَبْل (الحبل)
الجذر: حبل
الفصحى: صف حجارة في الأساس
المعنى: صف من الحجارة بارتفاع معين (حوالي نصف متر) يوضع في أساس البيت لحمايته من رطوبة الأرض ومياه الأمطار، ثم يبنى فوقه بالمدر (الطين).
مثال: البناء رص الحبل حق الساس اليوم.
الوسوم: construction، wall"
229,الحِرَّة,الحره,alHrh,حرر,Noun,object,فتحة تصريف الماء,مدخل يبنى من الحجر والنورة للتحكم في دخول الماء من الساقية إلى المزرعة (الجرب).,general,[],[],,قاموس اللهجة الحضرمية - فهد بن هلابي - ص 40,"[{""f"": ""افتح فتحة التصريف ليدخل ماء السيل إلى المزرعة."", ""h"": ""افتح الحرة عشان السيل يدخل الجرب.""}]",[],"[""agriculture"", ""water""]","الكلمة: الحِرَّة (الحره)
الجذر: حرر
الفصحى: فتحة تصريف الماء
المعنى: مدخل يبنى من الحجر والنورة للتحكم في دخول الماء من الساقية إلى المزرعة (الجرب).
مثال: افتح الحرة عشان السيل يدخل الجرب.
الوسوم: agriculture، water"
230,الحِنَّا,الحنا,alHna,حني,Noun,person,ليلة الحناء,تطلق على ليلة العرس التي يتم فيها وضع الحناء للعريس أو العروس، وهي ليلة فرح واحتفال.,general,[],[],,قاموس اللهجة الحضرمية - فهد بن هلابي - ص 40,"[{""f"": ""غداً ليلة الحناء لفلان، والجميع مدعو."", ""h"": ""بكرة ليلة الحنا حق فلان، الكل معزوم.""}, {""f"": ""ليلة الحناء الحضرمية لها طقوس خاصة وجميلة."", ""h"": ""الحنا الحضرميه لها طقوس خاصة وجميلة.""}]",[],"[""social customs"", ""marriage"", ""night""]","الكلمة: الحِنَّا (الحنا)
الجذر: حني
الفصحى: ليلة الحناء
المعنى: تطلق على ليلة العرس التي يتم فيها وضع الحناء للعريس أو العروس، وهي ليلة فرح واحتفال.
مثال: بكرة ليلة الحنا حق فلان، الكل معزوم.
الوسوم: social customs، marriage، night"
231,حَيْدَر عَبَّاد,حيدر عباد,Hydr 3bad,,Noun,object,شال قطني هندي,نوع من أنواع الشيلان الهندية المصنوعة من القطن، كانت تستورد قديماً وتلبس في حضرموت.,general,[],[],,قاموس اللهجة الحضرمية - فهد بن هلابي - ص 40,"[{""f"": ""جدي لا يزال يحتفظ بشال 'حيدر عباد' الخاص به."", ""h"": ""جدي للحين محتفظ بشال حيدر عباد حقه.""}, {""f"": ""شال حيدر عباد قطنه بارد وممتاز في فصل الصيف."", ""h"": ""حيدر عباد قطنه بارد وممتاز في الصيف.""}]",[],"[""daily life"", ""clothing"", ""indian clothes""]","الكلمة: حَيْدَر عَبَّاد (حيدر عباد)
الفصحى: شال قطني هندي
المعنى: نوع من أنواع الشيلان الهندية المصنوعة من القطن، كانت تستورد قديماً وتلبس في حضرموت.
مثال: جدي للحين محتفظ بشال حيدر عباد حقه.
الوسوم: daily life، clothing، indian clothes"
232,الحُقَّة,الحقه,alHqh,حقق,Noun,object,وعاء صغير,وعاء صغير كان يستخدم قديماً لحفظ الحنظل المطحون أو المكسرات أو بعض الأغراض الصغيرة.,general,[],[],,قاموس اللهجة الحضرمية - فهد بن هلابي - ص 40,"[{""f"": ""أحضر الوعاء الذي يحتوي على اللوز."", ""h"": ""هات الحقة اللي فيها اللوز.""}]",[],"[""daily life"", ""box""]","الكلمة: الحُقَّة (الحقه)
الجذر: حقق
الفصحى: وعاء صغير
المعنى: وعاء صغير كان يستخدم قديماً لحفظ الحنظل المطحون أو المكسرات أو بعض الأغراض الصغيرة.
مثال: هات الحقة اللي فيها اللوز.
الوسوم: daily life، box"
233,الحَوْش,الحوش,alHwsh,حوش,Noun,object,حظيرة أو فناء مسور, قطعة أرض محاطة بسور تستخدم عادة لحفظ المواشي (البهائم) او سور البيت .,general,"[""زريبة""]",[],,قاموس اللهجة الحضرمية - فهد بن هلابي - ص 40,"[{""f"": ""أعد الأغنام إلى الحظيرة قبل حلول الليل."", ""h"": ""رد الغنم في الحوش قبل ما يجي الليل.""}, {""f"": ""نظفنا حظيرة المواشي اليوم لأجل العيد."", ""h"": ""نظفنا الحوش اليوم عشان العيد.""}]",[],"[""agriculture"", ""home""]","الكلمة: الحَوْش (الحوش)
الجذر: حوش
الفصحى: حظيرة أو فناء مسور
المعنى: قطعة أرض محاطة بسور تستخدم عادة لحفظ المواشي (البهائم) او سور البيت .
المرادفات: زريبة
مثال: رد الغنم في الحوش قبل ما يجي الليل.
الوسوم: agriculture، home"
234,الحَسْحَس,الحسحس,alHsHs,حسس,Noun,object,نوع من الصخور,نوع من أنواع الصخور الصغيرة أو البطحاء، تستخدم في البناء، وأحياناً توضع في النار لإنضاج بعض أنواع الحبوب مثل 'الدجر'.,general,[],[],,قاموس اللهجة الحضرمية - فهد بن هلابي - ص 40,"[{""f"": ""أحضر بعض الصخور الصغيرة لنصلح الخلطة (الأسمنتية)."", ""h"": ""جيب شوية حسحس عشان نصلح الخلطة.""}, {""f"": ""حبوب 'الدجر' المنضجة على الصخور الساخنة لها طعم مختلف."", ""h"": ""الدجر المستوي على الحسحس طعمه غير.""}]",[],"[""construction"", ""food""]","الكلمة: الحَسْحَس (الحسحس)
الجذر: حسس
الفصحى: نوع من الصخور
المعنى: نوع من أنواع الصخور الصغيرة أو البطحاء، تستخدم في البناء، وأحياناً توضع في النار لإنضاج بعض أنواع الحبوب مثل 'الدجر'.
مثال: جيب شوية حسحس عشان نصلح الخلطة.
الوسوم: construction، food"
235,الحَنِيشَة,الحنيشة,alHnyshh,حنش,Noun,object,حزام فضي,حزام مصنوع من الفضة، يتميز بطوله والتواءاته (يشبه الحنش/الثعبان)، ترتديه المرأة البدوية حول خصرها للزينة.,general,[],[],من أدوات الزينة التقليدية القديمة.,قاموس اللهجة الحضرمية - فهد بن هلابي - ص 41,"[{""f"": ""ارتدت المرأة البدوية الحزام الفضي الملتوي في العرس."", ""h"": ""البدوية لبست الحنيشة في العرس.""}, {""f"": ""هذا الحزام من الفضة الخالصة وهو ثقيل عند ارتدائه."", ""h"": ""الحنيشة من الفضة الخالصة وثقيلة في اللبس.""}]",[],"[""social customs"", ""clothing""]","الكلمة: الحَنِيشَة (الحنيشة)
الجذر: حنش
الفصحى: حزام فضي
المعنى: حزام مصنوع من الفضة، يتميز بطوله والتواءاته (يشبه الحنش/الثعبان)، ترتديه المرأة البدوية حول خصرها للزينة.
مثال: البدوية لبست الحنيشة في العرس.
الوسوم: social customs، clothing
ملاحظة: من أدوات الزينة التقليدية القديمة."
236,الحَشِيش,الحشيش,alHshysh,حشش,Noun,object,أعشاب برية,الأعشاب والنباتات البرية التي تنبت تلقائياً دون زراعة، وتستخدم غالباً علفاً للمواشي.,general,"[""علف""]",[],,قاموس اللهجة الحضرمية - فهد بن هلابي - ص 41,"[{""f"": ""الوادي اليوم مليء بالأعشاب الخضراء."", ""h"": ""الوادي اليوم مليان حشيش أخضر.""}, {""f"": ""اذهب واقطع أعشاباً للأغنام من حافة الساقية."", ""h"": ""رح احش حشيش للغنم من الساقية.""}]",[],"[""nature"", ""agriculture""]","الكلمة: الحَشِيش (الحشيش)
الجذر: حشش
الفصحى: أعشاب برية
المعنى: الأعشاب والنباتات البرية التي تنبت تلقائياً دون زراعة، وتستخدم غالباً علفاً للمواشي.
المرادفات: علف
مثال: الوادي اليوم مليان حشيش أخضر.
الوسوم: nature، agriculture"
237,الحَشَك,الحشك,alHshk,حشك,Noun,object,صغار الحطب,الأغصان الدقيقة الجافة أو بقايا ليف النخيل التي تستخدم كوقود لبدء إشعال النار.,general,[],[],يتم وضعه بين الحطب لتسهيل الاشتعال.,قاموس اللهجة الحضرمية - فهد بن هلابي - ص 41,"[{""f"": ""ضعوا الأغصان الصغيرة بين الحطب لكي تشتعل النار بسرعة."", ""h"": ""رصوا الحشك بين الحطب عشان تشب النار بسرعة.""}]",[],"[""daily life"", ""nature""]","الكلمة: الحَشَك (الحشك)
الجذر: حشك
الفصحى: صغار الحطب
المعنى: الأغصان الدقيقة الجافة أو بقايا ليف النخيل التي تستخدم كوقود لبدء إشعال النار.
مثال: رصوا الحشك بين الحطب عشان تشب النار بسرعة.
الوسوم: daily life، nature
ملاحظة: يتم وضعه بين الحطب لتسهيل الاشتعال."
238,حَمَّة السَّيْل,حمة السيل,Hmh alsyl,حمم,Noun,object,ذروة السيل,أقصى قوة للسيل وأعلى نقطة يصل إليها في المنسوب والاندفاع.,general,[],[],,قاموس اللهجة الحضرمية - فهد بن هلابي - ص 41,"[{""f"": ""ذروة السيل جرفت سد المزرعة."", ""h"": ""حمة السيل شلت عقم الجرب.""}, {""f"": ""لا تقتربوا من الوادي ما دام السيل في ذروة قوته."", ""h"": ""لا تقربون الوادي والحمة عادها ما خفت.""}]",[],"[""nature"", ""water""]","الكلمة: حَمَّة السَّيْل (حمة السيل)
الجذر: حمم
الفصحى: ذروة السيل
المعنى: أقصى قوة للسيل وأعلى نقطة يصل إليها في المنسوب والاندفاع.
مثال: حمة السيل شلت عقم الجرب.
الوسوم: nature، water"
239,حَطَّت الدَّار,حطت الدار,HTt aldar,حطط,Verb Phrase,action,تماسكت الدار واستقرت,تقال للبيت المبني من الطين بعد مرور فترة من الزمن عليه، حيث تجف جدرانه وتتماسك وتختفي الشقوق (الصدوع) ويصبح آمناً للسكن.,general,[],[],,قاموس اللهجة الحضرمية - فهد بن هلابي - ص 41,"[{""f"": ""الدار ولله الحمد تماسكت واختفت الشقوق منها."", ""h"": ""الدار الحمد لله حطت وقرت الصدوع فيها.""}, {""f"": ""انتظر سنة حتى يتماسك بناء البيت ثم قم بطلائه."", ""h"": ""اصبر سنة حتى تحط الدار وبعدين ادهنها.""}]",[],"[""construction"", ""home"", ""house""]","الكلمة: حَطَّت الدَّار (حطت الدار)
الجذر: حطط
الفصحى: تماسكت الدار واستقرت
المعنى: تقال للبيت المبني من الطين بعد مرور فترة من الزمن عليه، حيث تجف جدرانه وتتماسك وتختفي الشقوق (الصدوع) ويصبح آمناً للسكن.
مثال: الدار الحمد لله حطت وقرت الصدوع فيها.
الوسوم: construction، home، house"
240,الحَيْدَوَان,الحيدوان,alHydwan,حيد,Noun,object,إناء لطبخ العصيد,إناء تقليدي خاص يستخدم لطبخ أكلة 'العصيد' الحضرمية، ويمتاز بجودته وغلاء ثمنه.,general,[],[],,قاموس اللهجة الحضرمية - فهد بن هلابي - ص 42,"[{""f"": ""العصيد المطبوخة في إناء الحيدوان طعمها مختلف ومميز."", ""h"": ""عصيد الحيدوان طعمها غير.""}, {""f"": ""اشتروا إناء حيدوان جديد لأجل زفاف فلان."", ""h"": ""اشتروا حيدوان جديد عشان عرس فلان.""}]",[],"[""daily life"", ""food"", ""cooking""]","الكلمة: الحَيْدَوَان (الحيدوان)
الجذر: حيد
الفصحى: إناء لطبخ العصيد
المعنى: إناء تقليدي خاص يستخدم لطبخ أكلة 'العصيد' الحضرمية، ويمتاز بجودته وغلاء ثمنه.
مثال: عصيد الحيدوان طعمها غير.
الوسوم: daily life، food، cooking"
241,الحَنْكَة,الحنكة,alHnkh,حنك,Noun,object,مجرى تصريف الحمام,قناة أو مجرى مخصص لتصريف المياه في أماكن الطهارة أو الحمامات.,general,"[""مجرى""]",[],,قاموس اللهجة الحضرمية - فهد بن هلابي - ص 42,"[{""f"": ""نظف مجرى التصريف فإن الماء محبوس."", ""h"": ""نظف الحنكة شف الماء محبوس.""}, {""f"": ""مجرى التصريف يجب أن يكون واسعاً لكي لا ينسد."", ""h"": ""الحنكة لازم تكون وسيعة عشان ما تنسد.""}]",[],"[""home"", ""architecture"", ""bathroom""]","الكلمة: الحَنْكَة (الحنكة)
الجذر: حنك
الفصحى: مجرى تصريف الحمام
المعنى: قناة أو مجرى مخصص لتصريف المياه في أماكن الطهارة أو الحمامات.
المرادفات: مجرى
مثال: نظف الحنكة شف الماء محبوس.
الوسوم: home، architecture، bathroom"
242,حَيْط,حيط,HyT,حيط,Noun,object,بستان صغير,مساحة صغيرة مزروعة تكون عادة ملحقة بالمنزل أو قريبة منه.,general,"[""بستان""]",[],,قاموس اللهجة الحضرمية - فهد بن هلابي - ص 42,"[{""f"": ""جدي جالس في البستان الصغير يسقي الأشجار."", ""h"": ""جدي قاعد في الحيط يسقي الشجر.""}, {""f"": ""بستاننا الصغير فيه شجر ليمون ونخيل."", ""h"": ""الحيط حقنا فيه ليمون ونخل.""}]",[],"[""agriculture"", ""home"", ""garden""]","الكلمة: حَيْط (حيط)
الجذر: حيط
الفصحى: بستان صغير
المعنى: مساحة صغيرة مزروعة تكون عادة ملحقة بالمنزل أو قريبة منه.
المرادفات: بستان
مثال: جدي قاعد في الحيط يسقي الشجر.
الوسوم: agriculture، home، garden"
243,الحَمَّة,الحمه,alHmh,حمم,Noun,object,ماء آسن,الماء الراكد الذي تغير لونه ورائحته نتيجة طول بقائه واختلاط الأوساخ به.,general,"[""ماء آسن""]",[],بفتح الحاء وكسر الميم,قاموس اللهجة الحضرمية - فهد بن هلابي - ص 42,"[{""f"": ""لا تقتربوا من الماء الآسن ففيه الكثير من البعوض."", ""h"": ""لا تقربون من الحمة فيها بعوض واجد.""}, {""f"": ""هذا البئر صار ماؤه آسناً ولا أحد يشرب منه."", ""h"": ""هذا البير صار حمة ما حد يشرب منه.""}]",[],"[""nature"", ""water""]","الكلمة: الحَمَّة (الحمه)
الجذر: حمم
الفصحى: ماء آسن
المعنى: الماء الراكد الذي تغير لونه ورائحته نتيجة طول بقائه واختلاط الأوساخ به.
المرادفات: ماء آسن
مثال: لا تقربون من الحمة فيها بعوض واجد.
الوسوم: nature، water
ملاحظة: بفتح الحاء وكسر الميم"
244,الحَرْثَان,الحرثان,alHrthan,حرث,Noun,person,المزارعون,لقب يطلق على العاملين في الأرض والزراعة (الحراثة).,general,"[""مزارعين"", ""فلاحين""]",[],,قاموس اللهجة الحضرمية - فهد بن هلابي - ص 42,"[{""f"": ""المزارعون اجتمعوا اليوم في الوادي."", ""h"": ""الحرثان اجتمعوا اليوم في الوادي.""}]",[],"[""agriculture"", ""people"", ""farmer""]","الكلمة: الحَرْثَان (الحرثان)
الجذر: حرث
الفصحى: المزارعون
المعنى: لقب يطلق على العاملين في الأرض والزراعة (الحراثة).
المرادفات: مزارعين، فلاحين
مثال: الحرثان اجتمعوا اليوم في الوادي.
الوسوم: agriculture، people، farmer"
245,الحَشّ,الحش,alHsh,حشش,Noun,object,مجمع نفايات,المكان المخصص لجمع النفايات البشرية، ويكون عادة في الجهة الخلفية من البيت الطيني.,general,[],[],جزء من تصميم البيوت الطينية القديمة.,قاموس اللهجة الحضرمية - فهد بن هلابي - ص 42,"[{""f"": ""مجمع النفايات بعيد عن واجهة البيت."", ""h"": ""الحش بعيد عن واجهة الدار.""}]",[],"[""home"", ""architecture"", ""trash""]","الكلمة: الحَشّ (الحش)
الجذر: حشش
الفصحى: مجمع نفايات
المعنى: المكان المخصص لجمع النفايات البشرية، ويكون عادة في الجهة الخلفية من البيت الطيني.
مثال: الحش بعيد عن واجهة الدار.
الوسوم: home، architecture، trash
ملاحظة: جزء من تصميم البيوت الطينية القديمة."
246,الحِلْتِيت,الحلتيت,alHltyt,حلت,Noun,object,نبات طبي,خلاصة نبات طبي مرّ وشديد الرائحة الكريهة، يستخدم في الطب الشعبي لعلاج الرياح وآلام البطن.,general,[],[],,قاموس اللهجة الحضرمية - فهد بن هلابي - ص 42,"[{""f"": ""سقوه الحلتيت لكي تذهب الغازات من بطنه."", ""h"": ""شربوه حلتيت عشان تروح الرياح من بطنه.""}, {""f"": ""رائحة الحلتيت قوية وتملأ البيت."", ""h"": ""ريحة الحلتيت قوية ومالية البيت.""}]",[],"[""daily life"", ""nature"", ""plant""]","الكلمة: الحِلْتِيت (الحلتيت)
الجذر: حلت
الفصحى: نبات طبي
المعنى: خلاصة نبات طبي مرّ وشديد الرائحة الكريهة، يستخدم في الطب الشعبي لعلاج الرياح وآلام البطن.
مثال: شربوه حلتيت عشان تروح الرياح من بطنه.
الوسوم: daily life، nature، plant"
247,الحَيْبُور,الحيبور,alHybwr,حبر,Noun,object,حافة الشيء,النتوء البارز أو الحافة الخارجية للشيء، مثل قولهم 'حيبور الريم' أي حافة السطح.,general,"[""حافة""]",[],,قاموس اللهجة الحضرمية - فهد بن هلابي - ص 42,"[{""f"": ""لا تمشِ على حافة السطح لكي لا تسقط."", ""h"": ""لا تمشي على حيبور الريم تراك بتطيح.""}, {""f"": ""ضع الكأس بعيداً عن الحافة."", ""h"": ""حط الكاس بعيد عن الحيبور.""}]",[],"[""daily life""]","الكلمة: الحَيْبُور (الحيبور)
الجذر: حبر
الفصحى: حافة الشيء
المعنى: النتوء البارز أو الحافة الخارجية للشيء، مثل قولهم 'حيبور الريم' أي حافة السطح.
المرادفات: حافة
مثال: لا تمشي على حيبور الريم تراك بتطيح.
الوسوم: daily life"
248,الحَيْق,الحيق,alHyq,حيق,Noun,object,السهل المنبسط,الأرض السهلة والمنبسطة، وإليها ينسب اسم قبيلة 'الحيقي'.,general,"[""سهل""]",[],,قاموس اللهجة الحضرمية - فهد بن هلابي - ص 42,"[{""f"": ""هذه المنطقة سهلية منبسطة، السير فيها مريح."", ""h"": ""هذه البلاد حيق، السير فيها مريح.""}]",[],"[""nature"", ""flat""]","الكلمة: الحَيْق (الحيق)
الجذر: حيق
الفصحى: السهل المنبسط
المعنى: الأرض السهلة والمنبسطة، وإليها ينسب اسم قبيلة 'الحيقي'.
المرادفات: سهل
مثال: هذه البلاد حيق، السير فيها مريح.
الوسوم: nature، flat"
249,الحِلِي,الحلي,alHly,حلي,Noun,object,أداة حرث,أداة خشبية تقليدية تنتهي بسن حديدية تستخدم لحرث الأرض وعمل شقوق فيها لبذر الحبوب.,general,"[""محراث""]",[],,قاموس اللهجة الحضرمية - فهد بن هلابي - ص 42,"[{""f"": ""المحراث انكسرت سنته الحديدية."", ""h"": ""الحلي انكسر سنة الحديد حقه.""}, {""f"": ""المزارع حمل المحراث وذهب للمزرعة."", ""h"": ""الحارث شال الحلي وراح الجرب.""}]",[],"[""agriculture"", ""tool""]","الكلمة: الحِلِي (الحلي)
الجذر: حلي
الفصحى: أداة حرث
المعنى: أداة خشبية تقليدية تنتهي بسن حديدية تستخدم لحرث الأرض وعمل شقوق فيها لبذر الحبوب.
المرادفات: محراث
مثال: الحلي انكسر سنة الحديد حقه.
الوسوم: agriculture، tool"
250,الحَرْمَل,الحرمل,alHrml,حرمل,Noun,object,نبات بري طبي,نبات بري معروف في حضرموت، يستخدم في الطب الشعبي كعلاج لبعض الأمراض.,general,[],[],,قاموس اللهجة الحضرمية - فهد بن هلابي - ص 42,"[{""f"": ""بخروا البيت بنبات الحرمل اتقاءً للعين."", ""h"": ""بخروا البيت بالحرمل عشان العين.""}, {""f"": ""نبات الحرمل ينبت في البراري والوديان."", ""h"": ""الحرمل ينبت في الخبوت والوديان.""}]",[],"[""nature"", ""plants""]","الكلمة: الحَرْمَل (الحرمل)
الجذر: حرمل
الفصحى: نبات بري طبي
المعنى: نبات بري معروف في حضرموت، يستخدم في الطب الشعبي كعلاج لبعض الأمراض.
مثال: بخروا البيت بالحرمل عشان العين.
الوسوم: nature، plants"
251,الحَصَاة,الحصاة,alHSah,حصي,Noun,object,الحجرة الصغيرة,الحجر الصغير، وتجمع على 'حصى'.,general,"[""حجرة""]",[],,قاموس اللهجة الحضرمية - فهد بن هلابي - ص 42,"[{""f"": ""رمى الطفل حجرة صغيرة في البئر."", ""h"": ""رجم الزقر حصاة في البير.""}, {""f"": ""الطريق كلها حجارة صغيرة، احذر وأنت تمشي."", ""h"": ""الطريق كلها حصى، انتبه وأنت تمشي.""}]","[""ما ينط العود إلا من حصاة""]","[""nature"", ""stone""]","الكلمة: الحَصَاة (الحصاة)
الجذر: حصي
الفصحى: الحجرة الصغيرة
المعنى: الحجر الصغير، وتجمع على 'حصى'.
المرادفات: حجرة
مثال: رجم الزقر حصاة في البير.
الوسوم: nature، stone"
252,الخَشْم,الخشم,alkhshm,خشم,Noun,object,الركن أو الأنف,تستخدم في حضرموت للإشارة إلى ركن البيت أو زاوية الغرفة، كما تستخدم بمعنى الأنف.,general,"[""ركن"", ""زاوية""]",[],يقال 'خشم الدار' أي زاوية البيت.,قاموس اللهجة الحضرمية - فهد بن هلابي - ص 43,"[{""f"": ""ضع الكرسي في ركن الغرفة."", ""h"": ""حط الكرسي في خشم الغرفة.""}, {""f"": ""الأنف ينزف دماً من الضربة."", ""h"": ""الخشم يقطر دم من الضربة.""}]",[],"[""daily life"", ""home"", ""corner"", ""nose""]","الكلمة: الخَشْم (الخشم)
الجذر: خشم
الفصحى: الركن أو الأنف
المعنى: تستخدم في حضرموت للإشارة إلى ركن البيت أو زاوية الغرفة، كما تستخدم بمعنى الأنف.
المرادفات: ركن، زاوية
مثال: حط الكرسي في خشم الغرفة.
الوسوم: daily life، home، corner، nose
ملاحظة: يقال 'خشم الدار' أي زاوية البيت."
253,الخَبْت,الخبت,alkhbt,خبت,Noun,object,البراري البعيدة,الأراضي القفر والبراري البعيدة الخالية من السكان، وجمعها 'خبوت'.,general,"[""برية"", ""قفر""]",[],,قاموس اللهجة الحضرمية - فهد بن هلابي - ص 43,"[{""f"": ""أطلقوا الأغنام في البراري البعيدة."", ""h"": ""سرحوا الغنم في الخبت البعيد.""}, {""f"": ""البرية اليوم فيها هواء بارد ومنعش جداً."", ""h"": ""الخبت اليوم فيه هواء بارد يرد الروح.""}]",[],"[""nature"", ""farmland""]","الكلمة: الخَبْت (الخبت)
الجذر: خبت
الفصحى: البراري البعيدة
المعنى: الأراضي القفر والبراري البعيدة الخالية من السكان، وجمعها 'خبوت'.
المرادفات: برية، قفر
مثال: سرحوا الغنم في الخبت البعيد.
الوسوم: nature، farmland"
254,الخَمِير,الخمير,alkhmyr,خمر,Noun,object,خبز الخمير,نوع من أنواع الخبز التقليدي المشهور في حضرموت، يعجن ويترك فترة ليتخمر قبل خبزه في التنور.,general,"[""باخمري""]",[],من أهم وجبات الإفطار الحضرمية.,قاموس اللهجة الحضرمية - فهد بن هلابي - ص 43,"[{""f"": ""فطورنا اليوم خبز خمير وشاي بالحليب."", ""h"": ""فطورنا اليوم خمير وشاهي ملبن.""}, {""f"": ""خبز الخمير الساخن لا يمل من أكله."", ""h"": ""الخمير الحار ما ينشبع منه.""}]",[],"[""daily life"", ""food"", ""bread""]","الكلمة: الخَمِير (الخمير)
الجذر: خمر
الفصحى: خبز الخمير
المعنى: نوع من أنواع الخبز التقليدي المشهور في حضرموت، يعجن ويترك فترة ليتخمر قبل خبزه في التنور.
المرادفات: باخمري
مثال: فطورنا اليوم خمير وشاهي ملبن.
الوسوم: daily life، food، bread
ملاحظة: من أهم وجبات الإفطار الحضرمية."
255,الخَصَار,الخصار,alkhSar,خصر,Noun,object,السمك,اللفظ الحضرمي الذي يطلق على السمك بمختلف أنواعه.,general,"[""حوت"", ""سمك""]",[],,قاموس اللهجة الحضرمية - فهد بن هلابي - ص 43,"[{""f"": ""الغداء اليوم أرز وسمك طازج."", ""h"": ""الغداء اليوم رز وخصار طازج.""}, {""f"": ""السمك اليوم مرتفع الثمن في السوق."", ""h"": ""الخصار اليوم غالي في السوق.""}]",[],"[""daily life"", ""food"", ""fish""]","الكلمة: الخَصَار (الخصار)
الجذر: خصر
الفصحى: السمك
المعنى: اللفظ الحضرمي الذي يطلق على السمك بمختلف أنواعه.
المرادفات: حوت، سمك
مثال: الغداء اليوم رز وخصار طازج.
الوسوم: daily life، food، fish"
256,خَلّ,خل,khl,خل,Verb,action,اترك,فعل أمر بمعنى اترك الشيء أو دعه.,general,"[""اترك"", ""دعه""]",[],,قاموس اللهجة الحضرمية - فهد بن هلابي - ص 43,"[{""f"": ""اترك الكتاب في مكانه لا تأخذه."", ""h"": ""خل الكتاب مكانه لا تشيله.""}, {""f"": ""دعه على راحته، سيأتي بنفسه."", ""h"": ""خله على راحته، بيجي بنفسه.""}]","[""اجن الثمار وخل العود للنار""]","[""daily life"", ""verbs"", ""leave""]","الكلمة: خَلّ (خل)
الجذر: خل
الفصحى: اترك
المعنى: فعل أمر بمعنى اترك الشيء أو دعه.
المرادفات: اترك، دعه
مثال: خل الكتاب مكانه لا تشيله.
الوسوم: daily life، verbs، leave"
257,خَزْب,خزب,khzb,خزب,Noun,object,أزيار الماء,الأواني الفخارية الكبيرة (الأزيار) التي تستخدم لحفظ وتبريد الماء.,general,"[""زير""]",[],,قاموس اللهجة الحضرمية - فهد بن هلابي - ص 43,"[{""f"": ""ماء الزير الفخاري بارد يروي العطش."", ""h"": ""موية الخزب باردة تشفي الغليل.""}, {""f"": ""الزير الفخاري انكسر وضاع الماء كله."", ""h"": ""الخزب انكسر وضاع الماء كله.""}]","[""إبليس ما يكسر خزبه""]","[""daily life"", ""tools"", ""jar""]","الكلمة: خَزْب (خزب)
الجذر: خزب
الفصحى: أزيار الماء
المعنى: الأواني الفخارية الكبيرة (الأزيار) التي تستخدم لحفظ وتبريد الماء.
المرادفات: زير
مثال: موية الخزب باردة تشفي الغليل.
الوسوم: daily life، tools، jar"
258,الخنّ,الخن,alkhn,خنن,Noun,object,السر,تستخدم للإشارة إلى السر أو الشيء المخفي.,general,"[""سر""]",[],بكسر الخاء,قاموس اللهجة الحضرمية - فهد بن هلابي - ص 43,"[{""f"": ""هذا الكلام سر، لا تخبر به أحداً."", ""h"": ""هذا الكلام خن، لا تعلم به أحد.""}]",[],"[""daily life"", ""secret"", ""hidden""]","الكلمة: الخنّ (الخن)
الجذر: خنن
الفصحى: السر
المعنى: تستخدم للإشارة إلى السر أو الشيء المخفي.
المرادفات: سر
مثال: هذا الكلام خن، لا تعلم به أحد.
الوسوم: daily life، secret، hidden
ملاحظة: بكسر الخاء"
259,خَمَع,خمع,khm3,خمع,Adjective,emotion,أهبل أو ساذج,وصف للشخص الساذج أو الذي يتصرف بغير عقل أو حكمة.,general,"[""أهبل"", ""ساذج""]",[],,قاموس اللهجة الحضرمية - فهد بن هلابي - ص 43,"[{""f"": ""لا ترد عليه فهو أهبل لا يدري ماذا يقول."", ""h"": ""لا ترد عليه شفه خمع ما يدري إيش يقول.""}]",[],"[""personalities"", ""emotions"", ""stupid""]","الكلمة: خَمَع (خمع)
الجذر: خمع
الفصحى: أهبل أو ساذج
المعنى: وصف للشخص الساذج أو الذي يتصرف بغير عقل أو حكمة.
المرادفات: أهبل، ساذج
مثال: لا ترد عليه شفه خمع ما يدري إيش يقول.
الوسوم: personalities، emotions، stupid"
260,خِرْقَه,خرقه,khrqh,خرق,Noun,object,قطعة قماش,تستخدم للإشارة إلى قطعة القماش القديمة أو التي تستخدم في التنظيف والعمل.,general,"[""وصلة"", ""رقعة""]",[],,قاموس اللهجة الحضرمية - فهد بن هلابي - ص 43,"[{""f"": ""أحضر قطعة القماش لنمكسح الطاولة."", ""h"": ""هت الخرقة نمسح الميز.""}, {""f"": ""قطعة القماش هذه لا تصلح للارتداء."", ""h"": ""هذه الخرقة ما تصلح للبس.""}]",[],"[""daily life"", ""tools"", ""cloth""]","الكلمة: خِرْقَه (خرقه)
الجذر: خرق
الفصحى: قطعة قماش
المعنى: تستخدم للإشارة إلى قطعة القماش القديمة أو التي تستخدم في التنظيف والعمل.
المرادفات: وصلة، رقعة
مثال: هت الخرقة نمسح الميز.
الوسوم: daily life، tools، cloth"
261,خَلَّوه,خلوه,khlwh,خلي,Verb,action,جعلوه أو تركوه,بمعنى جعلوه يفعل شيئاً أو تركوه في حاله.,general,"[""تركوه"", ""أرادوا له""]",[],بتشديد اللام.,قاموس اللهجة الحضرمية - فهد بن هلابي - ص 44,"[{""f"": ""اتركوه يذهب بمفرده، فهو يعرف الطريق."", ""h"": ""خلوه يروح لحاله، هو يعرف الطريق.""}, {""f"": ""اجعلوه يكمل حديثه ولا تقاطعوه."", ""h"": ""خلوه يكمل كلامه ولا تقاطعونه.""}]","[""خلوه كما الوثن ""]","[""daily life"", ""verbs"", ""leave""]","الكلمة: خَلَّوه (خلوه)
الجذر: خلي
الفصحى: جعلوه أو تركوه
المعنى: بمعنى جعلوه يفعل شيئاً أو تركوه في حاله.
المرادفات: تركوه، أرادوا له
مثال: خلوه يروح لحاله، هو يعرف الطريق.
الوسوم: daily life، verbs، leave
ملاحظة: بتشديد اللام."
262,خِلِيَّة,خليه,khlyh,خلي,Adjective,descriptor,فارغة,وصف للمكان أو الشيء الخالي من المتاع أو الناس.,general,"[""خالية"", ""فاضية""]",[],بكسر الخاء وتشديد الياء.,قاموس اللهجة الحضرمية - فهد بن هلابي - ص 44,"[{""f"": ""دخلنا البيت ووجدناه فارغاً."", ""h"": ""دخلنا الدار وحصلناها خلية.""}, {""f"": ""هذه السرة فارغة ليس بها نقود."", ""h"": ""البقشة هذه خلية ما فيها زلط.""}]",[],"[""daily life"", ""description"", ""empty""]","الكلمة: خِلِيَّة (خليه)
الجذر: خلي
الفصحى: فارغة
المعنى: وصف للمكان أو الشيء الخالي من المتاع أو الناس.
المرادفات: خالية، فاضية
مثال: دخلنا الدار وحصلناها خلية.
الوسوم: daily life، description، empty
ملاحظة: بكسر الخاء وتشديد الياء."
263,الْخَلْفَه,خلفه,alkhlfh,خلف,Noun,object,النافذة,الفتحة في الجدار التي ينفذ منها الضوء والهواء (الشباك).,general,"[""شباك"", ""طاقة""]",[],تستخدم غالباً للنوافذ الصغيرة في البيوت الطينية.,قاموس اللهجة الحضرمية - فهد بن هلابي - ص 44,"[{""f"": ""افتح النافذة ليدخل الهواء إلى البيت."", ""h"": ""افتح الخلفة خل الهواء يدخل الدار.""}, {""f"": ""رآني من النافذة وأنا مار في الشارع."", ""h"": ""شافني من الخلفة وأنا مار في الشارع.""}]",[],"[""architecture"", ""home"", ""window""]","الكلمة: الْخَلْفَه (خلفه)
الجذر: خلف
الفصحى: النافذة
المعنى: الفتحة في الجدار التي ينفذ منها الضوء والهواء (الشباك).
المرادفات: شباك، طاقة
مثال: افتح الخلفة خل الهواء يدخل الدار.
الوسوم: architecture، home، window
ملاحظة: تستخدم غالباً للنوافذ الصغيرة في البيوت الطينية."
264,الْخَطْرَاه,الخطراه,alkhTrah,خطر,Noun,person,زيارة العروس لأهلها,أول زيارة رسمية يقوم بها العريس مع زوجته لبيت أهلها بعد الزواج.,general,"[""خطرة""]",[],من العادات والتقاليد الاجتماعية الهامة.,قاموس اللهجة الحضرمية - فهد بن هلابي - ص 44,"[{""f"": ""اليوم أول زيارة لفلان وزوجته لبيت أهلها."", ""h"": ""اليوم خطراه فلان لبيت عمه.""}, {""f"": ""استعدوا لاستقبال العرسان في زيارتهم الأولى الليلة."", ""h"": ""تجهزوا لخطراه العرسان الليلة.""}]",[],"[""social customs"", ""marriage"", ""visit""]","الكلمة: الْخَطْرَاه (الخطراه)
الجذر: خطر
الفصحى: زيارة العروس لأهلها
المعنى: أول زيارة رسمية يقوم بها العريس مع زوجته لبيت أهلها بعد الزواج.
المرادفات: خطرة
مثال: اليوم خطراه فلان لبيت عمه.
الوسوم: social customs، marriage، visit
ملاحظة: من العادات والتقاليد الاجتماعية الهامة."
265,الْخَرْطَان,الخرطان,alkhrTan,خرط,Noun,object,الكلام التافه أو الكذب,وصف للكلام الذي لا فائدة منه، أو الكلام السفيه والمبالغ فيه.,general,"[""هدار"", ""كذب"", ""سفاهة""]",[],بكسر الخاء.,قاموس اللهجة الحضرمية - فهد بن هلابي - ص 44,"[{""f"": ""توقف عن كلامك التافه وتحدث بصدق."", ""h"": ""بطل الخرطان حقك وهرج صدق.""}, {""f"": ""كل ما قاله هو مجرد كلام تافه لا أساس له."", ""h"": ""كل اللي قاله خرطان في خرطان.""}]",[],"[""behavior"", ""speech"", ""lie""]","الكلمة: الْخَرْطَان (الخرطان)
الجذر: خرط
الفصحى: الكلام التافه أو الكذب
المعنى: وصف للكلام الذي لا فائدة منه، أو الكلام السفيه والمبالغ فيه.
المرادفات: هدار، كذب، سفاهة
مثال: بطل الخرطان حقك وهرج صدق.
الوسوم: behavior، speech، lie
ملاحظة: بكسر الخاء."
266,الْخَرَّارَه,الخراره,alkhrarh,خرر,Noun,object,مزلاج الباب,مزلاج خشبي يستخدم لقفل الأبواب من الداخل بإحكام.,general,"[""مغلاق"", ""مزلاج""]","[""خراران""]",توجد في الأبواب القديمة وتكون راسية أو علوية وسفلية.,قاموس اللهجة الحضرمية - فهد بن هلابي - ص 44,"[{""f"": ""أغلق مزلاج الباب قبل أن تنام."", ""h"": ""نزل الخرارة قبل ما تنام.""}, {""f"": ""الباب مغلق بالمزلاج الخشبي من الداخل."", ""h"": ""الباب مقفول بالخرارة من داخل.""}]",[],"[""architecture"", ""tools"", ""door""]","الكلمة: الْخَرَّارَه (الخراره)
الجذر: خرر
الفصحى: مزلاج الباب
المعنى: مزلاج خشبي يستخدم لقفل الأبواب من الداخل بإحكام.
المرادفات: مغلاق، مزلاج
مثال: نزل الخرارة قبل ما تنام.
الوسوم: architecture، tools، door
ملاحظة: توجد في الأبواب القديمة وتكون راسية أو علوية وسفلية."
267,خُزُوق,خزوق,khzwq,خزق,Noun,object,ثقب,الثقب أو الخرق الصغير في الثوب أو الجدار.,general,"[""خرق"", ""ثقب""]",[],,قاموس اللهجة الحضرمية - فهد بن هلابي - ص 45,"[{""f"": ""الثوب به ثقوب كثيرة."", ""h"": ""الثوب فيه خزوق واجد.""}, {""f"": ""أغلق الثقب الموجود في الجدار."", ""h"": ""سد الخزوق اللي في الجدار.""}]","[""خزوق وربك يرزق [cite: 13]""]","[""daily life"", ""cloth""]","الكلمة: خُزُوق (خزوق)
الجذر: خزق
الفصحى: ثقب
المعنى: الثقب أو الخرق الصغير في الثوب أو الجدار.
المرادفات: خرق، ثقب
مثال: الثوب فيه خزوق واجد.
الوسوم: daily life، cloth"
268,الْخُوص,الخوص,alkhwS,خوص,Noun,object,ورق النخل,أوراق النخيل التي تستخدم في صناعة الحصير والمراوح اليدوية وغيرها.,general,"[""سعف""]",[],الواحدة منها تسمى خوصة.,قاموس اللهجة الحضرمية - فهد بن هلابي - ص 45,"[{""f"": ""النساء ينسجن سعف النخل في وقت الضحى."", ""h"": ""الحريم ينسجن الخوص في الضحى.""}, {""f"": ""هذه المروحة مصنوعة من سعف نخل جيد."", ""h"": ""هذه المروحة مصنوعة من خوص طيب.""}]",[],"[""nature"", ""tools"", ""fan""]","الكلمة: الْخُوص (الخوص)
الجذر: خوص
الفصحى: ورق النخل
المعنى: أوراق النخيل التي تستخدم في صناعة الحصير والمراوح اليدوية وغيرها.
المرادفات: سعف
مثال: الحريم ينسجن الخوص في الضحى.
الوسوم: nature، tools، fan
ملاحظة: الواحدة منها تسمى خوصة."
269,خَرْبَشَه,خربشه,khrbshh,خربش,Noun,object,خشن الصوت أو الكتابة غير الواضحة,تستخدم للإشارة للصوت الخشن أو الكتابة العشوائية غير المفهومة.,general,"[""شخبطة""]",[],,قاموس اللهجة الحضرمية - فهد بن هلابي - ص 45,"[{""f"": ""سمعت صوتاً خشناً خلف الباب."", ""h"": ""سمعت خربشة وراء الباب.""}, {""f"": ""هذه شخبطة وليست كتابة واضحة."", ""h"": ""هذه خربشة ما هي كتابة.""}]",[],"[""daily life"", ""description"", ""noisy""]","الكلمة: خَرْبَشَه (خربشه)
الجذر: خربش
الفصحى: خشن الصوت أو الكتابة غير الواضحة
المعنى: تستخدم للإشارة للصوت الخشن أو الكتابة العشوائية غير المفهومة.
المرادفات: شخبطة
مثال: سمعت خربشة وراء الباب.
الوسوم: daily life، description، noisy"
270,خَمَّر,خمر,khmr,خمر,Verb,action,بلل أو نقع,نقع الشيء في الماء ليتبلل تماماً.,general,"[""بلل"", ""نقع""]",[],بفتح الخاء وتشديد الميم.,قاموس اللهجة الحضرمية - فهد بن هلابي - ص 45,"[{""f"": ""انقع ملابسك في الماء قبل غسلها."", ""h"": ""خمر ثيابك قبل الغسل.""}, {""f"": ""انقع الحناء في الماء منذ الليل."", ""h"": ""خمّر الحناء من الليل.""}]",[],"[""daily life"", ""verbs"", ""soak""]","الكلمة: خَمَّر (خمر)
الجذر: خمر
الفصحى: بلل أو نقع
المعنى: نقع الشيء في الماء ليتبلل تماماً.
المرادفات: بلل، نقع
مثال: خمر ثيابك قبل الغسل.
الوسوم: daily life، verbs، soak
ملاحظة: بفتح الخاء وتشديد الميم."
271,الْخِزَانَه,الخزانه,alkhzanh,خزن,Noun,object,مخزن صغير,مستودع صغير يكون ملحقاً بالغرفة أو الدار لتخزين الحاجيات.,general,"[""مخزن"", ""تجوري""]",[],,قاموس اللهجة الحضرمية - فهد بن هلابي - ص 45,"[{""f"": ""ضع الأمتعة الزائدة في المخزن الصغير."", ""h"": ""حط العفش الزائد في الخزانة.""}, {""f"": ""مخزن البيت ممتلئ بالحبوب."", ""h"": ""خزانة الدار مليانة حب.""}]",[],"[""architecture"", ""home"", ""storage""]","الكلمة: الْخِزَانَه (الخزانه)
الجذر: خزن
الفصحى: مخزن صغير
المعنى: مستودع صغير يكون ملحقاً بالغرفة أو الدار لتخزين الحاجيات.
المرادفات: مخزن، تجوري
مثال: حط العفش الزائد في الخزانة.
الوسوم: architecture، home، storage"
272,خَرَّت الدار,خرت الدار,khrt aldar,خرر,Verb,time,سربت مياه المطر,نزول مياه الأمطار من سقف البيت لداخل الغرف بسبب شقوق أو خلل.,general,"[""سربت""]",[],,قاموس اللهجة الحضرمية - فهد بن هلابي - ص 45,"[{""f"": ""ليلة أمس هطل مطر غزير وتسرب الماء إلينا من السقف."", ""h"": ""الليل مطر قوية وخرت علينا الدار.""}, {""f"": ""يجب أن نصلح السطح قبل أن يتسرب الماء للداخل."", ""h"": ""يبغالنا نصلح السطح قبل ما تخر الدار.""}]",[],"[""weather"", ""daily life"", ""rain""]","الكلمة: خَرَّت الدار (خرت الدار)
الجذر: خرر
الفصحى: سربت مياه المطر
المعنى: نزول مياه الأمطار من سقف البيت لداخل الغرف بسبب شقوق أو خلل.
المرادفات: سربت
مثال: الليل مطر قوية وخرت علينا الدار.
الوسوم: weather، daily life، rain"
273,الْخَلَب,الخلب,alkhlb,خلب,Noun,object,طين ممزوج بالماء,الطين الرطب المغمور بالماء الذي يستخدم في البناء أو الناتج عن المطر.,general,"[""وحل"", ""طين""]",[],,قاموس اللهجة الحضرمية - فهد بن هلابي - ص 45,"[{""f"": ""الشارع كله وحل بعد سقوط المطر."", ""h"": ""الشارع كله خلب بعد المطر.""}, {""f"": ""البناء يحتاج طيناً كثيراً لعملية اللياسة."", ""h"": ""البناء يحتاج خلب واجد للياسة.""}]",[],"[""nature"", ""architecture"", ""clay""]","الكلمة: الْخَلَب (الخلب)
الجذر: خلب
الفصحى: طين ممزوج بالماء
المعنى: الطين الرطب المغمور بالماء الذي يستخدم في البناء أو الناتج عن المطر.
المرادفات: وحل، طين
مثال: الشارع كله خلب بعد المطر.
الوسوم: nature، architecture، clay"
274,الْخَرَّه,الخره,alkhrh,خرر,Noun,object,سقالة البناء,لوح خشبي يربط بحبال يجلس عليه البناء لترميم الواجهات العالية.,general,"[""سقالة""]",[],بالراء المشددة.,قاموس اللهجة الحضرمية - فهد بن هلابي - ص 46,"[{""f"": ""صعد البناء على السقالة لطلاء الجدار."", ""h"": ""البناء طلع على الخرة يبيض الجدار.""}, {""f"": ""اربط حبال السقالة جيداً كي لا تسقط."", ""h"": ""اربط حبال الخرة زين لا تطيح.""}]",[],"[""architecture"", ""tools"", ""building""]","الكلمة: الْخَرَّه (الخره)
الجذر: خرر
الفصحى: سقالة البناء
المعنى: لوح خشبي يربط بحبال يجلس عليه البناء لترميم الواجهات العالية.
المرادفات: سقالة
مثال: البناء طلع على الخرة يبيض الجدار.
الوسوم: architecture، tools، building
ملاحظة: بالراء المشددة."
275,خَنَم,خنم,khnm,خنم,Verb,action,تعفن أو تغيرت رائحته,تغير طعم الأكل أو رائحته نتيجة التعفن أو البقاء طويلاً.,general,"[""عفن"", ""تغير""]",[],,قاموس اللهجة الحضرمية - فهد بن هلابي - ص 46,"[{""f"": ""اللحم تعفن بسبب حرارة الشمس الشديدة."", ""h"": ""اللحم خنم من كثر الشمس.""}, {""f"": ""لا تشرب هذا الماء، أظن أن طعمه قد تغير."", ""h"": ""لا تشرب الماء هذا، أظنه خنم.""}]",[],"[""food"", ""description""]","الكلمة: خَنَم (خنم)
الجذر: خنم
الفصحى: تعفن أو تغيرت رائحته
المعنى: تغير طعم الأكل أو رائحته نتيجة التعفن أو البقاء طويلاً.
المرادفات: عفن، تغير
مثال: اللحم خنم من كثر الشمس.
الوسوم: food، description"
276,الْخَلْعَه,الخلعه,alkhl3h,خلع,Noun,object,كساء العروس,الثياب الفاخرة التي ترتديها العروس ليلة زفافها.,general,"[""كساء"", ""حلة""]",[],مرتبطة بالأغاني الشعبية القديمة في الأفراح.,قاموس اللهجة الحضرمية - فهد بن هلابي - ص 46,"[{""f"": ""العروس ترتدي كساءً جميلاً الليلة."", ""h"": ""العروس لابسة خلعة زينة الليلة.""}, {""f"": ""رددن الأهازيج للعروس وهي ترتدي ثياب زفافها."", ""h"": ""غنين للعروس وهي بالخلعة.""}]",[],"[""social customs"", ""clothing"", ""wedding""]","الكلمة: الْخَلْعَه (الخلعه)
الجذر: خلع
الفصحى: كساء العروس
المعنى: الثياب الفاخرة التي ترتديها العروس ليلة زفافها.
المرادفات: كساء، حلة
مثال: العروس لابسة خلعة زينة الليلة.
الوسوم: social customs، clothing، wedding
ملاحظة: مرتبطة بالأغاني الشعبية القديمة في الأفراح."
277,الْخيْل,الخيل,alkhyl,خيل,Noun,object,غصن التمر (شمروخ),الغصن الصغير الذي يحمل حبات التمر ضمن العذق.,general,"[""شمروخ""]",[],يسمى أيضاً شمروخ.,قاموس اللهجة الحضرمية - فهد بن هلابي - ص 46,"[{""f"": ""أعطِ الطفل الصغير غصناً صغيراً من التمر."", ""h"": ""أعط الصغير خيل تمر.""}, {""f"": ""هذا الغصن تمره من النوع السكري."", ""h"": ""الخيل هذا تمره سكري.""}]",[],"[""agriculture"", ""nature"", ""tree""]","الكلمة: الْخيْل (الخيل)
الجذر: خيل
الفصحى: غصن التمر (شمروخ)
المعنى: الغصن الصغير الذي يحمل حبات التمر ضمن العذق.
المرادفات: شمروخ
مثال: أعط الصغير خيل تمر.
الوسوم: agriculture، nature، tree
ملاحظة: يسمى أيضاً شمروخ."
278,خَزْوَه,خزوه,khzwh,خزي,Noun,emotion,عيب أو خجل,تستخدم للتعبير عن العيب أو الإحراج الشديد أمام الآخرين.,general,"[""عيب"", ""منقود"", ""فضيحة""]",[],,قاموس اللهجة الحضرمية - فهد بن هلابي - ص 47,"[{""f"": ""لا تفعل هذا، فهو أمر مخجل أمام الناس."", ""h"": ""لا تسوي كذا، خزوة قدام الناس.""}, {""f"": ""أحرجتمونا بحديثكم هذا."", ""h"": ""خزيتوبنا بكلامكم هذا.""}]",[],"[""behavior"", ""emotions"", ""shame""]","الكلمة: خَزْوَه (خزوه)
الجذر: خزي
الفصحى: عيب أو خجل
المعنى: تستخدم للتعبير عن العيب أو الإحراج الشديد أمام الآخرين.
المرادفات: عيب، منقود، فضيحة
مثال: لا تسوي كذا، خزوة قدام الناس.
الوسوم: behavior، emotions، shame"
279,خَبّ,خب,khb,خبب,Verb,action,ركض أو جرى,الإسراع في المشي أو الجري.,general,"[""ركض"", ""عدا""]",[],بفتح الخاء، والمضارع (يخُب) بضمها.,قاموس اللهجة الحضرمية - فهد بن هلابي - ص 47,"[{""f"": ""رأيته يركض في مجرى السيل."", ""h"": ""شفته يخب في المسيله.""}, {""f"": ""اسرع يا ولد لتلحق بأبيك."", ""h"": ""خب يا وليد الحق أبوك.""}]",[],"[""daily life"", ""verbs"", ""run""]","الكلمة: خَبّ (خب)
الجذر: خبب
الفصحى: ركض أو جرى
المعنى: الإسراع في المشي أو الجري.
المرادفات: ركض، عدا
مثال: شفته يخب في المسيله.
الوسوم: daily life، verbs، run
ملاحظة: بفتح الخاء، والمضارع (يخُب) بضمها."
280,الْخَمِي,الخمي,alkhmy,خمي,Noun,object,ماء عكر,الماء المتسخ أو المعكر الذي لا يصلح للشرب.,general,"[""كدر"", ""عكر""]",[],,قاموس اللهجة الحضرمية - فهد بن هلابي - ص 47,"[{""f"": ""لا تغسل وجهك بهذا الماء المعكر."", ""h"": ""لا تغسل وجهك بهذا الخمي.""}, {""f"": ""قناة الري مليئة بالماء العكر اليوم."", ""h"": ""الساقية كلها خمي اليوم.""}]",[],"[""nature"", ""daily life"", ""dirty""]","الكلمة: الْخَمِي (الخمي)
الجذر: خمي
الفصحى: ماء عكر
المعنى: الماء المتسخ أو المعكر الذي لا يصلح للشرب.
المرادفات: كدر، عكر
مثال: لا تغسل وجهك بهذا الخمي.
الوسوم: nature، daily life، dirty"
281,خُرْنُثَى,خرنثى,khrntha,خرنث,Noun,object,خنثى,تسمية تطلق غالباً على الحيوان الذي لا يتبين جنسه أهو ذكر أم أنثى.,general,"[""خنيث""]",[],لفظ فصيح مستخدم في اللهجة.,قاموس اللهجة الحضرمية - فهد بن هلابي - ص 48,"[{""f"": ""هذا الجدي الصغير خنثى لم يتضح جنسه."", ""h"": ""هذا طلي خرنثى ما بان نوعه.""}, {""f"": ""كان العرب يطلقون اسم خنثى على الحيوان الذي يصعب تحديد جنسه."", ""h"": ""العرب كانت تسمي الحيوان المشكل خرنثى.""}]",[],"[""nature"", ""animals"", ""animal gender""]","الكلمة: خُرْنُثَى (خرنثى)
الجذر: خرنث
الفصحى: خنثى
المعنى: تسمية تطلق غالباً على الحيوان الذي لا يتبين جنسه أهو ذكر أم أنثى.
المرادفات: خنيث
مثال: هذا طلي خرنثى ما بان نوعه.
الوسوم: nature، animals، animal gender
ملاحظة: لفظ فصيح مستخدم في اللهجة."
282,الْخَنَّه,الخنه,alkhnh,خنن,Noun,object,الغشوة أو النقاب,الخمار الذي يسدل على وجه المرأة فتراه ولا يراها أحد.,general,"[""غشوة"", ""نقاب""]",[],,قاموس اللهجة الحضرمية - فهد بن هلابي - ص 48,"[{""f"": ""أسدلت النقاب على وجهها."", ""h"": ""نزلت الخنة على وجهها.""}, {""f"": ""النقاب يستر المرأة في السوق."", ""h"": ""الخنة تستر الحرمة في السوق.""}]",[],"[""daily life"", ""clothing"", ""makeup""]","الكلمة: الْخَنَّه (الخنه)
الجذر: خنن
الفصحى: الغشوة أو النقاب
المعنى: الخمار الذي يسدل على وجه المرأة فتراه ولا يراها أحد.
المرادفات: غشوة، نقاب
مثال: نزلت الخنة على وجهها.
الوسوم: daily life، clothing، makeup"
283,خَجَع,خجع,khj3,خجع,Adjective,descriptor,أحمق أو أهبل,وصف للشخص الذي يتصرف بجهل أو حمق.,general,"[""أهبل"", ""غبي""]",[],,قاموس اللهجة الحضرمية - فهد بن هلابي - ص 48,"[{""f"": ""أحمق لا يعرف أين تكمن مصلحته."", ""h"": ""خجع ما يدري وين مصلحته.""}, {""f"": ""لا تستمع لحديثه، فهو إنسان أحمق."", ""h"": ""لا تسمع كلامه، تراه خجع.""}]",[],"[""behavior"", ""description"", ""stupid""]","الكلمة: خَجَع (خجع)
الجذر: خجع
الفصحى: أحمق أو أهبل
المعنى: وصف للشخص الذي يتصرف بجهل أو حمق.
المرادفات: أهبل، غبي
مثال: خجع ما يدري وين مصلحته.
الوسوم: behavior، description، stupid"
284,خلَص,خلص,khlS,خلص,Noun,object,منفذ مائي,الفتحة أو القناة الصغيرة التي تنقل الماء بين بركتين أو حوضين.,general,"[""مجرى"", ""منفذ""]",[],,قاموس اللهجة الحضرمية - فهد بن هلابي - ص 49,"[{""f"": ""انفتح المنفذ المائي وذهب الماء للحوض الآخر."", ""h"": ""انفتح الخلص وراح الماء للبركة الثانية.""}, {""f"": ""أغلق المنفذ كي لا يضيع الماء."", ""h"": ""سد الخلص لا يضيع الماء.""}]",[],"[""agriculture"", ""nature"", ""water""]","الكلمة: خلَص (خلص)
الجذر: خلص
الفصحى: منفذ مائي
المعنى: الفتحة أو القناة الصغيرة التي تنقل الماء بين بركتين أو حوضين.
المرادفات: مجرى، منفذ
مثال: انفتح الخلص وراح الماء للبركة الثانية.
الوسوم: agriculture، nature، water"
285,الدَّنّ,الدن,aldn,دنن,Noun,object,وعاء فخاري,وعاء فخاري كبير يستخدم لحفظ وشرب الماء، يمتاز بتبريد الماء طبيعياً.,general,"[""زير"", ""كوز""]",[],,قاموس اللهجة الحضرمية - فهد بن هلابي - ص 49,"[{""f"": ""اشرب من الوعاء الفخاري فماؤه بارد."", ""h"": ""اشرب من الدن ماءه بارد.""}, {""f"": ""ملأنا الوعاء الفخاري من البئر."", ""h"": ""ملينا الدن من البئر.""}]",[],"[""tools"", ""daily life"", ""water""]","الكلمة: الدَّنّ (الدن)
الجذر: دنن
الفصحى: وعاء فخاري
المعنى: وعاء فخاري كبير يستخدم لحفظ وشرب الماء، يمتاز بتبريد الماء طبيعياً.
المرادفات: زير، كوز
مثال: اشرب من الدن ماءه بارد.
الوسوم: tools، daily life، water"
286,الدَّاشِر,الداشر,aldashr,دشر,Adjective,descriptor,الفاسد أو الضائع,وصف للشخص الذي يترك العمل ويهيم في الشوارع أو يتصرف بفساد.,general,"[""ضائع"", ""فاسد""]",[],,قاموس اللهجة الحضرمية - فهد بن هلابي - ص 49,"[{""f"": ""هذا الولد ضائع ولا يحب الذهاب للمدرسة."", ""h"": ""الولد هذا داشر ما يحب المدرسة.""}, {""f"": ""كن مع الصالحين ولا تتبع المفسدين."", ""h"": ""خلك مع الصالحين ولا تتبع الداشرين.""}]",[],"[""behavior"", ""description"", ""waste""]","الكلمة: الدَّاشِر (الداشر)
الجذر: دشر
الفصحى: الفاسد أو الضائع
المعنى: وصف للشخص الذي يترك العمل ويهيم في الشوارع أو يتصرف بفساد.
المرادفات: ضائع، فاسد
مثال: الولد هذا داشر ما يحب المدرسة.
الوسوم: behavior، description، waste"
287,خيبه,خيبه,khybh,خيب,Noun,emotion,كلمة للتحقير أو الخيبة,كلمة يراد بها التحقير للشيء أو وصفه بالفشل والضعة.,general,"[""مذلة"", ""هوان""]",[],وردت في الشعر الشعبي الحضرمي لوصف تافه الأمور.,قاموس اللهجة الحضرمية - فهد بن هلابي - ص 45,"[{""f"": ""يا لتفاهة هذا العمل، لا فائدة منه."", ""h"": ""يا خيبة ذي الشغلة، ما منها فايدة.""}, {""f"": ""خيبة تلازم الأشياء التافهة (مثال من الشعر الشعبي)."", ""h"": ""خيبة المرابش والقصب خيبة صنابيق الخصار.""}]",[],"[""emotions"", ""speech"", ""shame""]","الكلمة: خيبه
الجذر: خيب
الفصحى: كلمة للتحقير أو الخيبة
المعنى: كلمة يراد بها التحقير للشيء أو وصفه بالفشل والضعة.
المرادفات: مذلة، هوان
مثال: يا خيبة ذي الشغلة، ما منها فايدة.
الوسوم: emotions، speech، shame
ملاحظة: وردت في الشعر الشعبي الحضرمي لوصف تافه الأمور."
288,الْخُرُق,الخرق,alkhrq,خرق,Noun,object,الثقب,الثقب أو الفتحة الصغيرة في جدار أو ثوب أو وعاء.,general,"[""خزق"", ""فتحة""]",[],,قاموس اللهجة الحضرمية - فهد بن هلابي - ص 45,"[{""f"": ""أغلق الثقب الذي في الجدار لكي لا يدخل منه الغبار."", ""h"": ""سد الخرق ذي في الجدار لا يدخل منه الهبب.""}, {""f"": ""هذا الثقب واسع، يحتاج إلى رقعة قماشية."", ""h"": ""هذا الخرق وسيع، يحتاج رقعة.""}]",[],"[""daily life"", ""hole""]","الكلمة: الْخُرُق (الخرق)
الجذر: خرق
الفصحى: الثقب
المعنى: الثقب أو الفتحة الصغيرة في جدار أو ثوب أو وعاء.
المرادفات: خزق، فتحة
مثال: سد الخرق ذي في الجدار لا يدخل منه الهبب.
الوسوم: daily life، hole"
289,الْخَطَّاف,الخطاف,alkhTaf,خطف,Noun,object,كُلاّب حديدي,حبل مربوط بقطعة حديد متشعبة الرؤوس، يستخدم لانتشال الأدوات (مثل الزانة) إذا سقطت في البئر.,general,"[""مخطاف""]","[""مخطاف""]",,قاموس اللهجة الحضرمية - فهد بن هلابي - ص 46,"[{""f"": ""سقطت الأداة في البئر، أحضر الخطاف الحديدي لنخرجها."", ""h"": ""سقطت الزانة في الطوي، جيب الخطاف نطلعها.""}, {""f"": ""اربط الخطاف جيداً بالحبل قبل أن تنزله في البئر."", ""h"": ""اربط الخطاف زين بالحبل قبل ما تنزله.""}]",[],"[""tools"", ""agriculture""]","الكلمة: الْخَطَّاف (الخطاف)
الجذر: خطف
الفصحى: كُلاّب حديدي
المعنى: حبل مربوط بقطعة حديد متشعبة الرؤوس، يستخدم لانتشال الأدوات (مثل الزانة) إذا سقطت في البئر.
المرادفات: مخطاف
مثال: سقطت الزانة في الطوي، جيب الخطاف نطلعها.
الوسوم: tools، agriculture"
290,الْخُور,الخور,alkhwr,خور,Noun,object,بالوعة أو مكان تصريف المجاري,المكان المخصص لتصريف مجاري البيت، ويكون عادةً في الجهة الخلفية من المنزل.,general,"[""مجاري"", ""بالوعة""]",[],,قاموس اللهجة الحضرمية - فهد بن هلابي - ص 46,"[{""f"": ""مكان تصريف المجاري امتلأ، يحتاج إلى تنظيف."", ""h"": ""الخور امتلى، يبغى له تنظيف.""}, {""f"": ""لا تقف خلف البيت، رائحة المجاري قوية."", ""h"": ""لا توقف وراء البيت، ريحة الخور قوية.""}]",[],"[""architecture"", ""home"", ""drain""]","الكلمة: الْخُور (الخور)
الجذر: خور
الفصحى: بالوعة أو مكان تصريف المجاري
المعنى: المكان المخصص لتصريف مجاري البيت، ويكون عادةً في الجهة الخلفية من المنزل.
المرادفات: مجاري، بالوعة
مثال: الخور امتلى، يبغى له تنظيف.
الوسوم: architecture، home، drain"
291,الْخَرْش,الخرش,alkhrsh,خرش,Noun,object,طين المباني المتهدمة,بقايا الطين المستخرج من المباني المتهدمة، يعاد استخدامه في صناعة اللبِن (المدر) لاحتوائه على التبن ورخص ثمنه.,general,"[""طين قديم""]",[],,قاموس اللهجة الحضرمية - فهد بن هلابي - ص 46,"[{""f"": ""خلطوا بقايا طين الهدم مع الطين الجديد لكي يقوى الطوب (المدر)."", ""h"": ""خلطوا الخرش مع الطين الجديد عشان المدر يقوى.""}, {""f"": ""أحضروا حمولة من طين الهدم من حصن فلان المتهدم."", ""h"": ""جابوا حمولة خرش من حصن فلان المهدوم.""}]",[],"[""architecture"", ""construction"", ""brick""]","الكلمة: الْخَرْش (الخرش)
الجذر: خرش
الفصحى: طين المباني المتهدمة
المعنى: بقايا الطين المستخرج من المباني المتهدمة، يعاد استخدامه في صناعة اللبِن (المدر) لاحتوائه على التبن ورخص ثمنه.
المرادفات: طين قديم
مثال: خلطوا الخرش مع الطين الجديد عشان المدر يقوى.
الوسوم: architecture، construction، brick"
292,الْخَلْع,الخلع,alkhl3,خلع,Noun/Verb,action,غرس شتلات النخل,عملية غرس شتلة النخل في مكان جديد بعد قلعها من منبتها الأصلي، ويطلق أيضاً على مجموعة النخل المغروسة.,general,"[""غرس"", ""نصابة""]",[],يقال 'خلع فلان' أي النخل الذي غرسه فلان.,قاموس اللهجة الحضرمية - فهد بن هلابي - ص 47,"[{""f"": ""هذا النخل من غرس جدي، زرعه منذ سنوات طويلة."", ""h"": ""هذا خلع جدي غرسها من سنين.""}, {""f"": ""الوقت الآن مناسب لغرس شتلات النخل."", ""h"": ""الوقت دحين زين لخلع الفسائل.""}]",[],"[""agriculture"", ""nature"", ""tree""]","الكلمة: الْخَلْع (الخلع)
الجذر: خلع
الفصحى: غرس شتلات النخل
المعنى: عملية غرس شتلة النخل في مكان جديد بعد قلعها من منبتها الأصلي، ويطلق أيضاً على مجموعة النخل المغروسة.
المرادفات: غرس، نصابة
مثال: هذا خلع جدي غرسها من سنين.
الوسوم: agriculture، nature، tree
ملاحظة: يقال 'خلع فلان' أي النخل الذي غرسه فلان."
293,الْخْرَابَة,الخرابة,alkhrabh,خرب,Noun,object,الأطلال أو المباني المهدمة,تشير إلى البيوت أو الحصون القديمة التي تهالكت وسقطت أجزاء منها ولم تعد مسكونة.,general,"[""أطلال"", ""هدم""]",[],,قاموس اللهجة الحضرمية - فهد بن هلابي - ص 47,"[{""f"": ""لا تلعبوا في المباني المهدمة، أخشى أن تسقط فوقكم."", ""h"": ""لا تلعبوا في الخرابة، خايف تسقط عليكم.""}, {""f"": ""البلدة أصبحت كلها أطلال متهدمة بعد مرور السيل."", ""h"": ""البلاد قدها كلها خرابات من بعد السيل.""}]",[],"[""architecture"", ""daily life"", ""ruins""]","الكلمة: الْخْرَابَة (الخرابة)
الجذر: خرب
الفصحى: الأطلال أو المباني المهدمة
المعنى: تشير إلى البيوت أو الحصون القديمة التي تهالكت وسقطت أجزاء منها ولم تعد مسكونة.
المرادفات: أطلال، هدم
مثال: لا تلعبوا في الخرابة، خايف تسقط عليكم.
الوسوم: architecture، daily life، ruins"
294,الْخَيْبَعَان,الخيبعان,alkhyb3an,خبع,Noun,person,غناء نسائي في الأفراح,لون من ألوان الغناء والطقوس الشعبية الحضرمية التي تؤديها النساء فقط في مناسبات الزواج.,general,"[""مغنى حريمي""]",[],يعتبر من التراث الفني النسوي الأصيل في حضرموت.,قاموس اللهجة الحضرمية - فهد بن هلابي - ص 47,"[{""f"": ""الليلة هناك طقوس غناء 'الخيبعان' في بيت العروس."", ""h"": ""الليلة في خيبعان في دار العروسة.""}, {""f"": ""صوت النساء وهن يغنين الخيبعان يصل إلى نهاية الشارع."", ""h"": ""صوت الحريم يغنين الخيبعان واصل لآخر الشارع.""}]",[],"[""social customs"", ""art"", ""marriage"", ""song""]","الكلمة: الْخَيْبَعَان (الخيبعان)
الجذر: خبع
الفصحى: غناء نسائي في الأفراح
المعنى: لون من ألوان الغناء والطقوس الشعبية الحضرمية التي تؤديها النساء فقط في مناسبات الزواج.
المرادفات: مغنى حريمي
مثال: الليلة في خيبعان في دار العروسة.
الوسوم: social customs، art، marriage، song
ملاحظة: يعتبر من التراث الفني النسوي الأصيل في حضرموت."
295,الخيل,الخيل,alkhyl,خيل,Noun,object,مراقب توزيع المياه,الشخص الخبير والمسؤول عن تقسيم مياه الري، إنشاء السواقي، حل نزاعات المياه، ومسؤولية السدود الصغيرة (الضمر).,general,"[""خبير مياه"", ""مشرف ري""]","[""الخيل (نطق محلي)""]",بكسر الحاء والياء المشددة.,قاموس اللهجة الحضرمية - فهد بن هلابي - ص 47,"[{""f"": ""نادِ خبير المياه ليرى لماذا انقطع الماء في القناة."", ""h"": ""نادِ الخيل يشوف الساقية ليش انقطعت.""}, {""f"": ""خبير المياه هو أعلم الناس بحدود السدود وقنوات الري."", ""h"": ""الخيل هو أدرى الناس بحدود الضمر والمساقي.""}]",[],"[""agriculture"", ""profession"", ""water""]","الكلمة: الخيل
الجذر: خيل
الفصحى: مراقب توزيع المياه
المعنى: الشخص الخبير والمسؤول عن تقسيم مياه الري، إنشاء السواقي، حل نزاعات المياه، ومسؤولية السدود الصغيرة (الضمر).
المرادفات: خبير مياه، مشرف ري
مثال: نادِ الخيل يشوف الساقية ليش انقطعت.
الوسوم: agriculture، profession، water
ملاحظة: بكسر الحاء والياء المشددة."
296,خَمْقَه,خمقه,khmqh,خمق,Adjective,descriptor,تمر فاسد,وصف لحبات التمر التي تعفنت أو تغير طعمها وأصبحت غير صالحة للاستهلاك الآدمي.,general,"[""فاسد"", ""خمج""]",[],,قاموس اللهجة الحضرمية - فهد بن هلابي - ص 47,"[{""f"": ""لا تشترِ هذا التمر، معظمه فاسد."", ""h"": ""لا تشتري هذا التمر، أكثره خمقة.""}, {""f"": ""فصلنا التمر الجيد عن التمر الفاسد."", ""h"": ""عزلنا التمر الزين من الخمقة.""}]",[],"[""food"", ""agriculture"", ""date""]","الكلمة: خَمْقَه (خمقه)
الجذر: خمق
الفصحى: تمر فاسد
المعنى: وصف لحبات التمر التي تعفنت أو تغير طعمها وأصبحت غير صالحة للاستهلاك الآدمي.
المرادفات: فاسد، خمج
مثال: لا تشتري هذا التمر، أكثره خمقة.
الوسوم: food، agriculture، date"
297,الْخُرْفَة,الخرفه,alkhrfh,خرف,Noun,object,موسم جني التمر,موسم قطف التمر واستخراجه من النخيل وقطع الشماريخ (الخيول).,general,"[""جداد"", ""صرم""]",[],بضم الخاء,قاموس اللهجة الحضرمية - فهد بن هلابي - ص 48,"[{""f"": ""بدأ موسم جني التمر في وادي حضرموت."", ""h"": ""بدأت الخرفة في وادي حضرموت.""}, {""f"": ""موسم قطف التمر هذا العام وفير جداً."", ""h"": ""الخرفة هذه السنة خيراتها واجد.""}]",[],"[""agriculture"", ""social customs"", ""date""]","الكلمة: الْخُرْفَة (الخرفه)
الجذر: خرف
الفصحى: موسم جني التمر
المعنى: موسم قطف التمر واستخراجه من النخيل وقطع الشماريخ (الخيول).
المرادفات: جداد، صرم
مثال: بدأت الخرفة في وادي حضرموت.
الوسوم: agriculture، social customs، date
ملاحظة: بضم الخاء"
298,الْخُبْرَة,الخبرة,alkhbrh,خبر,Noun,object,كيس وقاية التمر,كيس واسع المسام مصنوع من الخوص، يغطى به عذق النخل (المثمر) لمنع تساقط التمر وحمايته من الطيور.,general,"[""كيس خوص""]",[],,قاموس اللهجة الحضرمية - فهد بن هلابي - ص 48,"[{""f"": ""اربط كيس الخوص على عذق التمر قبل أن ينضج تماماً."", ""h"": ""اربط الخبرة على العذق قبل ما يستوي.""}, {""f"": ""كيس الخوص يحمي التمر من الطيور."", ""h"": ""الخبرة تحمي التمر من الطيور.""}]",[],"[""tools"", ""agriculture"", ""date""]","الكلمة: الْخُبْرَة (الخبرة)
الجذر: خبر
الفصحى: كيس وقاية التمر
المعنى: كيس واسع المسام مصنوع من الخوص، يغطى به عذق النخل (المثمر) لمنع تساقط التمر وحمايته من الطيور.
المرادفات: كيس خوص
مثال: اربط الخبرة على العذق قبل ما يستوي.
الوسوم: tools، agriculture، date"
299,الْخُطَّفَه,الخطفه,alkhTfh,خطف,Noun,object,طائر الحدأة,اسم يطلق على طائر الحدأة، وسميت بذلك لسرعتها في خطف الفرائس.,general,"[""حدأة""]",[],,قاموس اللهجة الحضرمية - فهد بن هلابي - ص 48,"[{""f"": ""طائر الحدأة حام فوق الدجاج."", ""h"": ""الخطفة حامت فوق الدجاج.""}, {""f"": ""خطفه طائر الحدأة (بسرعة) وهو لا يشعر."", ""h"": ""خطفته الخطفة وهو ما يدري.""}]",[],"[""nature"", ""animals"", ""bird""]","الكلمة: الْخُطَّفَه (الخطفه)
الجذر: خطف
الفصحى: طائر الحدأة
المعنى: اسم يطلق على طائر الحدأة، وسميت بذلك لسرعتها في خطف الفرائس.
المرادفات: حدأة
مثال: الخطفة حامت فوق الدجاج.
الوسوم: nature، animals، bird"
300,الْخَتْمَه,الختمه,alkhtmh,ختم,Noun,object,المصحف الشريف,تسمية يطلقها الحضارم على المصحف الكريم، تيمناً بختم القرآن.,general,"[""مصحف"", ""قرآن""]",[],تستخدم عادة عند الطلب أو القراءة.,قاموس اللهجة الحضرمية - فهد بن هلابي - ص 48,"[{""f"": ""أعطني المصحف لكي أقرأ وردي اليومي."", ""h"": ""ناولني الختمة خلنا نقرأ وردنا.""}, {""f"": ""ضع المصحف الشريف في مكان مرتفع."", ""h"": ""حط الختمة في مكان عالي.""}]",[],"[""religion"", ""daily life"", ""quran""]","الكلمة: الْخَتْمَه (الختمه)
الجذر: ختم
الفصحى: المصحف الشريف
المعنى: تسمية يطلقها الحضارم على المصحف الكريم، تيمناً بختم القرآن.
المرادفات: مصحف، قرآن
مثال: ناولني الختمة خلنا نقرأ وردنا.
الوسوم: religion، daily life، quran
ملاحظة: تستخدم عادة عند الطلب أو القراءة."
301,الْخِطْمَة,لخطمة,alkhTmh,خطم,Noun,object,البرقع,غطاء للوجه تلبسه المرأة، يتميز بفتحات للعينين.,general,"[""برقع""]",[],,قاموس اللهجة الحضرمية - فهد بن هلابي - ص 49,"[{""f"": ""خرجت المرأة إلى السوق وهي ترتدي البرقع."", ""h"": ""الحرمة خرجت السوق بالخِطمة.""}, {""f"": ""البرقع قماشه أسود وسميك."", ""h"": ""الخِطمة قماشها أسود ثقيل.""}]",[],"[""clothing"", ""social customs""]","الكلمة: الْخِطْمَة (لخطمة)
الجذر: خطم
الفصحى: البرقع
المعنى: غطاء للوجه تلبسه المرأة، يتميز بفتحات للعينين.
المرادفات: برقع
مثال: الحرمة خرجت السوق بالخِطمة.
الوسوم: clothing، social customs"
302,الْخِطْبَاه,لخطباه,alkhTbah,خطب,Noun,person,الخُطوبة,مراسم طلب يد المرأة للزواج والاتفاق الأولي بين العائلتين.,general,"[""خُطوبة""]",[],تلفظ بمد الألف في الآخر.,قاموس اللهجة الحضرمية - فهد بن هلابي - ص 49,"[{""f"": ""اليوم مراسم خطوبة فلان على ابنة فلان."", ""h"": ""اليوم خِطباه فلان على بنت فلان.""}, {""f"": ""وزعوا مشروبات الحلويات في حفل الخطوبة."", ""h"": ""وزعوا شربات في الخِطباه.""}]",[],"[""marriage"", ""social customs""]","الكلمة: الْخِطْبَاه (لخطباه)
الجذر: خطب
الفصحى: الخُطوبة
المعنى: مراسم طلب يد المرأة للزواج والاتفاق الأولي بين العائلتين.
المرادفات: خُطوبة
مثال: اليوم خِطباه فلان على بنت فلان.
الوسوم: marriage، social customs
ملاحظة: تلفظ بمد الألف في الآخر."
303,خفرج,خفرج,khfrj,خفرج,Noun,object,طائر جارح يشبه الصقر,طائر من الجوارح حجمه أكبر من 'العول'، ويشبه الصقر في شكله وحدته.,general,"[""صقر"", ""باشق""]",[],,قاموس اللهجة الحضرمية - فهد بن هلابي - ص 49,"[{""f"": ""انظر إلى ذلك الجارح الضخم يحوم فوق الجبل."", ""h"": ""شف الخفرج يحوم فوق الجبل.""}, {""f"": ""طائر الخفرج سريع جداً في صيد الأرانب البرية."", ""h"": ""الخفرج سريع في صيد الأرانب.""}]",[],"[""nature"", ""animals"", ""bird""]","الكلمة: خفرج
الجذر: خفرج
الفصحى: طائر جارح يشبه الصقر
المعنى: طائر من الجوارح حجمه أكبر من 'العول'، ويشبه الصقر في شكله وحدته.
المرادفات: صقر، باشق
مثال: شف الخفرج يحوم فوق الجبل.
الوسوم: nature، animals، bird"
304,الدِّسْمَال,الدسمال,aldsmal,دسمل,Noun,object,نوع من القماش الهندي,نوع من أنواع الأقمشة القديمة التي كانت تُصنع في الهند وتُستورد إلى حضرموت.,general,"[""قماش"", ""ثوب""]",[],كان يستخدم قديماً في صناعة العمائم والملابس الفاخرة.,قاموس اللهجة الحضرمية - فهد بن هلابي - ص 50,"[{""f"": ""اشترى جدي نوعاً من القماش الهندي الأصيل."", ""h"": ""اشترى جدي دسمال هندي أصيل.""}]",[],"[""daily life"", ""clothing""]","الكلمة: الدِّسْمَال (الدسمال)
الجذر: دسمل
الفصحى: نوع من القماش الهندي
المعنى: نوع من أنواع الأقمشة القديمة التي كانت تُصنع في الهند وتُستورد إلى حضرموت.
المرادفات: قماش، ثوب
مثال: اشترى جدي دسمال هندي أصيل.
الوسوم: daily life، clothing
ملاحظة: كان يستخدم قديماً في صناعة العمائم والملابس الفاخرة."
305,الدَّهْمُورَة,الدهموره,aldhmwrh,دهمر,Noun,object,المرأة الضخمة,وصف يطلق على المرأة الطويلة والعريضة (ذات البنية الضخمة).,general,"[""ضخمة"", ""طويلة""]",[],,قاموس اللهجة الحضرمية - فهد بن هلابي - ص 50,"[{""f"": ""هذه المرأة ضخمة وطويلة القامة ما شاء الله."", ""h"": ""هذه الحرمة دهمورة ما شاء الله.""}]",[],"[""daily life"", ""descriptions"", ""woman""]","الكلمة: الدَّهْمُورَة (الدهموره)
الجذر: دهمر
الفصحى: المرأة الضخمة
المعنى: وصف يطلق على المرأة الطويلة والعريضة (ذات البنية الضخمة).
المرادفات: ضخمة، طويلة
مثال: هذه الحرمة دهمورة ما شاء الله.
الوسوم: daily life، descriptions، woman"
306,الدَّفَن,الدفن,aldfn,دفن,Noun,object,أفعى سامة,نوع من الأفاعي الخطيرة والسامة جداً، وتسمى بذلك لأنها تندفن في الرمل.,general,"[""حية"", ""ثعبان""]",[],يجب الحذر منها في المناطق الرملية.,قاموس اللهجة الحضرمية - فهد بن هلابي - ص 50,"[{""f"": ""احذر من الأفعى السامة المختبئة في الرمل."", ""h"": ""انتبه من الدفن في الرمل.""}]",[],"[""nature"", ""animals"", ""snake""]","الكلمة: الدَّفَن (الدفن)
الجذر: دفن
الفصحى: أفعى سامة
المعنى: نوع من الأفاعي الخطيرة والسامة جداً، وتسمى بذلك لأنها تندفن في الرمل.
المرادفات: حية، ثعبان
مثال: انتبه من الدفن في الرمل.
الوسوم: nature، animals، snake
ملاحظة: يجب الحذر منها في المناطق الرملية."
307,الدِّيْم,الديم,aldym,ديم,Noun,object,الجلد,يطلق على الجلد سواء كان مفرداً أو جمعاً.,general,"[""جِلد""]",[],تستخدم أيضاً كلمة 'دويل' للإشارة إلى الجلد القديم.,قاموس اللهجة الحضرمية - فهد بن هلابي - ص 50,"[{""f"": ""هذا الحذاء مصنوع من الجلد الأصلي."", ""h"": ""هذا الحذاء مصنوع من الديم الأصلي.""}]",[],"[""daily life"", ""materials""]","الكلمة: الدِّيْم (الديم)
الجذر: ديم
الفصحى: الجلد
المعنى: يطلق على الجلد سواء كان مفرداً أو جمعاً.
المرادفات: جِلد
مثال: هذا الحذاء مصنوع من الديم الأصلي.
الوسوم: daily life، materials
ملاحظة: تستخدم أيضاً كلمة 'دويل' للإشارة إلى الجلد القديم."
308,الدَّكَّة,الدكة,aldkh,دكك,Noun,object,المصطبة أو الدرج الخارجي,المساحة المرتفعة أو الدرج الذي يكون عند باب البيت من الخارج للجلوس عليه، وجمعها دكك.,general,"[""مرتفع"", ""جلسة خارجية""]",[],مكان مشهور لتجمع الجيران وتبادل الأحاديث.,قاموس اللهجة الحضرمية - فهد بن هلابي - ص 50,"[{""f"": ""سنجلس على المصطبة الخارجية بعد العصر."", ""h"": ""بانجلس على الدكة بعد العصر.""}]",[],"[""daily life"", ""architecture""]","الكلمة: الدَّكَّة (الدكة)
الجذر: دكك
الفصحى: المصطبة أو الدرج الخارجي
المعنى: المساحة المرتفعة أو الدرج الذي يكون عند باب البيت من الخارج للجلوس عليه، وجمعها دكك.
المرادفات: مرتفع، جلسة خارجية
مثال: بانجلس على الدكة بعد العصر.
الوسوم: daily life، architecture
ملاحظة: مكان مشهور لتجمع الجيران وتبادل الأحاديث."
309,الدَّهْلَة,الدهله,aldhlh,دهل,Noun,emotion,التعود أو الإلف,الاعتياد على الشيء أو الشخص حتى يصبح مألوفاً.,general,"[""تعود"", ""إلف""]",[],,قاموس اللهجة الحضرمية - فهد بن هلابي - ص 50,"[{""f"": ""التعود والاعتياد أمر صعب (خاصة عند الفراق)."", ""h"": ""الدهلة عسرة.""}]","[""الدهلة عسرة""]","[""daily life"", ""emotions"", ""habit""]","الكلمة: الدَّهْلَة (الدهله)
الجذر: دهل
الفصحى: التعود أو الإلف
المعنى: الاعتياد على الشيء أو الشخص حتى يصبح مألوفاً.
المرادفات: تعود، إلف
مثال: الدهلة عسرة.
الوسوم: daily life، emotions، habit"
310,الدَّار,الدار,aldar,دور,Noun,object,البيت متعدد الأدوار,يطلق على البيت إذا زاد بناؤه عن الدور الأول (بيت طابقي).,general,"[""منزل"", ""بيت""]",[],يقال غالباً 'دار آل فلان'.,قاموس اللهجة الحضرمية - فهد بن هلابي - ص 51,"[{""f"": ""بنينا بيتاً جديداً (متعدد الأدوار) في القرية."", ""h"": ""بنينا دار جديد في البلاد.""}]",[],"[""daily life"", ""architecture"", ""house""]","الكلمة: الدَّار (الدار)
الجذر: دور
الفصحى: البيت متعدد الأدوار
المعنى: يطلق على البيت إذا زاد بناؤه عن الدور الأول (بيت طابقي).
المرادفات: منزل، بيت
مثال: بنينا دار جديد في البلاد.
الوسوم: daily life، architecture، house
ملاحظة: يقال غالباً 'دار آل فلان'."
311,الدَّخْلَة,الدخلة,aldkhlh,دخل,Noun,person,ليلة الزفاف,الاحتفال وزف العروس إلى منزل زوجها ليبدأ حياته الزوجية معها.,general,"[""زواج"", ""عرس""]",[],,قاموس اللهجة الحضرمية - فهد بن هلابي - ص 51,"[{""f"": ""ليلة زفاف فلان كانت ليلة الجمعة."", ""h"": ""الدخلة حق فلان كانت ليلة الجمعة.""}]",[],"[""social customs"", ""marriage"", ""wedding""]","الكلمة: الدَّخْلَة (الدخلة)
الجذر: دخل
الفصحى: ليلة الزفاف
المعنى: الاحتفال وزف العروس إلى منزل زوجها ليبدأ حياته الزوجية معها.
المرادفات: زواج، عرس
مثال: الدخلة حق فلان كانت ليلة الجمعة.
الوسوم: social customs، marriage، wedding"
312,الدُّوبِي,الدوبي,aldwby,دوب,Noun,object,الغسّال,الشخص الذي يمتهن غسيل الثياب وكيّها.,general,"[""غسال""]",[],كلمة متأثرة باللغات المجاورة نتيجة الهجرة.,قاموس اللهجة الحضرمية - فهد بن هلابي - ص 51,"[{""f"": ""أخذت الملابس إلى الغسال."", ""h"": ""وديت الثياب عند الدوبي.""}]",[],"[""daily life"", ""occupations""]","الكلمة: الدُّوبِي (الدوبي)
الجذر: دوب
الفصحى: الغسّال
المعنى: الشخص الذي يمتهن غسيل الثياب وكيّها.
المرادفات: غسال
مثال: وديت الثياب عند الدوبي.
الوسوم: daily life، occupations
ملاحظة: كلمة متأثرة باللغات المجاورة نتيجة الهجرة."
313,الدِّيْد,الديد,aldyd,ديد,Noun,object,الضرع أو الثدي,ثدي الأنثى من الإنسان أو الحيوان (الضرع).,general,"[""ضرع"", ""ثدي""]",[],,قاموس اللهجة الحضرمية - فهد بن هلابي - ص 51,"[{""f"": ""ضرع الشاة مليء بالحليب."", ""h"": ""ديد الشاة ممتلئ حليب.""}]","[""ديدها كما قرونها""]","[""daily life"", ""nature""]","الكلمة: الدِّيْد (الديد)
الجذر: ديد
الفصحى: الضرع أو الثدي
المعنى: ثدي الأنثى من الإنسان أو الحيوان (الضرع).
المرادفات: ضرع، ثدي
مثال: ديد الشاة ممتلئ حليب.
الوسوم: daily life، nature"
314,دَوْب,دوب,dwb,دوب,Adverb,expression,دائماً,تستخدم للدلالة على الاستمرار والتكرار الدائم.,general,"[""دائماً"", ""على طول""]",[],,قاموس اللهجة الحضرمية - فهد بن هلابي - ص 51,"[{""f"": ""هو دائماً يأتي لزيارتنا."", ""h"": ""هو دوب يجي عندنا.""}]",[],"[""daily life"", ""expressions"", ""always""]","الكلمة: دَوْب (دوب)
الجذر: دوب
الفصحى: دائماً
المعنى: تستخدم للدلالة على الاستمرار والتكرار الدائم.
المرادفات: دائماً، على طول
مثال: هو دوب يجي عندنا.
الوسوم: daily life، expressions، always"
315,دُوَيْرَه,دويره,dwyrh,دور,Noun,object,بيت صغير,تصغير لكلمة 'دار'، وتعني البيت الصغير البسيط.,general,"[""منزل صغير""]",[],تنطق الياء بكسر خفيف والراء مخففة.,قاموس اللهجة الحضرمية - فهد بن هلابي - ص 51,"[{""f"": ""يسكن في بيت صغير وبسيط."", ""h"": ""ساكن في دويرة على قد حاله.""}]",[],"[""daily life"", ""architecture"", ""small house""]","الكلمة: دُوَيْرَه (دويره)
الجذر: دور
الفصحى: بيت صغير
المعنى: تصغير لكلمة 'دار'، وتعني البيت الصغير البسيط.
المرادفات: منزل صغير
مثال: ساكن في دويرة على قد حاله.
الوسوم: daily life، architecture، small house
ملاحظة: تنطق الياء بكسر خفيف والراء مخففة."
316,الدَّرَع,الدرع,aldr3,درع,Noun,object,حوش أو زريبة,مكان مسور ونصف مسقوف يستخدم لإيواء الأغنام أو كمستودع للبضائع البسيطة.,general,"[""زريبة"", ""مستودع""]",[],,قاموس اللهجة الحضرمية - فهد بن هلابي - ص 51,"[{""f"": ""ضع الأغنام في الحوش المسور."", ""h"": ""حط الغنم في الدرع.""}]",[],"[""agriculture"", ""daily life"", ""sheep""]","الكلمة: الدَّرَع (الدرع)
الجذر: درع
الفصحى: حوش أو زريبة
المعنى: مكان مسور ونصف مسقوف يستخدم لإيواء الأغنام أو كمستودع للبضائع البسيطة.
المرادفات: زريبة، مستودع
مثال: حط الغنم في الدرع.
الوسوم: agriculture، daily life، sheep"
317,الدِّيْرَة,الديرة,aldyrh,دير,Noun,object,محور الباب,حفرة صغيرة في الأرض أو العتبة تعمل كمحور لارتكاز الأبواب الخشبية القديمة عند الفتح والإغلاق.,general,"[""محور""]",[],,قاموس اللهجة الحضرمية - فهد بن هلابي - ص 51,"[{""f"": ""خرج الباب عن محور ارتكازه."", ""h"": ""الباب خرج من الديرة.""}]",[],"[""daily life"", ""architecture"", ""door""]","الكلمة: الدِّيْرَة (الديرة)
الجذر: دير
الفصحى: محور الباب
المعنى: حفرة صغيرة في الأرض أو العتبة تعمل كمحور لارتكاز الأبواب الخشبية القديمة عند الفتح والإغلاق.
المرادفات: محور
مثال: الباب خرج من الديرة.
الوسوم: daily life، architecture، door"
318,الدَّخَش,الدخش,aldkhsh,دخش,Noun,object,المكان الضيق,وصف يطلق على الأماكن الضيقة جداً أو الزوايا المحشورة.,general,"[""ضيق"", ""زقاق""]",[],,قاموس اللهجة الحضرمية - فهد بن هلابي - ص 51,"[{""f"": ""دخل في مكان ضيق جداً."", ""h"": ""دخل في دخش صغير.""}]",[],"[""daily life"", ""descriptions"", ""small hole""]","الكلمة: الدَّخَش (الدخش)
الجذر: دخش
الفصحى: المكان الضيق
المعنى: وصف يطلق على الأماكن الضيقة جداً أو الزوايا المحشورة.
المرادفات: ضيق، زقاق
مثال: دخل في دخش صغير.
الوسوم: daily life، descriptions، small hole"
319,الدَّقْسَة,الدقسه,aldqsh,دقس,Noun,object,الدقة أو الصغر,تشير إلى الصغر الشديد أو الدقة في الشيء.,general,"[""دقة""]",[],,قاموس اللهجة الحضرمية - فهد بن هلابي - ص 52,"[{""f"": ""هذا العمل يتطلب دقة شديدة."", ""h"": ""هذا الشغل يحتاج دقسة.""}]",[],"[""daily life"", ""precision""]","الكلمة: الدَّقْسَة (الدقسه)
الجذر: دقس
الفصحى: الدقة أو الصغر
المعنى: تشير إلى الصغر الشديد أو الدقة في الشيء.
المرادفات: دقة
مثال: هذا الشغل يحتاج دقسة.
الوسوم: daily life، precision"
320,الدِّرْع,الدرع,aldr3,درع,Noun,object,ثوب نسائي,لباس المرأة الحضرمية التقليدي، وهو ثوب من القطن الملون والشفاف خفيف الخياطة.,general,"[""ثوب نسائي""]",[],يتميز بكونه مريحاً ومناسباً للأجواء الحارة.,قاموس اللهجة الحضرمية - فهد بن هلابي - ص 52,"[{""f"": ""لبست العروس ثوباً (درعاً) ملوناً ومزيناً."", ""h"": ""لبست العروس درع مزين.""}]",[],"[""daily life"", ""clothing"", ""woman""]","الكلمة: الدِّرْع (الدرع)
الجذر: درع
الفصحى: ثوب نسائي
المعنى: لباس المرأة الحضرمية التقليدي، وهو ثوب من القطن الملون والشفاف خفيف الخياطة.
المرادفات: ثوب نسائي
مثال: لبست العروس درع مزين.
الوسوم: daily life، clothing، woman
ملاحظة: يتميز بكونه مريحاً ومناسباً للأجواء الحارة."
321,الدَّقَّاقَة,الدقاقه,aldqaqh,دقق,Noun,object,المنحاز (الهاون),الأداة التي تُستخدم لدق الحبوب أو التوابل، وتصنع عادة من الخشب أو المعدن.,general,"[""منحاز"", ""هاون""]",[],,قاموس اللهجة الحضرمية - فهد بن هلابي - ص 52,"[{""f"": ""طحنت القهوة في المنحاز (الدقاقة)."", ""h"": ""دقت البن في الدقاقة.""}]",[],"[""daily life"", ""tools""]","الكلمة: الدَّقَّاقَة (الدقاقه)
الجذر: دقق
الفصحى: المنحاز (الهاون)
المعنى: الأداة التي تُستخدم لدق الحبوب أو التوابل، وتصنع عادة من الخشب أو المعدن.
المرادفات: منحاز، هاون
مثال: دقت البن في الدقاقة.
الوسوم: daily life، tools"
322,الدَّكْم,الدكم,aldkm,دكم,Noun,object,الركن أو اللكمة,تطلق على زاوية الغرفة أو الدار، كما تطلق أيضاً على ضربة القبضة (اللكمة).,general,"[""زاوية"", ""لكمة""]",[],,قاموس اللهجة الحضرمية - فهد بن هلابي - ص 52,"[{""f"": ""ضع الغرض في زاوية الغرفة."", ""h"": ""حط الغرض في دكم الغرفة.""}, {""f"": ""ضربه لكمة قوية."", ""h"": ""أعطاه دكم قوي.""}]",[],"[""daily life"", ""descriptions"", ""angle"", ""wall""]","الكلمة: الدَّكْم (الدكم)
الجذر: دكم
الفصحى: الركن أو اللكمة
المعنى: تطلق على زاوية الغرفة أو الدار، كما تطلق أيضاً على ضربة القبضة (اللكمة).
المرادفات: زاوية، لكمة
مثال: حط الغرض في دكم الغرفة.
الوسوم: daily life، descriptions، angle، wall"
323,الدَّرْجَة / الدَّرَّاج,الدرجه,aldrjh  aldraj,درج,Noun,object,نوع من الرقص الشعبي,نوع من أنواع الرقص الحضرمي الشعبي الذي يشبه رقص 'الهبيش'.,general,"[""رقص شعبي""]",[],,قاموس اللهجة الحضرمية - فهد بن هلابي - ص 52,"[{""f"": ""الشباب يؤدون رقصة الدراج في حفل الزفاف."", ""h"": ""الشباب يلعبون الدراج في العرس.""}]",[],"[""social customs"", ""arts"", ""dance"", ""wedding""]","الكلمة: الدَّرْجَة / الدَّرَّاج (الدرجه)
الجذر: درج
الفصحى: نوع من الرقص الشعبي
المعنى: نوع من أنواع الرقص الحضرمي الشعبي الذي يشبه رقص 'الهبيش'.
المرادفات: رقص شعبي
مثال: الشباب يلعبون الدراج في العرس.
الوسوم: social customs، arts، dance، wedding"
324,الدَّلْو,الدلو,aldlw,دلو,Noun,object,وعاء استخراج الماء,وعاء يصنع من الجلد أو المطاط (الربل) يستخدم لجلب الماء من البئر.,general,"[""سطل""]",[],,قاموس اللهجة الحضرمية - فهد بن هلابي - ص 53,"[{""f"": ""استخرج الماء باستخدام الدلو."", ""h"": ""طلع الماء بالدلو.""}]",[],"[""daily life"", ""tools"", ""water""]","الكلمة: الدَّلْو (الدلو)
الجذر: دلو
الفصحى: وعاء استخراج الماء
المعنى: وعاء يصنع من الجلد أو المطاط (الربل) يستخدم لجلب الماء من البئر.
المرادفات: سطل
مثال: طلع الماء بالدلو.
الوسوم: daily life، tools، water"
325,الدُّور,الدور,aldwr,دور,Noun,object,سور المدينة,السور المحيط بالبلدة أو القرية لحمايتها، وسمي بذلك لإحاطته بها كالدائرة.,general,"[""سور"", ""حائط""]",[],,قاموس اللهجة الحضرمية - فهد بن هلابي - ص 53,"[{""f"": ""المدينة محاطة بسور قديم."", ""h"": ""البلاد لها دور قديم.""}]",[],"[""daily life"", ""history"", ""city""]","الكلمة: الدُّور (الدور)
الجذر: دور
الفصحى: سور المدينة
المعنى: السور المحيط بالبلدة أو القرية لحمايتها، وسمي بذلك لإحاطته بها كالدائرة.
المرادفات: سور، حائط
مثال: البلاد لها دور قديم.
الوسوم: daily life، history، city"
326,الدَّنْدَنَة,الدندنة,aldndnh,دنن,Noun,object,الغناء الخفيف أو التمهيدي,بداية الغناء بصوت منخفض ثم رفعه تدريجياً، مع وضع اليد خلف الأذن لترجيع الصوت.,general,"[""تغني""]",[],جزء من تقاليد الغناء الصوتي في حضرموت.,قاموس اللهجة الحضرمية - فهد بن هلابي - ص 53,"[{""f"": ""بدأ الشاعر بالغناء التمهيدي في جلسة السمر."", ""h"": ""بدأ الشاعر بالدندنة في السمرة.""}]",[],"[""social customs"", ""arts"", ""song""]","الكلمة: الدَّنْدَنَة (الدندنة)
الجذر: دنن
الفصحى: الغناء الخفيف أو التمهيدي
المعنى: بداية الغناء بصوت منخفض ثم رفعه تدريجياً، مع وضع اليد خلف الأذن لترجيع الصوت.
المرادفات: تغني
مثال: بدأ الشاعر بالدندنة في السمرة.
الوسوم: social customs، arts، song
ملاحظة: جزء من تقاليد الغناء الصوتي في حضرموت."
327,الدُّبّ,الدب,aldb,دبب,Adjective,descriptor,السمين,وصف يطلق على الشخص السمين أو ممتلئ الجسم.,general,"[""سمين"", ""متين""]",[],,قاموس اللهجة الحضرمية - فهد بن هلابي - ص 53,"[{""f"": ""هذا الولد سمين ما شاء الله."", ""h"": ""الولد هذا دب ما شاء الله.""}]",[],"[""daily life"", ""descriptions"", ""fat""]","الكلمة: الدُّبّ (الدب)
الجذر: دبب
الفصحى: السمين
المعنى: وصف يطلق على الشخص السمين أو ممتلئ الجسم.
المرادفات: سمين، متين
مثال: الولد هذا دب ما شاء الله.
الوسوم: daily life، descriptions، fat"
328,الدَّمِيمَة الهَنَنَة,الدميمة الهننه,aldmymh alhnnh,دمم,Noun,object,البومة,اسم محلي يطلق على طائر البوم.,general,"[""بومة""]",[],,قاموس اللهجة الحضرمية - فهد بن هلابي - ص 53,"[{""f"": ""صوت البومة في الليل مخيف."", ""h"": ""صوت الدميمة الهننة في الليل يفجع.""}]",[],"[""nature"", ""birds""]","الكلمة: الدَّمِيمَة الهَنَنَة (الدميمة الهننه)
الجذر: دمم
الفصحى: البومة
المعنى: اسم محلي يطلق على طائر البوم.
المرادفات: بومة
مثال: صوت الدميمة الهننة في الليل يفجع.
الوسوم: nature، birds"
329,الدَّان الحَضْرَمِي,الدان الحضرمي,aldan alHDrmy,دون,Noun,object,فن الدان الشعبي,فن غنائي حضرمي عريق يعتمد على ألحان ونغمات خاصة تعبر عن مشاعر الناس وشجونهم.,general,"[""غناء شعبي""]",[],يعتبر الدان من أرقى الفنون الغنائية في حضرموت.,قاموس اللهجة الحضرمية - فهد بن هلابي - ص 53,"[{""f"": ""جلسة فن دان حضرمي أصيل."", ""h"": ""جلسة دان حضرمي أصيل.""}]",[],"[""social customs"", ""arts"", ""song""]","الكلمة: الدَّان الحَضْرَمِي (الدان الحضرمي)
الجذر: دون
الفصحى: فن الدان الشعبي
المعنى: فن غنائي حضرمي عريق يعتمد على ألحان ونغمات خاصة تعبر عن مشاعر الناس وشجونهم.
المرادفات: غناء شعبي
مثال: جلسة دان حضرمي أصيل.
الوسوم: social customs، arts، song
ملاحظة: يعتبر الدان من أرقى الفنون الغنائية في حضرموت."
330,الدَّلْدَال,الدلدال,aldldal,دلدل,Noun,object,وسيلة تبادل عبر الحبال,حبل مربوط به وعاء (دلو) يتم مده بين البيوت المتقاربة لتبادل الأشياء دون الحاجة للنزول.,general,"[""تبادل حبال""]",[],كانت وسيلة شائعة في البيوت المتقاربة قديماً.,قاموس اللهجة الحضرمية - فهد بن هلابي - ص 53,"[{""f"": ""أرسلت لجارتي طبقاً عبر وسيلة الدلو والخيط."", ""h"": ""أرسلت لجارتي صحن بالدلدال.""}]",[],"[""daily life"", ""social customs"", ""swap""]","الكلمة: الدَّلْدَال (الدلدال)
الجذر: دلدل
الفصحى: وسيلة تبادل عبر الحبال
المعنى: حبل مربوط به وعاء (دلو) يتم مده بين البيوت المتقاربة لتبادل الأشياء دون الحاجة للنزول.
المرادفات: تبادل حبال
مثال: أرسلت لجارتي صحن بالدلدال.
الوسوم: daily life، social customs، swap
ملاحظة: كانت وسيلة شائعة في البيوت المتقاربة قديماً."
331,الدِّجْر,الدجر,aldjr,دجر,Noun,object,اللوبياء,نوع من أنواع الحبوب (البقوليات) من فصيلة الفاصولياء، وهو طبق مشهور في حضرموت.,general,"[""لوبياء""]",[],بعض المناطق تنطق الجيم ياء ليكون الدير,قاموس اللهجة الحضرمية - فهد بن هلابي - ص 53,"[{""f"": ""طبخنا لوبياء اليوم مع الأرز."", ""h"": ""طبخنا دجر اليوم مع الرز.""}, {""f"": ""طبخنا لوبياء اليوم مع الأرز."", ""h"": ""طبخنا دير اليوم مع الرز.""}]",[],"[""daily life"", ""food"", ""seed""]","الكلمة: الدِّجْر (الدجر)
الجذر: دجر
الفصحى: اللوبياء
المعنى: نوع من أنواع الحبوب (البقوليات) من فصيلة الفاصولياء، وهو طبق مشهور في حضرموت.
المرادفات: لوبياء
مثال: طبخنا دجر اليوم مع الرز.
الوسوم: daily life، food، seed
ملاحظة: بعض المناطق تنطق الجيم ياء ليكون الدير"
332,دَفَرَهَا,دفرها,dfrha,دفر,Verb,action,دفعها أو أزاحها,بمعنى دفع الشيء بقوة أو إزاحته من مكانه.,general,"[""دفع"", ""زاح""]",[],,قاموس اللهجة الحضرمية - فهد بن هلابي - ص 54,"[{""f"": ""دفع الباب بقوة."", ""h"": ""دفر الباب بقوة.""}]","[""لا دفرك لي قفاك عليك لي قدامك""]","[""daily life"", ""actions"", ""push""]","الكلمة: دَفَرَهَا (دفرها)
الجذر: دفر
الفصحى: دفعها أو أزاحها
المعنى: بمعنى دفع الشيء بقوة أو إزاحته من مكانه.
المرادفات: دفع، زاح
مثال: دفر الباب بقوة.
الوسوم: daily life، actions، push"
333,دِحَفْهَا,دحفها,dHfha,دحف,Verb,action,أزاحها قليلاً,إزاحة الشيء مسافة قصيرة، وتستخدم غالباً عند طلب التوسعة في الجلوس.,general,"[""زحزح""]",[],تختلف عن 'دفر' بأنها إزاحة خفيفة.,قاموس اللهجة الحضرمية - فهد بن هلابي - ص 54,"[{""f"": ""تزحزح قليلاً لكي نتمكن من الجلوس."", ""h"": ""دحف شوي خلنا نجلس.""}]",[],"[""daily life"", ""actions"", ""push""]","الكلمة: دِحَفْهَا (دحفها)
الجذر: دحف
الفصحى: أزاحها قليلاً
المعنى: إزاحة الشيء مسافة قصيرة، وتستخدم غالباً عند طلب التوسعة في الجلوس.
المرادفات: زحزح
مثال: دحف شوي خلنا نجلس.
الوسوم: daily life، actions، push
ملاحظة: تختلف عن 'دفر' بأنها إزاحة خفيفة."
334,الدُّوم,الدوم,aldwm,دوم,Noun,object,النبق,ثمرة شجرة العلب (السدر)، وهي ثمار صغيرة لذيذة.,general,"[""نبق""]",[],,قاموس اللهجة الحضرمية - فهد بن هلابي - ص 54,"[{""f"": ""جمعنا نبقاً من تحت شجرة السدر."", ""h"": ""جمعنا دوم من تحت العلبة.""}]","[""إذا سلم العلب قل جاء الدوم""]","[""nature"", ""plants"", ""date""]","الكلمة: الدُّوم (الدوم)
الجذر: دوم
الفصحى: النبق
المعنى: ثمرة شجرة العلب (السدر)، وهي ثمار صغيرة لذيذة.
المرادفات: نبق
مثال: جمعنا دوم من تحت العلبة.
الوسوم: nature، plants، date"
335,ذَلَق,ذلق,dhlq,ذلق,Noun,object,الطرف الحاد,رأس الشيء أو طرفه المدبب والحاد.,general,"[""رأس"", ""نصل""]",[],يقال 'ذلق الشريم' أي طرف المنجل الحاد.,قاموس اللهجة الحضرمية - فهد بن هلابي - ص 55,"[{""f"": ""احذر من طرف السكين الحاد."", ""h"": ""انتبه من ذلق السكين.""}]",[],"[""daily life"", ""tools"", ""knife""]","الكلمة: ذَلَق (ذلق)
الجذر: ذلق
الفصحى: الطرف الحاد
المعنى: رأس الشيء أو طرفه المدبب والحاد.
المرادفات: رأس، نصل
مثال: انتبه من ذلق السكين.
الوسوم: daily life، tools، knife
ملاحظة: يقال 'ذلق الشريم' أي طرف المنجل الحاد."
336,الذِّهِينَة,الذهينة,aldhhynh,ذهن,Noun,person,ليلة الزفاف,مسمى يطلق على ليلة العرس في بعض المناطق الحضرمية.,general,"[""ليلة الدخلة""]",[],,قاموس اللهجة الحضرمية - فهد بن هلابي - ص 55,"[{""f"": ""الليلة هي ليلة زفاف فلان."", ""h"": ""الليلة هي الذهينة حق فلان.""}]",[],"[""social customs"", ""marriage"", ""wedding""]","الكلمة: الذِّهِينَة (الذهينة)
الجذر: ذهن
الفصحى: ليلة الزفاف
المعنى: مسمى يطلق على ليلة العرس في بعض المناطق الحضرمية.
المرادفات: ليلة الدخلة
مثال: الليلة هي الذهينة حق فلان.
الوسوم: social customs، marriage، wedding"
337,الذِّيْل وقدمه,الذيل وقدمه,aldhyl wqdmh,ذيل,Noun,object,فستان طويل جداً,فستان نسائي طويل جداً يجر خلف المرأة، ساتر ويخفي أثر المشي.,general,"[""ثوب مسبل""]",[],,قاموس اللهجة الحضرمية - فهد بن هلابي - ص 55,"[{""f"": ""لبست المرأة الفستان المسبل الطويل في المناسبة."", ""h"": ""لبست المرأة الذيل وقدمه في المناسبة.""}]",[],"[""daily life"", ""clothing"", ""dress""]","الكلمة: الذِّيْل وقدمه (الذيل وقدمه)
الجذر: ذيل
الفصحى: فستان طويل جداً
المعنى: فستان نسائي طويل جداً يجر خلف المرأة، ساتر ويخفي أثر المشي.
المرادفات: ثوب مسبل
مثال: لبست المرأة الذيل وقدمه في المناسبة.
الوسوم: daily life، clothing، dress"
338,الذِّرَاع,الذراع,aldhra3,ذرع,Noun,object,وحدة قياس طولية,وحدة قياس قديمة تعتمد على طول ذراع الإنسان.,general,"[""مقياس""]",[],,قاموس اللهجة الحضرمية - فهد بن هلابي - ص 55,"[{""f"": ""اشتريت ثلاثة أمتار (أذرع) من القماش."", ""h"": ""اشتريت ثلاثة أذرع قماش.""}]",[],"[""daily life"", ""measurements"", ""fabric""]","الكلمة: الذِّرَاع (الذراع)
الجذر: ذرع
الفصحى: وحدة قياس طولية
المعنى: وحدة قياس قديمة تعتمد على طول ذراع الإنسان.
المرادفات: مقياس
مثال: اشتريت ثلاثة أذرع قماش.
الوسوم: daily life، measurements، fabric"
339,الذُّبَاب الأسْوَدَانِي,الذباب الاسوداني,aldhbab alaswdany,ذبب,Noun,object,نوع من الحشرات الطائرة,حشرة طائرة سوداء كبيرة الحجم، تتميز بلسعة أو قرصة مؤلمة.,general,"[""دبور أسود""]",[],,قاموس اللهجة الحضرمية - فهد بن هلابي - ص 55,"[{""f"": ""لسعتني حشرة طائرة كبيرة (ذباب أسوداني) في المزرعة."", ""h"": ""قرصني ذباب أسوداني في المزرعة.""}]",[],"[""nature"", ""insects"", ""black fly""]","الكلمة: الذُّبَاب الأسْوَدَانِي (الذباب الاسوداني)
الجذر: ذبب
الفصحى: نوع من الحشرات الطائرة
المعنى: حشرة طائرة سوداء كبيرة الحجم، تتميز بلسعة أو قرصة مؤلمة.
المرادفات: دبور أسود
مثال: قرصني ذباب أسوداني في المزرعة.
الوسوم: nature، insects، black fly"
340,الذَّبْر والذَّبْرَة,الذبر والذبرة,aldhbr waldhbrh,ذبر,Noun,object,الدبابير,تطلق على الدبابير، وهي حشرات عدوة للنحل.,general,"[""دبابير""]",[],,قاموس اللهجة الحضرمية - فهد بن هلابي - ص 55,"[{""f"": ""هاجمت الدبابير النحل في الخلية."", ""h"": ""الذبر أكل النحل في الخلية.""}]",[],"[""nature"", ""insects"", ""bee""]","الكلمة: الذَّبْر والذَّبْرَة (الذبر والذبرة)
الجذر: ذبر
الفصحى: الدبابير
المعنى: تطلق على الدبابير، وهي حشرات عدوة للنحل.
المرادفات: دبابير
مثال: الذبر أكل النحل في الخلية.
الوسوم: nature، insects، bee"
341,الذَّرِي,الذري,aldhry,ذرر,Noun,object,البذور,الحبوب أو البذور التي تُعد للزراعة في الأرض.,general,"[""بذور"", ""حبوب""]",[],,قاموس اللهجة الحضرمية - فهد بن هلابي - ص 55,"[{""f"": ""ضع البذور في الأرض للزراعة."", ""h"": ""حط الذري في الأرض.""}]",[],"[""agriculture"", ""seed""]","الكلمة: الذَّرِي (الذري)
الجذر: ذرر
الفصحى: البذور
المعنى: الحبوب أو البذور التي تُعد للزراعة في الأرض.
المرادفات: بذور، حبوب
مثال: حط الذري في الأرض.
الوسوم: agriculture، seed"
342,الذَّالِح,الذالح,aldhalH,ذلح,Noun,object,جريان الماء في المسالك,جريان مياه الأمطار أو السيول في الشعاب والطرقات والمراعيض.,general,"[""سيل خفيف""]",[],,قاموس اللهجة الحضرمية - فهد بن هلابي - ص 56,"[{""f"": ""الشعاب تجري فيها مياه الأمطار اليوم."", ""h"": ""الشعاب اليوم ذالح من المطر.""}]",[],"[""nature"", ""daily life"", ""water""]","الكلمة: الذَّالِح (الذالح)
الجذر: ذلح
الفصحى: جريان الماء في المسالك
المعنى: جريان مياه الأمطار أو السيول في الشعاب والطرقات والمراعيض.
المرادفات: سيل خفيف
مثال: الشعاب اليوم ذالح من المطر.
الوسوم: nature، daily life، water"
343,الذِّيْب,الذيب,aldhyb,ذيب,Noun,object,الذئب,النطق المحلي لكلمة الذئب.,general,"[""ذئب""]",[],,قاموس اللهجة الحضرمية - فهد بن هلابي - ص 55,"[{""f"": ""سمعنا عواء الذئب في الوادي."", ""h"": ""سمعنا عوا الذيب في الوادي.""}]",[],"[""nature"", ""animals"", ""wolf""]","الكلمة: الذِّيْب (الذيب)
الجذر: ذيب
الفصحى: الذئب
المعنى: النطق المحلي لكلمة الذئب.
المرادفات: ذئب
مثال: سمعنا عوا الذيب في الوادي.
الوسوم: nature، animals، wolf"
344,ذَحِين,ذحين,dhHyn,حين,Adverb,expression,الآن,تستخدم للإشارة إلى الوقت الحالي (الآن).,general,"[""الآن"", ""دحين""]","[""دحين""]",تستخدم بكثرة في الحديث اليومي.,قاموس اللهجة الحضرمية - فهد بن هلابي - ص 56,"[{""f"": ""سنذهب إلى السوق الآن."", ""h"": ""بانروح السوق ذحين.""}]",[],"[""daily life"", ""expressions"", ""now""]","الكلمة: ذَحِين (ذحين)
الجذر: حين
الفصحى: الآن
المعنى: تستخدم للإشارة إلى الوقت الحالي (الآن).
المرادفات: الآن، دحين
مثال: بانروح السوق ذحين.
الوسوم: daily life، expressions، now
ملاحظة: تستخدم بكثرة في الحديث اليومي."
345,ذَلَا ذَحِين,ذلا ذحين,dhla dhHyn,حين,Expression,expression,الآن فقط / توّاً,تعبير يعني الوقت الحالي تحديداً، وغالباً ما يستخدم في الشعر.,general,"[""الآن""]",[],وردت في الشعر: 'ذلا ذحين.. قالوا لي إنك زين'.,قاموس اللهجة الحضرمية - فهد بن هلابي - ص 56,"[{""f"": ""الآن فقط وصلت من السفر."", ""h"": ""ذلا ذحين جيت من السفر.""}]",[],"[""daily life"", ""literature"", ""now""]","الكلمة: ذَلَا ذَحِين (ذلا ذحين)
الجذر: حين
الفصحى: الآن فقط / توّاً
المعنى: تعبير يعني الوقت الحالي تحديداً، وغالباً ما يستخدم في الشعر.
المرادفات: الآن
مثال: ذلا ذحين جيت من السفر.
الوسوم: daily life، literature، now
ملاحظة: وردت في الشعر: 'ذلا ذحين.. قالوا لي إنك زين'."
346,ذَرَّة,ذرة,dhrh,ذرر,Noun,object,النملة الصغيرة,اسم يطلق على النملة الصغيرة جداً.,general,"[""نملة""]",[],,قاموس اللهجة الحضرمية - فهد بن هلابي - ص 56,"[{""f"": ""تجمع النمل الصغير على السكر."", ""h"": ""الذر تجمعت على السكر.""}]",[],"[""nature"", ""insects"", ""ants""]","الكلمة: ذَرَّة (ذرة)
الجذر: ذرر
الفصحى: النملة الصغيرة
المعنى: اسم يطلق على النملة الصغيرة جداً.
المرادفات: نملة
مثال: الذر تجمعت على السكر.
الوسوم: nature، insects، ants"
347,الذُّبَان,الذبان,aldhban,ذبب,Noun,object,الذباب,جمع ذبابة، وهو النطق الشائع للكلمة في حضرموت.,general,"[""ذباب""]",[],,قاموس اللهجة الحضرمية - فهد بن هلابي - ص 56,"[{""f"": ""اطرد الذباب من الغرفة."", ""h"": ""اطرد الذبان من الغرفة.""}]",[],"[""nature"", ""insects"", ""flys""]","الكلمة: الذُّبَان (الذبان)
الجذر: ذبب
الفصحى: الذباب
المعنى: جمع ذبابة، وهو النطق الشائع للكلمة في حضرموت.
المرادفات: ذباب
مثال: اطرد الذبان من الغرفة.
الوسوم: nature، insects، flys"
348,الرَّشُوح,الرشوح,alrshwH,رشح,Noun,object,ألم في الجسد,وجع يصيب عادة الجانبين أو الأرجل (أسفل القدم).,general,"[""ألم"", ""وجع""]",[],,قاموس اللهجة الحضرمية - فهد بن هلابي - ص 57,"[{""f"": ""أشعر بألم في قدمي نتيجة المشي."", ""h"": ""فيني رشوح في رجلي من المشي.""}]",[],"[""daily life"", ""health"", ""leg""]","الكلمة: الرَّشُوح (الرشوح)
الجذر: رشح
الفصحى: ألم في الجسد
المعنى: وجع يصيب عادة الجانبين أو الأرجل (أسفل القدم).
المرادفات: ألم، وجع
مثال: فيني رشوح في رجلي من المشي.
الوسوم: daily life، health، leg"
349,رُقَاد,رقاد,rqad,رقد,Noun,object,درجات السلم,تعني السلم أو الدرج، والمفرد 'رقدة' وهي الدرجة الواحدة من السلم.,general,"[""درج"", ""سلم""]",[],,قاموس اللهجة الحضرمية - فهد بن هلابي - ص 57,"[{""f"": ""اصعد على الدرج بحذر."", ""h"": ""اطلع في الرقاد بحذر.""}]",[],"[""daily life"", ""architecture"", ""stairs""]","الكلمة: رُقَاد (رقاد)
الجذر: رقد
الفصحى: درجات السلم
المعنى: تعني السلم أو الدرج، والمفرد 'رقدة' وهي الدرجة الواحدة من السلم.
المرادفات: درج، سلم
مثال: اطلع في الرقاد بحذر.
الوسوم: daily life، architecture، stairs"
350,الرَّضِيح,الرضيح,alrDyH,رضح,Noun,object,نوى التمر المكسر,نوى التمر بعد أن يتم تكسيره (رضحه) ليُقدم كغذاء للماشية.,general,"[""نوى مكسر""]",[],تنطق الراء بتشديد.,قاموس اللهجة الحضرمية - فهد بن هلابي - ص 57,"[{""f"": ""قدم للغنم نوى التمر المكسر."", ""h"": ""أعط الغنم رضيح.""}]",[],"[""agriculture"", ""daily life"", ""sheep"", ""nut""]","الكلمة: الرَّضِيح (الرضيح)
الجذر: رضح
الفصحى: نوى التمر المكسر
المعنى: نوى التمر بعد أن يتم تكسيره (رضحه) ليُقدم كغذاء للماشية.
المرادفات: نوى مكسر
مثال: أعط الغنم رضيح.
الوسوم: agriculture، daily life، sheep، nut
ملاحظة: تنطق الراء بتشديد."
351,رَخْلَة,رخله,rkhlh,رخل,Noun,object,أنثى الضأن الصغيرة,أنثى الغنم (الضأن) وهي في سن صغيرة.,general,"[""نعجة صغيرة""]",[],,قاموس اللهجة الحضرمية - فهد بن هلابي - ص 57,"[{""f"": ""اشترينا أنثى ضأن صغيرة وسمينة ."", ""h"": ""اشترينا رخله سمينة .""}]",[],"[""daily life"", ""nature"", ""sheep""]","الكلمة: رَخْلَة (رخله)
الجذر: رخل
الفصحى: أنثى الضأن الصغيرة
المعنى: أنثى الغنم (الضأن) وهي في سن صغيرة.
المرادفات: نعجة صغيرة
مثال: اشترينا رخله سمينة .
الوسوم: daily life، nature، sheep"
352,الرَّفْقَة,الرفقه,alrfqh,رفق,Noun,object,وتد خشبي في الجدار,قطعة خشبية تُغرز في الجدار قديماً لاستخدامها كعلاقة لتعليق الملابس أو الأغراض.,general,"[""وتد"", ""علاقة""]",[],,قاموس اللهجة الحضرمية - فهد بن هلابي - ص 57,"[{""f"": ""علق ثوبك على الوتد الخشبي في الجدار."", ""h"": ""علق ثوبك في الرفقة.""}]",[],"[""daily life"", ""architecture"", ""wall""]","الكلمة: الرَّفْقَة (الرفقه)
الجذر: رفق
الفصحى: وتد خشبي في الجدار
المعنى: قطعة خشبية تُغرز في الجدار قديماً لاستخدامها كعلاقة لتعليق الملابس أو الأغراض.
المرادفات: وتد، علاقة
مثال: علق ثوبك في الرفقة.
الوسوم: daily life، architecture، wall"
353,الرَّعَة,الرعه,alr3h,رعة,Noun,object,ناقلة خشبية للبناء,آلة خشبية مسطحة لها أربعة مقابض، يستخدمها شخصان لنقل المدر (الطين) لغرض البناء.,general,"[""حمالة خشبية""]",[],,قاموس اللهجة الحضرمية - فهد بن هلابي - ص 57,"[{""f"": ""انقلوا الطين باستخدام الناقلة الخشبية."", ""h"": ""شيلوا المدر بالرعة.""}]",[],"[""daily life"", ""tools"", ""wooden bar""]","الكلمة: الرَّعَة (الرعه)
الجذر: رعة
الفصحى: ناقلة خشبية للبناء
المعنى: آلة خشبية مسطحة لها أربعة مقابض، يستخدمها شخصان لنقل المدر (الطين) لغرض البناء.
المرادفات: حمالة خشبية
مثال: شيلوا المدر بالرعة.
الوسوم: daily life، tools، wooden bar"
354,الرَّوْك,الروك,alrwk,روك,Noun,object,صقل الجدران,عملية صقل مادة النورة بحكها لفترة طويلة بحجر أملس حتى تصبح ناعمة جداً.,general,"[""صقل"", ""تلميع""]",[],بضم الراء والواو,قاموس اللهجة الحضرمية - فهد بن هلابي - ص 57,"[{""f"": ""البناء يقوم بصقل جدران المجلس."", ""h"": ""البناء يقي روك للمجلس.""}]",[],"[""daily life"", ""architecture"", ""wall""]","الكلمة: الرَّوْك (الروك)
الجذر: روك
الفصحى: صقل الجدران
المعنى: عملية صقل مادة النورة بحكها لفترة طويلة بحجر أملس حتى تصبح ناعمة جداً.
المرادفات: صقل، تلميع
مثال: البناء يقي روك للمجلس.
الوسوم: daily life، architecture، wall
ملاحظة: بضم الراء والواو"
355,الرَّاعَة,الراعة,alra3h,روع,Noun,expression,المصيبة أو الفاجعة,تستخدم للإشارة إلى المصيبة، وغالباً ما ينطقها كبار السن كدعاء خفيف على الأبناء عند الغضب.,general,"[""مصيبة""]",[],,قاموس اللهجة الحضرمية - فهد بن هلابي - ص 58,"[{""f"": ""يا للمصيبة (تقال كدعاء خفيف)."", ""h"": ""يا راعة شلك.""}]",[],"[""daily life"", ""expressions"", ""bad luck""]","الكلمة: الرَّاعَة (الراعة)
الجذر: روع
الفصحى: المصيبة أو الفاجعة
المعنى: تستخدم للإشارة إلى المصيبة، وغالباً ما ينطقها كبار السن كدعاء خفيف على الأبناء عند الغضب.
المرادفات: مصيبة
مثال: يا راعة شلك.
الوسوم: daily life، expressions، bad luck"
356,الرَّادِي,الرادي,alrady,ردي,Noun,object,الرداء أو العمامة,قطعة من القماش توضع على الكتفين أو تلبس كعمامة.,general,"[""رداء"", ""شال""]",[],,قاموس اللهجة الحضرمية - فهد بن هلابي - ص 58,"[{""f"": ""لبس رداءه وخرج."", ""h"": ""لبس الرادي حقه وخرج.""}]",[],"[""daily life"", ""clothing"", ""shroud""]","الكلمة: الرَّادِي (الرادي)
الجذر: ردي
الفصحى: الرداء أو العمامة
المعنى: قطعة من القماش توضع على الكتفين أو تلبس كعمامة.
المرادفات: رداء، شال
مثال: لبس الرادي حقه وخرج.
الوسوم: daily life، clothing، shroud"
357,دُوِيْل,دويل,dwyl,دول,Adjective,descriptor,قديم جداً,وصف يطلق على الشيء العتيق أو القديم المتهالك، وغالباً ما يستخدم لوصف الجلود (الديم) أو الأدوات القديمة.,general,"[""قديم"", ""عتيق""]",[],يرتبط في اللهجة الحضرمية بالأشياء التي صمدت لفترة طويلة من الزمن.,قاموس اللهجة الحضرمية - فهد بن هلابي - ص 50,"[{""f"": ""هذا الجلد لا يزال قديماً وأصيلاً وقوياً."", ""h"": ""هذا الديم عاده دويل وقوي.""}, {""f"": ""وجدنا غرضاً قديماً جداً عند باب البيت الكبير."", ""h"": ""لقينا غرض دويل في سدة البيت.""}]",[],"[""daily life"", ""descriptions"", ""old""]","الكلمة: دُوِيْل (دويل)
الجذر: دول
الفصحى: قديم جداً
المعنى: وصف يطلق على الشيء العتيق أو القديم المتهالك، وغالباً ما يستخدم لوصف الجلود (الديم) أو الأدوات القديمة.
المرادفات: قديم، عتيق
مثال: هذا الديم عاده دويل وقوي.
الوسوم: daily life، descriptions، old
ملاحظة: يرتبط في اللهجة الحضرمية بالأشياء التي صمدت لفترة طويلة من الزمن."
358,دُخُون,دخون,dkhwn,دخن,Noun,object,بخور,الروائح العطرية (البخور) التي تُحرق لتطييب المنازل والمجالس والمساجد.,general,"[""بخور"", ""طيب""]",[],للدخون مكانة خاصة في البيوت الحضرمية، خاصة في المناسبات والأعياد.,قاموس اللهجة الحضرمية - فهد بن هلابي - ص 53,"[{""f"": ""ما أجمل رائحة البخور في المجلس."", ""h"": ""يا زين ريحة الدخون في المجلس.""}, {""f"": ""طيبوا البيت ببخور ذو رائحة زكية."", ""h"": ""بخروا البيت بدخون طيب.""}]",[],"[""daily life"", ""social customs"", ""perfume""]","الكلمة: دُخُون (دخون)
الجذر: دخن
الفصحى: بخور
المعنى: الروائح العطرية (البخور) التي تُحرق لتطييب المنازل والمجالس والمساجد.
المرادفات: بخور، طيب
مثال: يا زين ريحة الدخون في المجلس.
الوسوم: daily life، social customs، perfume
ملاحظة: للدخون مكانة خاصة في البيوت الحضرمية، خاصة في المناسبات والأعياد."
359,الدُّفُوف,الدفوف,aldfwf,دفف,Noun,object,آلات إيقاعية (الدف),آلات إيقاعية دائرية معروفة، تُستخدم في حضرموت لضرب الإيقاع في المناسبات الدينية مثل الموالد النبوية.,general,"[""طبل خفيف""]",[],يرتبط استخدامها بشكل وثيق بإحياء المولد النبوي الشريف في المساجد والزوايا.,قاموس اللهجة الحضرمية - فهد بن هلابي - ص 53,"[{""f"": ""قرعوا الدفوف في احتفالية ذكرى المولد النبوي."", ""h"": ""ضربوا الدفوف في ذكرى المولد.""}, {""f"": ""صوت الدفوف يضفي أجواءً روحانية على المكان."", ""h"": ""صوت الدفوف يبعث الروحانية في المكان.""}]",[],"[""social customs"", ""religious events""]","الكلمة: الدُّفُوف (الدفوف)
الجذر: دفف
الفصحى: آلات إيقاعية (الدف)
المعنى: آلات إيقاعية دائرية معروفة، تُستخدم في حضرموت لضرب الإيقاع في المناسبات الدينية مثل الموالد النبوية.
المرادفات: طبل خفيف
مثال: ضربوا الدفوف في ذكرى المولد.
الوسوم: social customs، religious events
ملاحظة: يرتبط استخدامها بشكل وثيق بإحياء المولد النبوي الشريف في المساجد والزوايا."
360,ذَلَّا,ذلا,dhla,ذلا,Particle,function,لو أن / إنه / فقط,أداة ربط وتمني أو حصر، تستخدم بمعنى 'لو أن' أو 'إلا أنه'، وتكثر في الشعر الحميني والحضرمي.,general,"[""لو أنه"", ""لكن""]",[],وردت في أبيات شعرية قديمة للدلالة على الهيبة والحرص على الأرض.,قاموس اللهجة الحضرمية - فهد بن هلابي - ص 56,"[{""f"": ""لو أنهم سهروا خوفاً من اللوم (خوفاً من العتاب)."", ""h"": ""ذلا سهارى هايبين اللائمه.""}, {""f"": ""كنت أود المجيء إليك إلا أن الطريق مقطوع."", ""h"": ""بغيت أجي عندك ذلا الطريق مقطوع.""}]",[],"[""daily life"", ""literature"", ""if""]","الكلمة: ذَلَّا (ذلا)
الجذر: ذلا
الفصحى: لو أن / إنه / فقط
المعنى: أداة ربط وتمني أو حصر، تستخدم بمعنى 'لو أن' أو 'إلا أنه'، وتكثر في الشعر الحميني والحضرمي.
المرادفات: لو أنه، لكن
مثال: ذلا سهارى هايبين اللائمه.
الوسوم: daily life، literature، if
ملاحظة: وردت في أبيات شعرية قديمة للدلالة على الهيبة والحرص على الأرض."
361,رَبُود,ربود,rbwd,ربد,Noun,object,حاجز ترابي للسيول,حواجز ترابية أو جدران تبنى في مجاري الوديان لصد قوة السيول وتوجيه المياه إلى الأراضي الزراعية.,general,"[""عقم"", ""حاجز""]",[],تعتبر الربود جزءاً حيوياً من نظام الري التقليدي في حضرموت لحماية التربة من الانجراف.,قاموس اللهجة الحضرمية - فهد بن هلابي - ص 58,"[{""f"": ""اجتمع أهل القرية اليوم لإصلاح الحواجز المائية قبل موسم السيل."", ""h"": ""أهل القرية تجمعوا اليوم عشان يصلحون الربود قبل موسم السيل.""}]",[],"[""agriculture"", ""nature"", ""flood""]","الكلمة: رَبُود (ربود)
الجذر: ربد
الفصحى: حاجز ترابي للسيول
المعنى: حواجز ترابية أو جدران تبنى في مجاري الوديان لصد قوة السيول وتوجيه المياه إلى الأراضي الزراعية.
المرادفات: عقم، حاجز
مثال: أهل القرية تجمعوا اليوم عشان يصلحون الربود قبل موسم السيل.
الوسوم: agriculture، nature، flood
ملاحظة: تعتبر الربود جزءاً حيوياً من نظام الري التقليدي في حضرموت لحماية التربة من الانجراف."
362,رِطل,رطل,rTl,رطل,Noun,object,وحدة وزن (الرطل),معيار قديم للوزن لا يزال مستخدماً في الأسواق التقليدية، وجمعه (أرطال).,general,[],[],يختلف مقدار الرطل قليلاً حسب نوع المادة الموزونة في بعض المناطق.,قاموس اللهجة الحضرمية - فهد بن هلابي - ص 58,"[{""f"": ""سأعطيك رطلين من عسل السدر الأصلي."", ""h"": ""بعطيك رطلين عسل سدر أصلي.""}]",[],"[""daily life"", ""measurement"", ""honey""]","الكلمة: رِطل (رطل)
الجذر: رطل
الفصحى: وحدة وزن (الرطل)
المعنى: معيار قديم للوزن لا يزال مستخدماً في الأسواق التقليدية، وجمعه (أرطال).
مثال: بعطيك رطلين عسل سدر أصلي.
الوسوم: daily life، measurement، honey
ملاحظة: يختلف مقدار الرطل قليلاً حسب نوع المادة الموزونة في بعض المناطق."
363,الرَّش,الرش,alrsh,رش,Noun,object,طلاء الجدران بالنورة,عملية طلاء جدران البيوت الطينية بمادة 'النورة' (الجير) بعد تخفيفها بالماء لتبييضها وحمايتها.,general,"[""تبييض""]",[],يرتبط 'الرش' غالباً بالاستعداد للأعياد أو مناسبات الزواج.,قاموس اللهجة الحضرمية - فهد بن هلابي - ص 58,"[{""f"": ""المنزل يحتاج لطلاء جديد بالنورة قبل العيد."", ""h"": ""البيت محتاج رش جديد قبل العيد.""}]",[],"[""daily life"", ""architecture"", ""decoration""]","الكلمة: الرَّش (الرش)
الجذر: رش
الفصحى: طلاء الجدران بالنورة
المعنى: عملية طلاء جدران البيوت الطينية بمادة 'النورة' (الجير) بعد تخفيفها بالماء لتبييضها وحمايتها.
المرادفات: تبييض
مثال: البيت محتاج رش جديد قبل العيد.
الوسوم: daily life، architecture، decoration
ملاحظة: يرتبط 'الرش' غالباً بالاستعداد للأعياد أو مناسبات الزواج."
364,رَقَل,رقل,rql,رقل,Verb,action,اهتز / ارتجف,فعل يعبر عن الحركة غير المستقرة أو الارتجاف نتيجة خوف أو خلل في التوازن.,general,"[""اهتز"", ""ارتعش""]",[],تستخدم أيضاً لوصف الأسنان المتحركة أو الجدران الآيلة للسقوط.,قاموس اللهجة الحضرمية - فهد بن هلابي - ص 58,"[{""f"": ""ضرس العقل الخاص بي يهتز منذ الأمس."", ""h"": ""ضرس العقل حقي يرقَل من أمس.""}]",[],"[""daily life"", ""movement""]","الكلمة: رَقَل (رقل)
الجذر: رقل
الفصحى: اهتز / ارتجف
المعنى: فعل يعبر عن الحركة غير المستقرة أو الارتجاف نتيجة خوف أو خلل في التوازن.
المرادفات: اهتز، ارتعش
مثال: ضرس العقل حقي يرقَل من أمس.
الوسوم: daily life، movement
ملاحظة: تستخدم أيضاً لوصف الأسنان المتحركة أو الجدران الآيلة للسقوط."
365,رِيْض,ريض,ryD,ريض,Adjective/Verb,descriptor,تمهّل / انتظر,كلمة تستخدم للحث على التريث والهدوء وعدم الاستعجال.,general,"[""تريث"", ""اصبر""]",[],كلمة 'منسية' في القائمة المرفقة وموجودة في المرجع، وهي شائعة جداً.,قاموس اللهجة الحضرمية - فهد بن هلابي - ص 58,"[{""f"": ""تمهّل يا بني، لا تتعجل في حكمك."", ""h"": ""رِيْض يا بوي، لا تستعجل في حكمك.""}]",[],"[""daily life"", ""values"", ""patience""]","الكلمة: رِيْض (ريض)
الجذر: ريض
الفصحى: تمهّل / انتظر
المعنى: كلمة تستخدم للحث على التريث والهدوء وعدم الاستعجال.
المرادفات: تريث، اصبر
مثال: رِيْض يا بوي، لا تستعجل في حكمك.
الوسوم: daily life، values، patience
ملاحظة: كلمة 'منسية' في القائمة المرفقة وموجودة في المرجع، وهي شائعة جداً."
366,الرَّوَاكِب,الرواكب,alrwakb,ركب,Noun,person,مواكبات العروس,النساء اللاتي يرافقن العروس ويشاركن في زفافها من بيت أهلها إلى بيت زوجها.,general,"[""زفّافات""]",[],الرواكب جزء أساسي من الطقوس الاجتماعية في الأفراح الحضرمية.,قاموس اللهجة الحضرمية - فهد بن هلابي - ص 58,"[{""f"": ""النساء المرافقات للعروس غنين أجمل الأغاني في زفاف اليوم."", ""h"": ""الرواكب غنوا أحلى الأغاني في زفّة اليوم.""}]",[],"[""social customs"", ""marriage"", ""wedding""]","الكلمة: الرَّوَاكِب (الرواكب)
الجذر: ركب
الفصحى: مواكبات العروس
المعنى: النساء اللاتي يرافقن العروس ويشاركن في زفافها من بيت أهلها إلى بيت زوجها.
المرادفات: زفّافات
مثال: الرواكب غنوا أحلى الأغاني في زفّة اليوم.
الوسوم: social customs، marriage، wedding
ملاحظة: الرواكب جزء أساسي من الطقوس الاجتماعية في الأفراح الحضرمية."
367,رِدَاي,رداي,rday,ردي,Noun,object,رداء الكتف,قطعة من القماش (شال أو رداء) توضع على الكتف، وتعتبر جزءاً من الزي التقليدي للرجل الحضرمي.,general,"[""شال"", ""غترة""]",[],يتميز الرداي الحضرمي بنقوش وألوان خاصة تدل أحياناً على مكانة الشخص أو منطقته.,قاموس اللهجة الحضرمية - فهد بن هلابي - ص 58,"[{""f"": ""وضع الرداء على كتفه وخرج إلى المسجد."", ""h"": ""طرح الرداي على كتفه وخرج المسجد.""}]",[],"[""daily life"", ""clothing"", ""shoulder""]","الكلمة: رِدَاي (رداي)
الجذر: ردي
الفصحى: رداء الكتف
المعنى: قطعة من القماش (شال أو رداء) توضع على الكتف، وتعتبر جزءاً من الزي التقليدي للرجل الحضرمي.
المرادفات: شال، غترة
مثال: طرح الرداي على كتفه وخرج المسجد.
الوسوم: daily life، clothing، shoulder
ملاحظة: يتميز الرداي الحضرمي بنقوش وألوان خاصة تدل أحياناً على مكانة الشخص أو منطقته."
368,الرِّجْلَة,الرجلة,alrjlh,رجل,Noun,object,نبات البقلة / الحنيطة,نوع من النباتات الورقية التي تنبت في المزارع وتستخدم في الطبخ أو تؤكل نيئة.,general,"[""حنيطة""]",[],تستخدم في المطبخ الحضرمي في بعض أنواع المرق.,قاموس اللهجة الحضرمية - فهد بن هلابي - ص 58,"[{""f"": ""قطفنا بعض نبات الرجلة من المزرعة اليوم."", ""h"": ""قطفنا شوية رجلة من البلاد اليوم.""}]",[],"[""nature"", ""food"", ""plant""]","الكلمة: الرِّجْلَة (الرجلة)
الجذر: رجل
الفصحى: نبات البقلة / الحنيطة
المعنى: نوع من النباتات الورقية التي تنبت في المزارع وتستخدم في الطبخ أو تؤكل نيئة.
المرادفات: حنيطة
مثال: قطفنا شوية رجلة من البلاد اليوم.
الوسوم: nature، food، plant
ملاحظة: تستخدم في المطبخ الحضرمي في بعض أنواع المرق."
369,الرَّدْم,الردم,alrdm,ردم,Noun/Verb,action,إغلاق الثغرات المائية,عملية إغلاق السواقي الصغيرة أو ثغرات قنوات الري باستخدام أكياس الرمل (الجواني) لمنع انهيارها.,general,"[""سد""]",[],إجراء وقائي سريع قبل أن تتحول الثغرة البسيطة إلى 'مكسر' يصعب سده.,قاموس اللهجة الحضرمية - فهد بن هلابي - ص 58,"[{""f"": ""أسرعوا بإغلاق الثغرة قبل أن يفيض الماء على المحاصيل."", ""h"": ""الحقوا الردم قبل ما يفيض الماء على الزرع.""}]",[],"[""agriculture"", ""flood""]","الكلمة: الرَّدْم (الردم)
الجذر: ردم
الفصحى: إغلاق الثغرات المائية
المعنى: عملية إغلاق السواقي الصغيرة أو ثغرات قنوات الري باستخدام أكياس الرمل (الجواني) لمنع انهيارها.
المرادفات: سد
مثال: الحقوا الردم قبل ما يفيض الماء على الزرع.
الوسوم: agriculture، flood
ملاحظة: إجراء وقائي سريع قبل أن تتحول الثغرة البسيطة إلى 'مكسر' يصعب سده."
370,الرِّيْم,الريم,alrym,ريم,Noun,object,السطح,يطلق على سطح المنزل أو الطابق العلوي المكشوف.,general,"[""سطح"", ""علية""]",[],في الصيف، يفضل الكثير من أهل القرى النوم في 'الريم' طلباً للهواء العليل.,قاموس اللهجة الحضرمية - فهد بن هلابي - ص 59,"[{""f"": ""اصعد إلى السطح وانظر إلى السحب."", ""h"": ""اطلع الريم وشف السحاب.""}]",[],"[""daily life"", ""architecture"", ""decoration"", ""roof""]","الكلمة: الرِّيْم (الريم)
الجذر: ريم
الفصحى: السطح
المعنى: يطلق على سطح المنزل أو الطابق العلوي المكشوف.
المرادفات: سطح، علية
مثال: اطلع الريم وشف السحاب.
الوسوم: daily life، architecture، decoration، roof
ملاحظة: في الصيف، يفضل الكثير من أهل القرى النوم في 'الريم' طلباً للهواء العليل."
371,الرَّمَال,الرمال,alrmal,رمل,Noun,object,وشاح الرقص التقليدي,رداء خاص يرتديه الرجال في المناسبات والرقصات الشعبية، وتحديداً رقصة 'الشبواني'.,general,[],[],يعطي الرمال شكلاً جمالياً وحيوياً لحركة الراقص أثناء 'الزامل' بشد الراء.,قاموس اللهجة الحضرمية - فهد بن هلابي - ص 59,"[{""f"": ""لبس الوشاح المخصص للرقص واستعد لرقصة الشبواني."", ""h"": ""لبس الرمال واستعد للشبواني.""}]",[],"[""social customs"", ""clothing"", ""dance""]","الكلمة: الرَّمَال (الرمال)
الجذر: رمل
الفصحى: وشاح الرقص التقليدي
المعنى: رداء خاص يرتديه الرجال في المناسبات والرقصات الشعبية، وتحديداً رقصة 'الشبواني'.
مثال: لبس الرمال واستعد للشبواني.
الوسوم: social customs، clothing، dance
ملاحظة: يعطي الرمال شكلاً جمالياً وحيوياً لحركة الراقص أثناء 'الزامل' بشد الراء."
372,الرَّعْض,الرعض,alr3D,رعض,Noun/Verb,action,تصريف السيول,عملية فنية دقيقة لتقسيم وتوزيع مياه السيول بين الأراضي الزراعية لضمان وصول الماء للجميع.,general,"[""توزيع"", ""سقي""]",[],تتم هذه العملية وفق أعراف وقوانين زراعية قديمة يشرف عليها 'الخبير'.,قاموس اللهجة الحضرمية - فهد بن هلابي - ص 59,"[{""f"": ""اليوم هو دورنا في تصريف وتوزيع مياه السيل من الوادي."", ""h"": ""اليوم دورنا في الرعض من سيل الوادي.""}]",[],"[""agriculture"", ""flood""]","الكلمة: الرَّعْض (الرعض)
الجذر: رعض
الفصحى: تصريف السيول
المعنى: عملية فنية دقيقة لتقسيم وتوزيع مياه السيول بين الأراضي الزراعية لضمان وصول الماء للجميع.
المرادفات: توزيع، سقي
مثال: اليوم دورنا في الرعض من سيل الوادي.
الوسوم: agriculture، flood
ملاحظة: تتم هذه العملية وفق أعراف وقوانين زراعية قديمة يشرف عليها 'الخبير'."
373,الرَّايَة,الراية,alrayh,روي,Noun,object,موسم الزراعة بعد السيل,الفترة التي تعقب سقي الأرض بماء السيل، حيث تبدأ عملية بذر البذور في التربة الرطبة.,general,"[""بذر""]",[],يقال 'الأرض في الراية' أي أنها جاهزة للبذر بعد أن ارتوت.,قاموس اللهجة الحضرمية - فهد بن هلابي - ص 59,"[{""f"": ""نزل جميع الفلاحين إلى المزارع في موسم البذر بعد السيل."", ""h"": ""كل الفلاحين نزلوا البلاد في وقت الراية.""}]",[],"[""agriculture"", ""farming""]","الكلمة: الرَّايَة (الراية)
الجذر: روي
الفصحى: موسم الزراعة بعد السيل
المعنى: الفترة التي تعقب سقي الأرض بماء السيل، حيث تبدأ عملية بذر البذور في التربة الرطبة.
المرادفات: بذر
مثال: كل الفلاحين نزلوا البلاد في وقت الراية.
الوسوم: agriculture، farming
ملاحظة: يقال 'الأرض في الراية' أي أنها جاهزة للبذر بعد أن ارتوت."
374,رُوبَة,روبه,rwbh,روب,Noun,object,اللبن الرائب,اللبن المخمر الذي تحول إلى رائب ثقيل القوام.,general,"[""حقين"", ""زبادي""]",[],يدخل في المثل الشعبي 'ديد لبن وديد روبه' كناية عن التقلب أو التنوع في العطاء.,قاموس اللهجة الحضرمية - فهد بن هلابي - ص 59,"[{""f"": ""اللبن الرائب مع التمر هو أجمل وجبة عشاء في حضرموت."", ""h"": ""الروبة مع التمر أحلى عشاء في حضرموت.""}]","[""ديد لبن وديد روبه""]","[""daily life"", ""food"", ""cheese"", ""yogurt""]","الكلمة: رُوبَة (روبه)
الجذر: روب
الفصحى: اللبن الرائب
المعنى: اللبن المخمر الذي تحول إلى رائب ثقيل القوام.
المرادفات: حقين، زبادي
مثال: الروبة مع التمر أحلى عشاء في حضرموت.
الوسوم: daily life، food، cheese، yogurt
ملاحظة: يدخل في المثل الشعبي 'ديد لبن وديد روبه' كناية عن التقلب أو التنوع في العطاء."
375,الرَّشْخ,الرشخ,alrshkh,رشخ,Noun/Verb,time,المطر الشديد,هطول المطر بغزارة شديدة وقوة.,general,"[""وابل"", ""مطر غزير""]",[],تستخدم لوصف المطر الذي يبلل الأرض بسرعة كبيرة.,قاموس اللهجة الحضرمية - فهد بن هلابي - ص 59,"[{""f"": ""بالأمس هطل علينا مطر غزير لم يتوقف طوال الليل."", ""h"": ""البارحة يانا رشخ مطر ما وقف طول الليل.""}]",[],"[""nature"", ""weather"", ""rain""]","الكلمة: الرَّشْخ (الرشخ)
الجذر: رشخ
الفصحى: المطر الشديد
المعنى: هطول المطر بغزارة شديدة وقوة.
المرادفات: وابل، مطر غزير
مثال: البارحة يانا رشخ مطر ما وقف طول الليل.
الوسوم: nature، weather، rain
ملاحظة: تستخدم لوصف المطر الذي يبلل الأرض بسرعة كبيرة."
376,الرَّحْمَة,الرحمة,alrHmh,رحم,Expression,expression,المطر (كناية),يستخدم الحضارم كلمة 'الرحمة' كاسم للمطر تفاؤلاً بقدوم الخير والرزق.,general,"[""غيث"", ""مطر""]",[],تعبير إيماني يعكس ارتباط الحضرمي بالأرض والاعتماد على رحمة الله في نزول المطر.,قاموس اللهجة الحضرمية - فهد بن هلابي - ص 59,"[{""f"": ""نرجو أن يكون مطراً دائماً ينفع البلاد والناس."", ""h"": ""عساها رحمة دايمة تنفع البلاد والعباد.""}]",[],"[""daily life"", ""nature"", ""rain""]","الكلمة: الرَّحْمَة (الرحمة)
الجذر: رحم
الفصحى: المطر (كناية)
المعنى: يستخدم الحضارم كلمة 'الرحمة' كاسم للمطر تفاؤلاً بقدوم الخير والرزق.
المرادفات: غيث، مطر
مثال: عساها رحمة دايمة تنفع البلاد والعباد.
الوسوم: daily life، nature، rain
ملاحظة: تعبير إيماني يعكس ارتباط الحضرمي بالأرض والاعتماد على رحمة الله في نزول المطر."
377,الرَّضَة,الرضه,alrDh,رضي,Noun,object,الأرضة (النمل الأبيض),حشرة النمل الأبيض التي تتلف الأخشاب والكتب والأبنية الطينية.,general,"[""نمل أبيض""]",[],وردت في الشعر الحضرمي كرمز للأذى الخفي الذي ينخر في الأساسات.,قاموس اللهجة الحضرمية - فهد بن هلابي - ص 59,"[{""f"": ""النمل الأبيض أتلف عوارض السقف الخشبية القديمة."", ""h"": ""الرضة أكلت عوارض السقف القديم.""}]",[],"[""nature"", ""insects"", ""ants""]","الكلمة: الرَّضَة (الرضه)
الجذر: رضي
الفصحى: الأرضة (النمل الأبيض)
المعنى: حشرة النمل الأبيض التي تتلف الأخشاب والكتب والأبنية الطينية.
المرادفات: نمل أبيض
مثال: الرضة أكلت عوارض السقف القديم.
الوسوم: nature، insects، ants
ملاحظة: وردت في الشعر الحضرمي كرمز للأذى الخفي الذي ينخر في الأساسات."
378,الرَّبْط,الربط,alrbT,ربط,Noun,object,موقع تجمع السيل,آخر نقطة أو موقع تصل إليه مياه السيول وتتجمع فيه.,general,"[""مجمع""]",[],نقطة حيوية لمراقبة مدى قوة السيل وكميته.,قاموس اللهجة الحضرمية - فهد بن هلابي - ص 60,"[{""f"": ""وصل السيل إلى نقطة التجمع النهائية وتجاوزها."", ""h"": ""السيل وصل إلى الربط وتعداه.""}]",[],"[""agriculture"", ""flood"", ""collection""]","الكلمة: الرَّبْط (الربط)
الجذر: ربط
الفصحى: موقع تجمع السيل
المعنى: آخر نقطة أو موقع تصل إليه مياه السيول وتتجمع فيه.
المرادفات: مجمع
مثال: السيل وصل إلى الربط وتعداه.
الوسوم: agriculture، flood، collection
ملاحظة: نقطة حيوية لمراقبة مدى قوة السيل وكميته."
379,رُوتِي,روتي,rwty,روتي,Noun,object,خبز صامولي / إفرنجي,نوع من أنواع الخبز المخبوز في الفرن، ويشبه الصامولي.,general,"[""صامولي""]",[],دخلت الكلمة للهجة عبر التبادل التجاري والثقافي القديم.,قاموس اللهجة الحضرمية - فهد بن هلابي - ص 60,"[{""f"": ""أحضر معك رغيف من الخبز الصامولي للإفطار."", ""h"": ""جيب معك روتي للفطور.""}]",[],"[""daily life"", ""food"", ""bread""]","الكلمة: رُوتِي (روتي)
الجذر: روتي
الفصحى: خبز صامولي / إفرنجي
المعنى: نوع من أنواع الخبز المخبوز في الفرن، ويشبه الصامولي.
المرادفات: صامولي
مثال: جيب معك روتي للفطور.
الوسوم: daily life، food، bread
ملاحظة: دخلت الكلمة للهجة عبر التبادل التجاري والثقافي القديم."
380,رَاشِنَة,راشنة,rashnh,رشن,Adjective,descriptor,مضيئة / ملتهبة,وصف للنار أو الضوء عندما يكون شديد الوضوح والقوة والاشتعال.,general,"[""متوهجة"", ""لظى""]",[],تستخدم لوصف قوة اشتعال الحطب في التنانير.,قاموس اللهجة الحضرمية - فهد بن هلابي - ص 60,"[{""f"": ""النار في الفرن الطيني لا تزال ملتهبة ومتوهجة."", ""h"": ""النار في التنور عادها راشنة.""}]",[],"[""daily life""]","الكلمة: رَاشِنَة (راشنة)
الجذر: رشن
الفصحى: مضيئة / ملتهبة
المعنى: وصف للنار أو الضوء عندما يكون شديد الوضوح والقوة والاشتعال.
المرادفات: متوهجة، لظى
مثال: النار في التنور عادها راشنة.
الوسوم: daily life
ملاحظة: تستخدم لوصف قوة اشتعال الحطب في التنانير."
381,رِشْبَة,رشبة,rshbh,رشب,Noun,object,شيشة تقليدية,أداة تدخين تصنع محلياً من الفخار وتسمى أيضاً 'الدقاقة'.,general,"[""مدواخ"", ""دقاقة""]",[],تعتبر من الأدوات التراثية التي كانت تستخدم في المجالس القديمة.,قاموس اللهجة الحضرمية - فهد بن هلابي - ص 60,"[{""f"": ""الرجل المسن يجهز أداة التدخين الخاصة به."", ""h"": ""الشايب جالس يجهز الرشبة حقه.""}]",[],"[""daily life"", ""social customs"", ""smoking""]","الكلمة: رِشْبَة (رشبة)
الجذر: رشب
الفصحى: شيشة تقليدية
المعنى: أداة تدخين تصنع محلياً من الفخار وتسمى أيضاً 'الدقاقة'.
المرادفات: مدواخ، دقاقة
مثال: الشايب جالس يجهز الرشبة حقه.
الوسوم: daily life، social customs، smoking
ملاحظة: تعتبر من الأدوات التراثية التي كانت تستخدم في المجالس القديمة."
382,الرَّوْش,الروش,alrwsh,روش,Noun,object,العطر / الطيب,كلمة عامية تطلق على العطور أو الروائح الطيبة.,general,"[""عطر"", ""طيب""]",[],تستخدم أحياناً لوصف الشخص الأنيق أو 'المتروش' أي المتعطر.,قاموس اللهجة الحضرمية - فهد بن هلابي - ص 60,"[{""f"": ""رائحة العطر تفوح منك قبل وصولك."", ""h"": ""ريح الروش تسبقك من بعيد.""}]",[],"[""daily life"", ""smell""]","الكلمة: الرَّوْش (الروش)
الجذر: روش
الفصحى: العطر / الطيب
المعنى: كلمة عامية تطلق على العطور أو الروائح الطيبة.
المرادفات: عطر، طيب
مثال: ريح الروش تسبقك من بعيد.
الوسوم: daily life، smell
ملاحظة: تستخدم أحياناً لوصف الشخص الأنيق أو 'المتروش' أي المتعطر."
383,رَشَّاش,رشاش,rshash,رش,Noun,object,دش الاستحمام,الأداة التي ينزل منها الماء في الحمام للاستحمام.,general,"[""دوش""]",[],كلمة حديثة نسبياً دخلت في الاستخدام اليومي.,قاموس اللهجة الحضرمية - فهد بن هلابي - ص 60,"[{""f"": ""دش الاستحمام معطل ويحتاج إلى استبدال."", ""h"": ""الرشاش خربان يحتاج تغيير.""}]",[],"[""daily life"", ""bathroom"", ""shower""]","الكلمة: رَشَّاش (رشاش)
الجذر: رش
الفصحى: دش الاستحمام
المعنى: الأداة التي ينزل منها الماء في الحمام للاستحمام.
المرادفات: دوش
مثال: الرشاش خربان يحتاج تغيير.
الوسوم: daily life، bathroom، shower
ملاحظة: كلمة حديثة نسبياً دخلت في الاستخدام اليومي."
384,الشَّبَث,الشبث,alshbth,شبث,Noun,object,العنكبوت,اسم آخر يطلق على العنكبوت في بعض مناطق حضرموت.,general,"[""أم حبيل""]",[],للعنكبوت عدة أسماء في اللهجة الحضرمية أشهرها 'أم حبيل' و'الشبث'.,قاموس اللهجة الحضرمية - فهد بن هلابي - ص 60,"[{""f"": ""أزل العنكبوت من زوايا المنزل."", ""h"": ""ميل الشبث من زوايا البيت.""}]",[],"[""nature"", ""insects""]","الكلمة: الشَّبَث (الشبث)
الجذر: شبث
الفصحى: العنكبوت
المعنى: اسم آخر يطلق على العنكبوت في بعض مناطق حضرموت.
المرادفات: أم حبيل
مثال: ميل الشبث من زوايا البيت.
الوسوم: nature، insects
ملاحظة: للعنكبوت عدة أسماء في اللهجة الحضرمية أشهرها 'أم حبيل' و'الشبث'."
385,رَف,رف,rf,رفف,Noun,object,رف جداري,تجاويف صغيرة في الجدران الداخلية للغرف تستخدم لوضع الأدوات والزينة.,general,"[""مشكاة""]",[],في العمارة الطينية الحضرمية، تبنى الرفوف كجزء أصيل من الجدار نفسه.,قاموس اللهجة الحضرمية - فهد بن هلابي - ص 60,"[{""f"": ""نظم الكتب فوق الرف الجداري."", ""h"": ""رتب الكتب فوق الرف.""}]",[],"[""daily life"", ""architecture"", ""book""]","الكلمة: رَف (رف)
الجذر: رفف
الفصحى: رف جداري
المعنى: تجاويف صغيرة في الجدران الداخلية للغرف تستخدم لوضع الأدوات والزينة.
المرادفات: مشكاة
مثال: رتب الكتب فوق الرف.
الوسوم: daily life، architecture، book
ملاحظة: في العمارة الطينية الحضرمية، تبنى الرفوف كجزء أصيل من الجدار نفسه."
386,الرُّب,الرب,alrb,ربب,Noun,object,دبس التمر,السائل العسلي الكثيف الذي يستخرج من التمر (الدبس).,general,"[""دبس""]",[],يستخدم 'الرب' كغذاء مقوٍ ولتحلية بعض الأطباق الشعبية.,قاموس اللهجة الحضرمية - فهد بن هلابي - ص 61,"[{""f"": ""ضع القليل من دبس التمر فوق الهريسة."", ""h"": ""صب شوية رب فوق الهريسة.""}]",[],"[""daily life"", ""food"", ""honey""]","الكلمة: الرُّب (الرب)
الجذر: ربب
الفصحى: دبس التمر
المعنى: السائل العسلي الكثيف الذي يستخرج من التمر (الدبس).
المرادفات: دبس
مثال: صب شوية رب فوق الهريسة.
الوسوم: daily life، food، honey
ملاحظة: يستخدم 'الرب' كغذاء مقوٍ ولتحلية بعض الأطباق الشعبية."
387,الرَّزْم,الرزم,alrzm,رزم,Noun/Verb,action,كبس وتخزين التمر,عملية كبس التمر في أوعية (تنك أو إزيار) بعد تنظيفه لضمان حفظه لفترات طويلة.,general,"[""كنز""]",[],يعتبر الرزم مهارة في حفظ الغذاء قديماً قبل ظهور الثلاجات.,قاموس اللهجة الحضرمية - فهد بن هلابي - ص 61,"[{""f"": ""غداً سنبدأ عملية كبس وتخزين تمر هذا الموسم."", ""h"": ""بكرة بنبدأ رزم التمر حق الموسم.""}]",[],"[""daily life"", ""agriculture"", ""farming"", ""storage""]","الكلمة: الرَّزْم (الرزم)
الجذر: رزم
الفصحى: كبس وتخزين التمر
المعنى: عملية كبس التمر في أوعية (تنك أو إزيار) بعد تنظيفه لضمان حفظه لفترات طويلة.
المرادفات: كنز
مثال: بكرة بنبدأ رزم التمر حق الموسم.
الوسوم: daily life، agriculture، farming، storage
ملاحظة: يعتبر الرزم مهارة في حفظ الغذاء قديماً قبل ظهور الثلاجات."
388,الرَّبَّاح,الرباح,alrbaH,ربح,Noun,object,القرد,الاسم المحلي للقرد في حضرموت، وغالباً ما يطلق على قرود 'البابون' المنتشرة في الجبال.,general,"[""قرد""]",[],يضرب به المثل في الجهل بالأشياء الثمينة.,قاموس اللهجة الحضرمية - فهد بن هلابي - ص 61,"[{""f"": ""رأينا مجموعة من القرود في المنحدر الجبلي."", ""h"": ""شفنا مجموعة من الرباح في العقبة.""}]","[""إيش عرف الرباح بأكل التفاح""]","[""nature"", ""animals"", ""monkey""]","الكلمة: الرَّبَّاح (الرباح)
الجذر: ربح
الفصحى: القرد
المعنى: الاسم المحلي للقرد في حضرموت، وغالباً ما يطلق على قرود 'البابون' المنتشرة في الجبال.
المرادفات: قرد
مثال: شفنا مجموعة من الرباح في العقبة.
الوسوم: nature، animals، monkey
ملاحظة: يضرب به المثل في الجهل بالأشياء الثمينة."
389,الرِّشَاء,الرشاء,alrsha',رشو,Noun,object,حبل البئر,الحبل القوي المستخدم لسحب الماء من البئر يدوياً.,general,"[""مرشة"", ""حبل""]",[],يختلف 'الرشاء' عن 'الزانة' في أن الأول يستخدم يدوياً غالباً.,قاموس اللهجة الحضرمية - فهد بن هلابي - ص 61,"[{""f"": ""حبل البئر قد انقطع."", ""h"": ""الرشاء حق البير انقطع.""}]",[],"[""daily life"", ""agriculture"", ""water""]","الكلمة: الرِّشَاء (الرشاء)
الجذر: رشو
الفصحى: حبل البئر
المعنى: الحبل القوي المستخدم لسحب الماء من البئر يدوياً.
المرادفات: مرشة، حبل
مثال: الرشاء حق البير انقطع.
الوسوم: daily life، agriculture، water
ملاحظة: يختلف 'الرشاء' عن 'الزانة' في أن الأول يستخدم يدوياً غالباً."
390,الزُّون,الزون,alzwn,زون,Noun,object,حبل الدلو,الحبل الذي يربط به الدلو لاستخراج الماء من البئر.,general,"[""حبل""]",[],يستخدم خصيصاً في الآبار العميقة مع 'السواني'.,قاموس اللهجة الحضرمية - فهد بن هلابي - ص 62,"[{""f"": ""اربط الدلو بحبل البئر بإحكام."", ""h"": ""اربط الدلو بالزون زين.""}]",[],"[""daily life"", ""agriculture"", ""water""]","الكلمة: الزُّون (الزون)
الجذر: زون
الفصحى: حبل الدلو
المعنى: الحبل الذي يربط به الدلو لاستخراج الماء من البئر.
المرادفات: حبل
مثال: اربط الدلو بالزون زين.
الوسوم: daily life، agriculture، water
ملاحظة: يستخدم خصيصاً في الآبار العميقة مع 'السواني'."
391,زَام,زام,zam,زوم,Noun,time,عهد / فترة زمنية / نوبة,تعني العصر أو الفترة الزمنية، وتستخدم أيضاً بمعنى 'نوبة عمل' (شفت).,general,"[""عهد"", ""وقت"", ""نوبة""]",[],تستخدم كثيراً في الحنين للماضي 'أيام زامي'.,قاموس اللهجة الحضرمية - فهد بن هلابي - ص 62,"[{""f"": ""في عهدي وفترة شبابي كانت الحياة بسيطة."", ""h"": ""أيام زامي كانت الحياة بسيطة.""}]","[""أيام زامي ما حد قدم قدامي""]","[""daily life"", ""time"", ""past""]","الكلمة: زَام (زام)
الجذر: زوم
الفصحى: عهد / فترة زمنية / نوبة
المعنى: تعني العصر أو الفترة الزمنية، وتستخدم أيضاً بمعنى 'نوبة عمل' (شفت).
المرادفات: عهد، وقت، نوبة
مثال: أيام زامي كانت الحياة بسيطة.
الوسوم: daily life، time، past
ملاحظة: تستخدم كثيراً في الحنين للماضي 'أيام زامي'."
392,زَقَل,زقل,zql,زقل,Verb,action,رمى / ألقى,فعل يعني إلقاء الشيء أو رميه بعيداً.,general,"[""رمى"", ""طرح""]",[],كلمة شائعة جداً وتستخدم في سياقات التخلص من الشيء أو إرساله.,قاموس اللهجة الحضرمية - فهد بن هلابي - ص 62,"[{""f"": ""رميت الحجر في الوادي."", ""h"": ""زقلت الحجر في الوادي.""}]","[""زقل بعيدة يأتيك الحوت""]","[""daily life"", ""throw""]","الكلمة: زَقَل (زقل)
الجذر: زقل
الفصحى: رمى / ألقى
المعنى: فعل يعني إلقاء الشيء أو رميه بعيداً.
المرادفات: رمى، طرح
مثال: زقلت الحجر في الوادي.
الوسوم: daily life، throw
ملاحظة: كلمة شائعة جداً وتستخدم في سياقات التخلص من الشيء أو إرساله."
393,الزَّرِيْبَة,الزريبه,alzrybh,زرب,Noun,object,حظيرة الأغنام,ملحق مسور داخل الحوش الكبير مخصص لإيواء البهائم (أغنام، أبقار).,general,"[""حظيرة"", ""زرب""]",[],تكون غالباً مبنية من الطين أو محاطة بأغصان الأشجار الشوكية.,قاموس اللهجة الحضرمية - فهد بن هلابي - ص 62,"[{""f"": ""أدخل الأغنام إلى الحظيرة قبل حلول الليل."", ""h"": ""دخل الغنم الزريبة قبل الليل.""}]",[],"[""agriculture"", ""animals"", ""sheep""]","الكلمة: الزَّرِيْبَة (الزريبه)
الجذر: زرب
الفصحى: حظيرة الأغنام
المعنى: ملحق مسور داخل الحوش الكبير مخصص لإيواء البهائم (أغنام، أبقار).
المرادفات: حظيرة، زرب
مثال: دخل الغنم الزريبة قبل الليل.
الوسوم: agriculture، animals، sheep
ملاحظة: تكون غالباً مبنية من الطين أو محاطة بأغصان الأشجار الشوكية."
394,الزِّيْر,الزير,alzyr,زير,Noun,object,إناء فخاري كبير,وعاء كبير مصنوع من الفخار يستخدم لحفظ وتبريد مياه الشرب طبيعياً.,general,"[""جرة""]",[],الزير من أدوات المنزل الحضرمي التقليدي التي لا غنى عنها في الصيف.,قاموس اللهجة الحضرمية - فهد بن هلابي - ص 62,"[{""f"": ""ماء الإناء الفخاري أكثر برودة وألذ طعماً من ماء الثلاجة."", ""h"": ""ماء الزير أبرد وأطعم من ماء الثلاجة.""}]",[],"[""daily life"", ""water""]","الكلمة: الزِّيْر (الزير)
الجذر: زير
الفصحى: إناء فخاري كبير
المعنى: وعاء كبير مصنوع من الفخار يستخدم لحفظ وتبريد مياه الشرب طبيعياً.
المرادفات: جرة
مثال: ماء الزير أبرد وأطعم من ماء الثلاجة.
الوسوم: daily life، water
ملاحظة: الزير من أدوات المنزل الحضرمي التقليدي التي لا غنى عنها في الصيف."
395,الزَّافِر,الزافر,alzafr,زفر,Noun,object,عارضة الباب / الدعامة,الأعمدة الخشبية الجانبية أو الأفقية التي تدعم 'السدة' (الباب الكبير)، وجمعها زوافر.,general,"[""دعامة""]",[],تصنع الزوافر من خشب السدر القوي (العلب) وتزخرف بنقوش هندسية.,قاموس اللهجة الحضرمية - فهد بن هلابي - ص 62,"[{""f"": ""عارضة الباب الكبير قديمة ومزخرفة بنقوش جميلة."", ""h"": ""الزافر حق السدة قديم ومنقوش نقش زين.""}]",[],"[""daily life"", ""architecture"", ""door""]","الكلمة: الزَّافِر (الزافر)
الجذر: زفر
الفصحى: عارضة الباب / الدعامة
المعنى: الأعمدة الخشبية الجانبية أو الأفقية التي تدعم 'السدة' (الباب الكبير)، وجمعها زوافر.
المرادفات: دعامة
مثال: الزافر حق السدة قديم ومنقوش نقش زين.
الوسوم: daily life، architecture، door
ملاحظة: تصنع الزوافر من خشب السدر القوي (العلب) وتزخرف بنقوش هندسية."
396,الزَّفِيْن,الزفين,alzfyn,زفن,Noun,object,رقص شعبي,نوع من الرقص التقليدي، وغالباً ما يطلق على رقص النساء الهادئ في المناسبات.,general,"[""رقص""]",[],يتميز الزفين بالحركة المتناغمة والمحتشمة بين امرأتين.,قاموس اللهجة الحضرمية - فهد بن هلابي - ص 62,"[{""f"": ""بدأ الرقص الشعبي في خيمة المناسبة."", ""h"": ""بدا الزفين في المخدرة.""}]",[],"[""social customs"", ""dance""]","الكلمة: الزَّفِيْن (الزفين)
الجذر: زفن
الفصحى: رقص شعبي
المعنى: نوع من الرقص التقليدي، وغالباً ما يطلق على رقص النساء الهادئ في المناسبات.
المرادفات: رقص
مثال: بدا الزفين في المخدرة.
الوسوم: social customs، dance
ملاحظة: يتميز الزفين بالحركة المتناغمة والمحتشمة بين امرأتين."
397,الزَّرْب,الزرب,alzrb,زرب,Noun,object,سياج / حظيرة,المكان المخصص لتربية الأغنام، ويكون محاطاً بسياج.,general,"[""زريبة""]",[],تستخدم أيضاً كلمة 'زرب' كفعل بمعنى التسوير 'زربت البلاد'.,قاموس اللهجة الحضرمية - فهد بن هلابي - ص 63,"[{""f"": ""الحظيرة مليئة بالأغنام اليوم."", ""h"": ""الزرب مليان غنم اليوم.""}]",[],"[""agriculture"", ""animals"", ""sheep""]","الكلمة: الزَّرْب (الزرب)
الجذر: زرب
الفصحى: سياج / حظيرة
المعنى: المكان المخصص لتربية الأغنام، ويكون محاطاً بسياج.
المرادفات: زريبة
مثال: الزرب مليان غنم اليوم.
الوسوم: agriculture، animals، sheep
ملاحظة: تستخدم أيضاً كلمة 'زرب' كفعل بمعنى التسوير 'زربت البلاد'."
398,الزَّبْر,الزبر,alzbr,زبر,Noun,object,الأرض الخصبة,وصف للأرض الزراعية التي تتميز بتربتها الخصبة والقوية.,general,"[""خصب""]",[],يقال 'أرض زبر' أي أنها تجود بمحاصيل وافرة.,قاموس اللهجة الحضرمية - فهد بن هلابي - ص 63,"[{""f"": ""هذه الأرض خصبة، محاصيلها دائماً تخرج جيدة."", ""h"": ""هذه البلاد زبر، زرعها دايم يطلع طيب.""}]",[],"[""agriculture"", ""farming""]","الكلمة: الزَّبْر (الزبر)
الجذر: زبر
الفصحى: الأرض الخصبة
المعنى: وصف للأرض الزراعية التي تتميز بتربتها الخصبة والقوية.
المرادفات: خصب
مثال: هذه البلاد زبر، زرعها دايم يطلع طيب.
الوسوم: agriculture، farming
ملاحظة: يقال 'أرض زبر' أي أنها تجود بمحاصيل وافرة."
399,الزَّانَة,الزانة,alzanh,زان,Noun,object,حبل البئر الآلي,الحبل المستخدم لاستخراج الماء من البئر بواسطة العجلة (المِحالة) والدواب.,general,"[""رشاء""]",[],تختلف عن الرشاء اليدوي بأنها جزء من منظومة ري أكبر (سواني).,قاموس اللهجة الحضرمية - فهد بن هلابي - ص 63,"[{""f"": ""ثبّت حبل البئر على العجلة الخشبية."", ""h"": ""شد الزانة على المحالة.""}]",[],"[""agriculture"", ""daily life"", ""water""]","الكلمة: الزَّانَة (الزانة)
الجذر: زان
الفصحى: حبل البئر الآلي
المعنى: الحبل المستخدم لاستخراج الماء من البئر بواسطة العجلة (المِحالة) والدواب.
المرادفات: رشاء
مثال: شد الزانة على المحالة.
الوسوم: agriculture، daily life، water
ملاحظة: تختلف عن الرشاء اليدوي بأنها جزء من منظومة ري أكبر (سواني)."
400,الزَّرْبَادِي,الزربادي,alzrbady,زربد,Noun,object,لون من ألوان الرقص والغناء,نوع من أنواع الرقصات الشعبية الشهيرة في حضرموت، يعتمد على الإيقاع السريع والمنظم.,general,[],[],الزربادي يعكس الموروث الفني الغني للوادي.,قاموس اللهجة الحضرمية - فهد بن هلابي - ص 63,"[{""f"": ""الليلة سهرة مع أنغام رقصة الزربادي."", ""h"": ""الليل سمرة مع صوت الزربادي.""}]",[],"[""social customs"", ""arts"", ""dance""]","الكلمة: الزَّرْبَادِي (الزربادي)
الجذر: زربد
الفصحى: لون من ألوان الرقص والغناء
المعنى: نوع من أنواع الرقصات الشعبية الشهيرة في حضرموت، يعتمد على الإيقاع السريع والمنظم.
مثال: الليل سمرة مع صوت الزربادي.
الوسوم: social customs، arts، dance
ملاحظة: الزربادي يعكس الموروث الفني الغني للوادي."
401,الزُّولِي,الزولي,alzwly,زول,Noun,object,المرحاض / دورة المياه,المكان المخصص لقضاء الحاجة داخل البيت.,general,"[""حمّام"", ""مرحاض""]",[],في البيوت القديمة كان 'الزولي' يصمم بنظام تصريف تقليدي بعيد عن خزان الماء.,قاموس اللهجة الحضرمية - فهد بن هلابي - ص 63,"[{""f"": ""دورة المياه نظيفة ومنظمة."", ""h"": ""الزولي نظيف ومرتب.""}]",[],"[""daily life"", ""bathroom""]","الكلمة: الزُّولِي (الزولي)
الجذر: زول
الفصحى: المرحاض / دورة المياه
المعنى: المكان المخصص لقضاء الحاجة داخل البيت.
المرادفات: حمّام، مرحاض
مثال: الزولي نظيف ومرتب.
الوسوم: daily life، bathroom
ملاحظة: في البيوت القديمة كان 'الزولي' يصمم بنظام تصريف تقليدي بعيد عن خزان الماء."
402,زِمْبِيل,زمبيل,zmbyl,زمبل,Noun,object,الكيس / القفة,وعاء يشبه الكيس أو القفة، يصنع قديماً من خوص النخيل.,general,"[""كيس"", ""قفة""]",[],يستخدم لنقل الأغراض الخفيفة من السوق.,قاموس اللهجة الحضرمية - فهد بن هلابي - ص 63,"[{""f"": ""ضع الخضروات في الكيس."", ""h"": ""حط الخضرة في الزمبيل.""}]",[],"[""daily life"", ""market""]","الكلمة: زِمْبِيل (زمبيل)
الجذر: زمبل
الفصحى: الكيس / القفة
المعنى: وعاء يشبه الكيس أو القفة، يصنع قديماً من خوص النخيل.
المرادفات: كيس، قفة
مثال: حط الخضرة في الزمبيل.
الوسوم: daily life، market
ملاحظة: يستخدم لنقل الأغراض الخفيفة من السوق."
403,الزَّقَر,الزقر,alzqr,زقر,Noun,object,الولد / الفتى,يطلق على الابن أو الشاب الصغير.,general,"[""ولد"", ""شاب""]",[],كلمة محببة تستخدم للنداء أو الوصف.,قاموس اللهجة الحضرمية - فهد بن هلابي - ص 63,"[{""f"": ""هذا الفتى مجتهد في دراسته."", ""h"": ""هذا الزقر شاطر في دراسته.""}]",[],"[""daily life"", ""child"", ""boy""]","الكلمة: الزَّقَر (الزقر)
الجذر: زقر
الفصحى: الولد / الفتى
المعنى: يطلق على الابن أو الشاب الصغير.
المرادفات: ولد، شاب
مثال: هذا الزقر شاطر في دراسته.
الوسوم: daily life، child، boy
ملاحظة: كلمة محببة تستخدم للنداء أو الوصف."
404,زُنْبُع العُشَر,زنبع العشر,znb3 al3shr,زنبع,Noun,object,حشرة (نوع من الجراد),حشرة من نوع الجراد، تتميز بأنها بلا أجنحة، وتوجد غالباً على أشجار 'العُشر'.,general,[],[],لا تعتبر ضارة كجراد المحاصيل.,قاموس اللهجة الحضرمية - فهد بن هلابي - ص 63,"[{""f"": ""وجدنا تلك الحشرة (نوع من الجراد) فوق الشجرة."", ""h"": ""لقينا زنبع العشر فوق الشجرة.""}]",[],"[""nature"", ""insects""]","الكلمة: زُنْبُع العُشَر (زنبع العشر)
الجذر: زنبع
الفصحى: حشرة (نوع من الجراد)
المعنى: حشرة من نوع الجراد، تتميز بأنها بلا أجنحة، وتوجد غالباً على أشجار 'العُشر'.
مثال: لقينا زنبع العشر فوق الشجرة.
الوسوم: nature، insects
ملاحظة: لا تعتبر ضارة كجراد المحاصيل."
405,الزَّنْط,الزنط,alznT,زنط,Noun,emotion,التكبر / الغرور,صفة التكبر والتعالي على الآخرين، ويقال للشخص المتكبر 'زناط'.,general,"[""كبر"", ""غرور""]",[],صفة منبوذة اجتماعياً في حضرموت.,قاموس اللهجة الحضرمية - فهد بن هلابي - ص 63,"[{""f"": ""اترك عنك التكبر وتواضع للناس."", ""h"": ""خل عنك الزنط وتواضع للناس.""}]",[],"[""emotions"", ""values"", ""pride""]","الكلمة: الزَّنْط (الزنط)
الجذر: زنط
الفصحى: التكبر / الغرور
المعنى: صفة التكبر والتعالي على الآخرين، ويقال للشخص المتكبر 'زناط'.
المرادفات: كبر، غرور
مثال: خل عنك الزنط وتواضع للناس.
الوسوم: emotions، values، pride
ملاحظة: صفة منبوذة اجتماعياً في حضرموت."
406,الزَّقَرَة,الزقره,alzqrh,زقر,Noun,person,البنت / الفتاة,تطلق على الابنة أو الفتاة الشابة.,general,"[""بنت""]",[],مؤنث كلمة 'زقر'.,قاموس اللهجة الحضرمية - فهد بن هلابي - ص 63,"[{""f"": ""الفتاة تساعد والدتها في أعمال المنزل."", ""h"": ""الزقرة تساعد أمها في البيت.""}]",[],"[""daily life"", ""family"", ""girl""]","الكلمة: الزَّقَرَة (الزقره)
الجذر: زقر
الفصحى: البنت / الفتاة
المعنى: تطلق على الابنة أو الفتاة الشابة.
المرادفات: بنت
مثال: الزقرة تساعد أمها في البيت.
الوسوم: daily life، family، girl
ملاحظة: مؤنث كلمة 'زقر'."
407,الزَّمَان,الزمان,alzman,زمن,Expression,expression,القحط / الجدب,كناية تستخدم للإشارة إلى سنوات القحط وشحة الأمطار.,general,"[""جدب"", ""قحط""]",[],يقال 'جانا زمان' أي أصابتنا سنة قحط. بسكون الزاء,قاموس اللهجة الحضرمية - فهد بن هلابي - ص 64,"[{""f"": ""نسأل الله ألا تعود أيام القحط والجدب."", ""h"": ""الله لا يعيد أيام الزمان.""}]",[],"[""daily life"", ""nature"", ""rain""]","الكلمة: الزَّمَان (الزمان)
الجذر: زمن
الفصحى: القحط / الجدب
المعنى: كناية تستخدم للإشارة إلى سنوات القحط وشحة الأمطار.
المرادفات: جدب، قحط
مثال: الله لا يعيد أيام الزمان.
الوسوم: daily life، nature، rain
ملاحظة: يقال 'جانا زمان' أي أصابتنا سنة قحط. بسكون الزاء"
408,الزَّوْع,الزوع,alzw3,زوع,Noun,object,هدير السيل,الصوت العالي والمدوي الذي يصدره السيل عندما يأتي بقوة من بعيد.,general,"[""هدير"", ""دوي""]",[],صوت يثير الرهبة والاستبشار في آن واحد عند المزارعين. بضم الزاء والواو,قاموس اللهجة الحضرمية - فهد بن هلابي - ص 64,"[{""f"": ""سمعنا دوي وهدير السيل في منتصف الليل."", ""h"": ""سمعنا زوع السيل في نص الليل.""}]",[],"[""nature"", ""river""]","الكلمة: الزَّوْع (الزوع)
الجذر: زوع
الفصحى: هدير السيل
المعنى: الصوت العالي والمدوي الذي يصدره السيل عندما يأتي بقوة من بعيد.
المرادفات: هدير، دوي
مثال: سمعنا زوع السيل في نص الليل.
الوسوم: nature، river
ملاحظة: صوت يثير الرهبة والاستبشار في آن واحد عند المزارعين. بضم الزاء والواو"
409,الزَّبَّة,الزبه,alzbh,زبب,Noun,emotion,الاهتمام والزهو بالشيء,الاهتمام المتزايد بالشيء كونه جديداً أو الانتشاء به والزهو.,general,"[""بشة"", ""زهو""]",[],تستخدم لوصف الاهتمام المؤقت بشيء ما ثم يذبل هذا الاهتمام.,قاموس اللهجة الحضرمية - فهد بن هلابي - ص 64,"[{""f"": ""هذه السيارة لها بريق واهتمام الآن لأنها جديدة."", ""h"": ""هذه السيارة لها زبة الحين لأنها جديدة.""}]",[],"[""emotions"", ""daily life"", ""attention""]","الكلمة: الزَّبَّة (الزبه)
الجذر: زبب
الفصحى: الاهتمام والزهو بالشيء
المعنى: الاهتمام المتزايد بالشيء كونه جديداً أو الانتشاء به والزهو.
المرادفات: بشة، زهو
مثال: هذه السيارة لها زبة الحين لأنها جديدة.
الوسوم: emotions، daily life، attention
ملاحظة: تستخدم لوصف الاهتمام المؤقت بشيء ما ثم يذبل هذا الاهتمام."
410,رَكِيكَه,ركيكه,rkykh,ركك,Adjective,descriptor,هزيلة / ضعيفة,تستخدم لوصف الشيء أو الشخص الضعيف الذي يفتقر إلى القوة أو المتانة، وفي سياق البناء تعني غير المتماسك.,general,"[""ضعيفة"", ""واهنة""]",[],,قاموس اللهجة الحضرمية - فهد بن هلابي - ص 63,"[{""f"": ""هذه العصا ضعيفة (هزيلة) لا تتكئ عليها."", ""h"": ""هذه العصاة ركيكه لا تتكي عليها.""}, {""f"": ""بنيت جداراً ضعيفاً سقط بسبب المطر."", ""h"": ""بنيت جدار ركيكه طاح من المطر.""}]",[],"[""daily life"", ""description"", ""weak""]","الكلمة: رَكِيكَه (ركيكه)
الجذر: ركك
الفصحى: هزيلة / ضعيفة
المعنى: تستخدم لوصف الشيء أو الشخص الضعيف الذي يفتقر إلى القوة أو المتانة، وفي سياق البناء تعني غير المتماسك.
المرادفات: ضعيفة، واهنة
مثال: هذه العصاة ركيكه لا تتكي عليها.
الوسوم: daily life، description، weak"
411,رُصُن,رصن,rSn,رصن,Verb,action,اربط / شد الوثاق,فعل أمر بمعنى الربط بإحكام أو شد الحبل على الشيء لضمان عدم فكه.,general,"[""اربط"", ""وثّق""]",[],تستخدم غالباً في سياق ربط الأحمال أو الحيوانات.,قاموس اللهجة الحضرمية - فهد بن هلابي - ص 63,"[{""f"": ""اربط الحبل جيداً فوق السيارة."", ""h"": ""رُصُن الحبل زين فوق السيارة.""}, {""f"": ""أريدك أن تربط الكيس بإحكام لكي لا ينسكب ما فيه."", ""h"": ""بغيتك ترصن الكيس عشان ما يندفق.""}]",[],"[""daily life"", ""tools"", ""actions"", ""tie""]","الكلمة: رُصُن (رصن)
الجذر: رصن
الفصحى: اربط / شد الوثاق
المعنى: فعل أمر بمعنى الربط بإحكام أو شد الحبل على الشيء لضمان عدم فكه.
المرادفات: اربط، وثّق
مثال: رُصُن الحبل زين فوق السيارة.
الوسوم: daily life، tools، actions، tie
ملاحظة: تستخدم غالباً في سياق ربط الأحمال أو الحيوانات."
412,سَرَطْ,سرط,srT,سرط,Verb,action,ابتلع,فعل يعني الابتلاع بسرعة أو دفع الطعام إلى الجوف دون مضغ طويل.,general,"[""لهط"", ""زط""]",[],,قاموس اللهجة الحضرمية - فهد بن هلابي - ص 65,"[{""f"": ""ابتلع اللقمة بلعاً من شدة العجلة."", ""h"": ""سرط اللقمة سرط من العجلة.""}, {""f"": ""لا تبتلع الحبوب (الدواء) بدون ماء."", ""h"": ""لا تسرط الحبوب بدون ماء.""}]",[],"[""daily life"", ""action"", ""eat""]","الكلمة: سَرَطْ (سرط)
الجذر: سرط
الفصحى: ابتلع
المعنى: فعل يعني الابتلاع بسرعة أو دفع الطعام إلى الجوف دون مضغ طويل.
المرادفات: لهط، زط
مثال: سرط اللقمة سرط من العجلة.
الوسوم: daily life، action، eat"
413,السَّبْتَة,السبتة,alsbth,سبت,Noun,object,الحزام,حزام يلبس حول الخصر، وغالباً ما يكون من الجلد أو القماش القوي.,general,"[""حزام""]",[],,قاموس اللهجة الحضرمية - فهد بن هلابي - ص 65,"[{""f"": ""أحكم ربط الحزام على خصرك."", ""h"": ""رصن السبتة على وسطك.""}, {""f"": ""اشتريت حزاماً جديداً للمدرسة."", ""h"": ""اشتريت سبتة جديدة للمدرسة.""}]",[],"[""clothing"", ""daily life"", ""belt""]","الكلمة: السَّبْتَة (السبتة)
الجذر: سبت
الفصحى: الحزام
المعنى: حزام يلبس حول الخصر، وغالباً ما يكون من الجلد أو القماش القوي.
المرادفات: حزام
مثال: رصن السبتة على وسطك.
الوسوم: clothing، daily life، belt"
414,سَرَحْ,سرح,srH,سرح,Verb,time,ذهب في الصباح الباكر,الخروج للعمل أو المرعى في وقت الصباح الباكر.,general,"[""بكر""]",[],عكسها 'ضوي' أي عاد في المساء.,قاموس اللهجة الحضرمية - فهد بن هلابي - ص 65,"[{""f"": ""ذهبنا اليوم في وقت مبكر جداً قبل الشروق."", ""h"": ""سرحنا اليوم من غبشة.""}, {""f"": ""أخرجوا الأغنام إلى المرعى صباحاً."", ""h"": ""سرحوا الغنم للمرعى.""}]",[],"[""action"", ""time"", ""morning""]","الكلمة: سَرَحْ (سرح)
الجذر: سرح
الفصحى: ذهب في الصباح الباكر
المعنى: الخروج للعمل أو المرعى في وقت الصباح الباكر.
المرادفات: بكر
مثال: سرحنا اليوم من غبشة.
الوسوم: action، time، morning
ملاحظة: عكسها 'ضوي' أي عاد في المساء."
415,أُمّ سُوَيْد,ام سويد,am swyd,سود,Noun,object,نوع من الطيور الصغيرة السوداء,طائر صغير يتميز بلونه الأسود، لا يؤكل لحمه، ويتواجد في المزارع.,general,[],[],تم تصحيحها من 'فعل' في الملف السابق إلى 'اسم'.,قاموس اللهجة الحضرمية - فهد بن هلابي - ص 65,"[{""f"": ""رأيت طائر أم سويد ينقر في الأرض."", ""h"": ""شفت أم سويد تنقر في الأرض.""}]",[],"[""nature"", ""birds"", ""black bird""]","الكلمة: أُمّ سُوَيْد (ام سويد)
الجذر: سود
الفصحى: نوع من الطيور الصغيرة السوداء
المعنى: طائر صغير يتميز بلونه الأسود، لا يؤكل لحمه، ويتواجد في المزارع.
مثال: شفت أم سويد تنقر في الأرض.
الوسوم: nature، birds، black bird
ملاحظة: تم تصحيحها من 'فعل' في الملف السابق إلى 'اسم'."
416,سَبَر,سبر,sbr,سبر,Verb,action,بدأ / شرع في العمل,البدء في فعل شيء ما، ويقال 'باسبر' أي سوف أبدأ.,general,"[""بدأ""]",[],,قاموس اللهجة الحضرمية - فهد بن هلابي - ص 65,"[{""f"": ""هيا بنا سنبدأ العمل الآن."", ""h"": ""يالله با نسبر الشغل دحين.""}, {""f"": ""بدأ في كتابة التقرير."", ""h"": ""سبر في كتابة التقرير.""}]",[],"[""action"", ""start""]","الكلمة: سَبَر (سبر)
الجذر: سبر
الفصحى: بدأ / شرع في العمل
المعنى: البدء في فعل شيء ما، ويقال 'باسبر' أي سوف أبدأ.
المرادفات: بدأ
مثال: يالله با نسبر الشغل دحين.
الوسوم: action، start"
417,السَّوْم,السوم,alswm,سوم,Noun,object,حزام طيني أو حاجز ترابي,حاجز من الطين يحيط بالأرض الزراعية لتنظيم دخول الماء ومنع اندفاع السيل، ويكون ملتويًا لامتصاص قوة الضغط.,general,"[""حاجز""]",[],مصطلح زراعي بامتياز.,قاموس اللهجة الحضرمية - فهد بن هلابي - ص 65,"[{""f"": ""حطم السيل الحاجز الطيني للأرض الزراعية."", ""h"": ""كسر السيل السوم حق البلاد.""}, {""f"": ""قوموا لنرمم الحاجز الترابي قبل وصول السيل."", ""h"": ""قوموا نصلح السوم قبل ما يجي السيل.""}]",[],"[""agriculture"", ""wall""]","الكلمة: السَّوْم (السوم)
الجذر: سوم
الفصحى: حزام طيني أو حاجز ترابي
المعنى: حاجز من الطين يحيط بالأرض الزراعية لتنظيم دخول الماء ومنع اندفاع السيل، ويكون ملتويًا لامتصاص قوة الضغط.
المرادفات: حاجز
مثال: كسر السيل السوم حق البلاد.
الوسوم: agriculture، wall
ملاحظة: مصطلح زراعي بامتياز."
418,سِبَار,سبار,sbar,سبر,Noun,object,علف يومي للماشية,ما يقدم للماشية من طعام (قصب أو برسيم) بشكل يومي ومنتظم.,general,"[""علف""]",[],,قاموس اللهجة الحضرمية - فهد بن هلابي - ص 66,"[{""f"": ""لا تنسى وضع العلف اليومي للأغنام."", ""h"": ""لا تنسى تحط السبار للغنم.""}]","[""سبار قضب""]","[""agriculture"", ""animals"", ""feed""]","الكلمة: سِبَار (سبار)
الجذر: سبر
الفصحى: علف يومي للماشية
المعنى: ما يقدم للماشية من طعام (قصب أو برسيم) بشكل يومي ومنتظم.
المرادفات: علف
مثال: لا تنسى تحط السبار للغنم.
الوسوم: agriculture، animals، feed"
419,السَّرَامِي,السرامي,alsramy,سرم,Noun,object,حذاء جلدي أحمر,أحذية مصنوعة من جلد الغنم المصبوغ باللون الأحمر، تشبه الأحذية العربية القديمة.,general,"[""حذاء""]",[],تراثية، نادراً ما تستخدم حالياً.,قاموس اللهجة الحضرمية - فهد بن هلابي - ص 66,"[{""f"": ""لبس جدي الحذاء الجلدي الأحمر في العيد."", ""h"": ""لبس جدي السرامي في العيد.""}]",[],"[""clothing"", ""heritage"", ""red shoe""]","الكلمة: السَّرَامِي (السرامي)
الجذر: سرم
الفصحى: حذاء جلدي أحمر
المعنى: أحذية مصنوعة من جلد الغنم المصبوغ باللون الأحمر، تشبه الأحذية العربية القديمة.
المرادفات: حذاء
مثال: لبس جدي السرامي في العيد.
الوسوم: clothing، heritage، red shoe
ملاحظة: تراثية، نادراً ما تستخدم حالياً."
420,سبَق,سبق,sbq,سبق,Noun,object,نظام الأولوية أو الدور,التزام الدور في الطابور أو الأولوية لمن حضر أولاً.,general,"[""دور""]",[],بكسر السين والباء,قاموس اللهجة الحضرمية - فهد بن هلابي - ص 66,"[{""f"": ""احترموا نظام الدور عند مورد الماء."", ""h"": ""احترموا السبق في السقاية.""}]",[],"[""social rules"", ""queue""]","الكلمة: سبَق (سبق)
الجذر: سبق
الفصحى: نظام الأولوية أو الدور
المعنى: التزام الدور في الطابور أو الأولوية لمن حضر أولاً.
المرادفات: دور
مثال: احترموا السبق في السقاية.
الوسوم: social rules، queue
ملاحظة: بكسر السين والباء"
421,سَفِيح,سفيح,sfyH,سفح,Noun,object,وعاء لشرب الماشية,وعاء كبير يُسكب فيه الماء لتشرب منه الحيوانات.,general,"[""حوض""]",[],بكسر الياء,قاموس اللهجة الحضرمية - فهد بن هلابي - ص 66,"[{""f"": ""ملأ الحوض بالماء لتشرب الأبقار."", ""h"": ""ملأ السفيح بالماء للبقر.""}]",[],"[""agriculture"", ""animals"", ""water""]","الكلمة: سَفِيح (سفيح)
الجذر: سفح
الفصحى: وعاء لشرب الماشية
المعنى: وعاء كبير يُسكب فيه الماء لتشرب منه الحيوانات.
المرادفات: حوض
مثال: ملأ السفيح بالماء للبقر.
الوسوم: agriculture، animals، water
ملاحظة: بكسر الياء"
422,سَانِي,ساني,sany,سنى,Adjective,descriptor,مستقيم / مباشر,وصف للشيء المستقيم أو الشخص الذي يسير دون انحراف.,general,"[""دغري"", ""سيدة""]",[],,قاموس اللهجة الحضرمية - فهد بن هلابي - ص 66,"[{""f"": ""سر بشكل مستقيم ولا تلتفت يميناً أو يساراً."", ""h"": ""امش ساني ولا تلتفت يمين ولا يسار.""}, {""f"": ""هذا الطريق مستقيم يوصلك إلى المدينة."", ""h"": ""الخط هذا ساني يوصلك للمدينة.""}]",[],"[""description"", ""daily life"", ""straight""]","الكلمة: سَانِي (ساني)
الجذر: سنى
الفصحى: مستقيم / مباشر
المعنى: وصف للشيء المستقيم أو الشخص الذي يسير دون انحراف.
المرادفات: دغري، سيدة
مثال: امش ساني ولا تلتفت يمين ولا يسار.
الوسوم: description، daily life، straight"
423,السَّاس,الساس,alsas,سس,Noun,object,أساس البناء,قاعدة البيت المبنية من الحجر أو الطين تحت مستوى الأرض.,general,"[""قاعدة""]",[],,قاموس اللهجة الحضرمية - فهد بن هلابي - ص 66,"[{""f"": ""بنينا أساس البيت من حجارة صلبة."", ""h"": ""بنينا ساس البيت من حجر صلب.""}]","[""من ساسه لراسه"", ""من لا له ساس ماله راس""]","[""construction"", ""base""]","الكلمة: السَّاس (الساس)
الجذر: سس
الفصحى: أساس البناء
المعنى: قاعدة البيت المبنية من الحجر أو الطين تحت مستوى الأرض.
المرادفات: قاعدة
مثال: بنينا ساس البيت من حجر صلب.
الوسوم: construction، base"
424,السَّلْح,السلح,alslH,سلح,Noun,object,الغائط / فضلات الإنسان,لفظ يطلق على فضلات البطن (الغائط).,general,"[""براز""]",[],كلمة فصحى قديمة.,قاموس اللهجة الحضرمية - فهد بن هلابي - ص 66,"[{""f"": ""انتبه من أن تدوس على الفضلات في الطريق."", ""h"": ""انتبه تدعس على السلح في الطريق.""}]",[],"[""general"", ""stool""]","الكلمة: السَّلْح (السلح)
الجذر: سلح
الفصحى: الغائط / فضلات الإنسان
المعنى: لفظ يطلق على فضلات البطن (الغائط).
المرادفات: براز
مثال: انتبه تدعس على السلح في الطريق.
الوسوم: general، stool
ملاحظة: كلمة فصحى قديمة."
425,السُّبَاعِيّة,السباعية,alsba3yh,سبع,Noun,object,إزار قطني (معوز),نسيج محلي يلبسه الرجال كإزار، يكون مفتوحاً غير مخيط بشكل دائري.,general,"[""معوز""]",[],,قاموس اللهجة الحضرمية - فهد بن هلابي - ص 66,"[{""f"": ""اشترى إزاراً محلياً جديداً للعيد."", ""h"": ""اشترى سباعية جديدة للعيد.""}]",[],"[""clothing"", ""cloth""]","الكلمة: السُّبَاعِيّة (السباعية)
الجذر: سبع
الفصحى: إزار قطني (معوز)
المعنى: نسيج محلي يلبسه الرجال كإزار، يكون مفتوحاً غير مخيط بشكل دائري.
المرادفات: معوز
مثال: اشترى سباعية جديدة للعيد.
الوسوم: clothing، cloth"
426,السُّدَّة,السدة,alsdh,سدد,Noun,object,الباب الكبير الرئيسي,الباب الخارجي الكبير للمدينة أو القصر أو البيت، وغالباً ما يكون مزخرفاً.,general,"[""بوابة""]",[],,قاموس اللهجة الحضرمية - فهد بن هلابي - ص 67,"[{""f"": ""اجتمع الشبان عند البوابة الكبيرة."", ""h"": ""اجتمعوا الشباب عند السدة.""}, {""f"": ""أغلق الباب الكبير قبل أن تنام."", ""h"": ""صك السدة قبل ما تنام.""}]",[],"[""construction"", ""daily life"", ""gate""]","الكلمة: السُّدَّة (السدة)
الجذر: سدد
الفصحى: الباب الكبير الرئيسي
المعنى: الباب الخارجي الكبير للمدينة أو القصر أو البيت، وغالباً ما يكون مزخرفاً.
المرادفات: بوابة
مثال: اجتمعوا الشباب عند السدة.
الوسوم: construction، daily life، gate"
427,السِّرَّة,السرة,alsrh,سرر,Noun,object,مخزن الأعلاف,مكان مخصص في البيت أو المزرعة لتكديس وتخزين أعلاف المواشي (القصب).,general,"[""مخزن""]",[],بكسر السين وتشديد الراء.,قاموس اللهجة الحضرمية - فهد بن هلابي - ص 67,"[{""f"": ""رتبوا أعلاف القصب في المخزن."", ""h"": ""رصوا القصب في السرة.""}]",[],"[""agriculture"", ""construction"", ""feed""]","الكلمة: السِّرَّة (السرة)
الجذر: سرر
الفصحى: مخزن الأعلاف
المعنى: مكان مخصص في البيت أو المزرعة لتكديس وتخزين أعلاف المواشي (القصب).
المرادفات: مخزن
مثال: رصوا القصب في السرة.
الوسوم: agriculture، construction، feed
ملاحظة: بكسر السين وتشديد الراء."
428,السِّيب,السيب,alsyb,سيب,Noun,object,الممر الطويل,ممر ضيق أو طويل يربط بين الغرف في البيت أو بين المباني.,general,"[""ممر"", ""دهليز""]",[],,قاموس اللهجة الحضرمية - فهد بن هلابي - ص 67,"[{""f"": ""اترك الممر خالياً ولا تضع فيه أمتعة."", ""h"": ""خل السيب فاضي لا تحط فيه أغراض.""}]",[],"[""construction"", ""daily life"", ""long""]","الكلمة: السِّيب (السيب)
الجذر: سيب
الفصحى: الممر الطويل
المعنى: ممر ضيق أو طويل يربط بين الغرف في البيت أو بين المباني.
المرادفات: ممر، دهليز
مثال: خل السيب فاضي لا تحط فيه أغراض.
الوسوم: construction، daily life، long"
429,سَدُّوا,سدوا,sdwa,سدد,Verb,action,اتفقوا / تصالحوا,الوصول إلى اتفاق أو إنهاء خلاف بين طرفين.,general,"[""اتفقوا""]",[],,قاموس اللهجة الحضرمية - فهد بن هلابي - ص 67,"[{""f"": ""الحمد لله، لقد اتفق القوم وتصالحوا فيما بينهم."", ""h"": ""الحمد لله الجماعة سدوا فيما بينهم.""}]",[],"[""social relations"", ""agreement""]","الكلمة: سَدُّوا (سدوا)
الجذر: سدد
الفصحى: اتفقوا / تصالحوا
المعنى: الوصول إلى اتفاق أو إنهاء خلاف بين طرفين.
المرادفات: اتفقوا
مثال: الحمد لله الجماعة سدوا فيما بينهم.
الوسوم: social relations، agreement"
430,السَّاقِيَة,الساقية,alsaqyh,سقى,Noun,object,قناة ري صغيرة,مجرى مائي محفور في الأرض لنقل الماء من البئر أو السد إلى الحقول.,general,"[""مجرى""]",[],,قاموس اللهجة الحضرمية - فهد بن هلابي - ص 67,"[{""f"": ""نظف قناة الري من الطين والأعشاب."", ""h"": ""نظف الساقية من الطين والحشائش.""}]",[],"[""agriculture"", ""water""]","الكلمة: السَّاقِيَة (الساقية)
الجذر: سقى
الفصحى: قناة ري صغيرة
المعنى: مجرى مائي محفور في الأرض لنقل الماء من البئر أو السد إلى الحقول.
المرادفات: مجرى
مثال: نظف الساقية من الطين والحشائش.
الوسوم: agriculture، water"
431,السَّاف,الساف,alsaf,سوف,Noun,object,تمر يابس رديء,نوع من التمر الجاف جداً وغير الجيد، وعادة ما يقدم علفاً للحيوانات.,general,[],[],,قاموس اللهجة الحضرمية - فهد بن هلابي - ص 67,"[{""f"": ""هذا التمر أصبح يابساً ورديئاً، لا أحد يأكله."", ""h"": ""هذا التمر صار ساف، ما حد يأكله.""}]",[],"[""food"", ""agriculture"", ""dry""]","الكلمة: السَّاف (الساف)
الجذر: سوف
الفصحى: تمر يابس رديء
المعنى: نوع من التمر الجاف جداً وغير الجيد، وعادة ما يقدم علفاً للحيوانات.
مثال: هذا التمر صار ساف، ما حد يأكله.
الوسوم: food، agriculture، dry"
432,سَفْطَة,سفطة,sfTh,سفط,Noun,object,مزاح / فكاهة,الكلام الذي يقصد به الضحك والمداعبة بين الأصدقاء.,general,"[""مزح""]",[],,قاموس اللهجة الحضرمية - فهد بن هلابي - ص 67,"[{""f"": ""لا تغضب، كان كل كلامي مزاحاً."", ""h"": ""لا تزعل، كل كلامي كان سفطة.""}, {""f"": ""سعيد يحب المزاح والضحك."", ""h"": ""سعيد يحب السفطة والضحك.""}]",[],"[""social relations"", ""laugh"", ""joke""]","الكلمة: سَفْطَة (سفطة)
الجذر: سفط
الفصحى: مزاح / فكاهة
المعنى: الكلام الذي يقصد به الضحك والمداعبة بين الأصدقاء.
المرادفات: مزح
مثال: لا تزعل، كل كلامي كان سفطة.
الوسوم: social relations، laugh، joke"
433,السَّبِيَّة,السبية,alsbyh,سبى,Noun,object,طريقة رصف الطوب طولياً,أسلوب في البناء التقليدي الحضرمي حيث توضع المدرة (اللبنة) بشكل طولي لتقليل الوزن، وتستخدم غالباً في الأدوار العلوية.,general,[],[],,قاموس اللهجة الحضرمية - فهد بن هلابي - ص 67,"[{""f"": ""بنى الطابق الثالث بأسلوب رصف الطوب الطولي."", ""h"": ""بنى الدور الثالث بطريقة السبية.""}]",[],"[""construction"", ""wall""]","الكلمة: السَّبِيَّة (السبية)
الجذر: سبى
الفصحى: طريقة رصف الطوب طولياً
المعنى: أسلوب في البناء التقليدي الحضرمي حيث توضع المدرة (اللبنة) بشكل طولي لتقليل الوزن، وتستخدم غالباً في الأدوار العلوية.
مثال: بنى الدور الثالث بطريقة السبية.
الوسوم: construction، wall"
434,السِّنَاوَة,السناوة,alsnawh,سنى,Noun,object,استخراج الماء بالدواب,عملية رفع الماء من الآبار العميقة باستخدام الجمال أو الثيران عبر حبال وبكرات لري المزارع.,general,[],[],مهنة قديمة اندثرت بعد ظهور المضخات.,قاموس اللهجة الحضرمية - فهد بن هلابي - ص 68,"[{""f"": ""كان جدي يقضي يومه في استخراج الماء من البئر بالدواب."", ""h"": ""كان جدي يقضي يومه في السناوة.""}]","[""إيش عرفك يا لحيك بالسناوة""]","[""agriculture"", ""heritage"", ""water""]","الكلمة: السِّنَاوَة (السناوة)
الجذر: سنى
الفصحى: استخراج الماء بالدواب
المعنى: عملية رفع الماء من الآبار العميقة باستخدام الجمال أو الثيران عبر حبال وبكرات لري المزارع.
مثال: كان جدي يقضي يومه في السناوة.
الوسوم: agriculture، heritage، water
ملاحظة: مهنة قديمة اندثرت بعد ظهور المضخات."
435,سُلَيْمُود,سليمود,slymwd,سلمد,Noun,object,بطانية صوف ثقيلة,لحاف أو غطاء ثقيل مصنوع من الصوف، يستخدم للتدفئة الشديدة في فصل الشتاء.,general,"[""بطانية""]",[],,قاموس اللهجة الحضرمية - فهد بن هلابي - ص 68,"[{""f"": ""البرد شديد اليوم، استخرج بطانية الصوف الثقيلة."", ""h"": ""البرد قوي اليوم، طلع السليمود.""}]",[],"[""home"", ""daily life"", ""sleep""]","الكلمة: سُلَيْمُود (سليمود)
الجذر: سلمد
الفصحى: بطانية صوف ثقيلة
المعنى: لحاف أو غطاء ثقيل مصنوع من الصوف، يستخدم للتدفئة الشديدة في فصل الشتاء.
المرادفات: بطانية
مثال: البرد قوي اليوم، طلع السليمود.
الوسوم: home، daily life، sleep"
436,اسْتَوْعَدُوا,استوعدوا,astw3dwa,وعد,Verb,person,حددوا موعد العرس,الاتفاق النهائي بين أهل العريس وأهل العروس على تاريخ محدد لإقامة حفل الزفاف.,general,"[""وعدوا""]",[],,قاموس اللهجة الحضرمية - فهد بن هلابي - ص 68,"[{""f"": ""لقد حددوا موعد العرس، سيكون في الشهر القادم."", ""h"": ""استوعدوا الجماعة، العرس الشهر الجاي.""}]",[],"[""social customs"", ""marriage"", ""agreement""]","الكلمة: اسْتَوْعَدُوا (استوعدوا)
الجذر: وعد
الفصحى: حددوا موعد العرس
المعنى: الاتفاق النهائي بين أهل العريس وأهل العروس على تاريخ محدد لإقامة حفل الزفاف.
المرادفات: وعدوا
مثال: استوعدوا الجماعة، العرس الشهر الجاي.
الوسوم: social customs، marriage، agreement"
437,سَارِيَة,سارية,saryh,سرى,Noun,object,عمود خشبي داعم,عمود من خشب شجر 'الحمر' يوضع في وسط الغرف الكبيرة أو المساجد لدعم السقف.,general,"[""عمود""]",[],,قاموس اللهجة الحضرمية - فهد بن هلابي - ص 68,"[{""f"": ""المسجد القديم يحتوي على أعمدة خشبية كثيرة."", ""h"": ""المسجد القديم فيه سواري كثيرة.""}]",[],"[""construction"", ""wood""]","الكلمة: سَارِيَة (سارية)
الجذر: سرى
الفصحى: عمود خشبي داعم
المعنى: عمود من خشب شجر 'الحمر' يوضع في وسط الغرف الكبيرة أو المساجد لدعم السقف.
المرادفات: عمود
مثال: المسجد القديم فيه سواري كثيرة.
الوسوم: construction، wood"
438,السَّبْخَة,السبخة,alsbkhh,سبخ,Noun,object,أرض ملحية,الأرض التي ترتفع فيها نسبة الملوحة ولا تصلح للزراعة وتكون هشة.,general,[],[],كلمة فصحى مستخدمة.,قاموس اللهجة الحضرمية - فهد بن هلابي - ص 69,"[{""f"": ""لا تبنِ في الأرض الملحية، فالتربة لا تتحمل البناء."", ""h"": ""لا تبني في السبخة، الأرض ما تتحمل.""}]",[],"[""nature"", ""agriculture"", ""salty""]","الكلمة: السَّبْخَة (السبخة)
الجذر: سبخ
الفصحى: أرض ملحية
المعنى: الأرض التي ترتفع فيها نسبة الملوحة ولا تصلح للزراعة وتكون هشة.
مثال: لا تبني في السبخة، الأرض ما تتحمل.
الوسوم: nature، agriculture، salty
ملاحظة: كلمة فصحى مستخدمة."
439,الأَسْبَال,الاسبال,alasbal,سبل,Noun,time,خيوط المطر الهاطلة,منظر المطر وهو ينهمر من بعيد على شكل خطوط متصلة تشبه الأهداب.,general,[],[],,قاموس اللهجة الحضرمية - فهد بن هلابي - ص 69,"[{""f"": ""انظر إلى خيوط المطر هناك، الهطول شديد في الجبل."", ""h"": ""شوف الأسبال هناك، المطر قوي في الجبل.""}]",[],"[""nature"", ""weather"", ""rain""]","الكلمة: الأَسْبَال (الاسبال)
الجذر: سبل
الفصحى: خيوط المطر الهاطلة
المعنى: منظر المطر وهو ينهمر من بعيد على شكل خطوط متصلة تشبه الأهداب.
مثال: شوف الأسبال هناك، المطر قوي في الجبل.
الوسوم: nature، weather، rain"
440,سِرْوَال الهِنْقِس,سروال الهنقس,srwal alhnqs,هنقس,Noun,object,سروال داخلي قصير,سروال قطني ضيق يلبس تحت الثياب (كلسون).,general,"[""كلسون""]",[],تسمية محلية قديمة.,قاموس اللهجة الحضرمية - فهد بن هلابي - ص 69,"[{""f"": ""اشتريت طقم قميص داخلي وسروال قصير ضيق."", ""h"": ""اشتريت طقم فنيلة وسروال هنقس.""}]",[],"[""clothing"", ""inner""]","الكلمة: سِرْوَال الهِنْقِس (سروال الهنقس)
الجذر: هنقس
الفصحى: سروال داخلي قصير
المعنى: سروال قطني ضيق يلبس تحت الثياب (كلسون).
المرادفات: كلسون
مثال: اشتريت طقم فنيلة وسروال هنقس.
الوسوم: clothing، inner
ملاحظة: تسمية محلية قديمة."
441,السَّلَّة,السلة,alslh,سلل,Noun,person,زفة النساء للعروس,موكب زفاف العروس من بيت أهلها إلى بيت عريسها بمرافقة الغناء والطبول والزغاريد.,general,"[""زفة""]",[],,قاموس اللهجة الحضرمية - فهد بن هلابي - ص 69,"[{""f"": ""بدأ موكب زفاف العروس في وقت المغرب."", ""h"": ""بدأت السلة المغرب.""}]",[],"[""social customs"", ""marriage"", ""wedding""]","الكلمة: السَّلَّة (السلة)
الجذر: سلل
الفصحى: زفة النساء للعروس
المعنى: موكب زفاف العروس من بيت أهلها إلى بيت عريسها بمرافقة الغناء والطبول والزغاريد.
المرادفات: زفة
مثال: بدأت السلة المغرب.
الوسوم: social customs، marriage، wedding"
442,سِرِيعِ,سريعي,sry3,سرع,Noun,object,نوع من التمر,نوع فاخر من أنواع التمور في حضرموت، يشتهر بجودته وطعمه.,general,[],[],بشد السين والياء,قاموس اللهجة الحضرمية - فهد بن هلابي - ص 69,"[{""f"": ""ما أجمل مذاق هذا النوع من التمر."", ""h"": ""يا محسن طعم السريع.""}]",[],"[""food"", ""agriculture"", ""tamarind""]","الكلمة: سِرِيعِ (سريعي)
الجذر: سرع
الفصحى: نوع من التمر
المعنى: نوع فاخر من أنواع التمور في حضرموت، يشتهر بجودته وطعمه.
مثال: يا محسن طعم السريع.
الوسوم: food، agriculture، tamarind
ملاحظة: بشد السين والياء"
443,السُّتْرَة,السترة,alstrh,ستر,Noun,object,جدار,جدار قصير يحيط المنزل أو الشرفة لستر من بداخله ومنع السقوط.,general,"[""حوش"", ""جدار""]",[],,قاموس اللهجة الحضرمية - فهد بن هلابي - ص 69,"[{""f"": ""طولوا الجدار ."", ""h"": ""طولوا السترة.""}]","[""البياض في الستر""]","[""construction"", ""wall""]","الكلمة: السُّتْرَة (السترة)
الجذر: ستر
الفصحى: جدار
المعنى: جدار قصير يحيط المنزل أو الشرفة لستر من بداخله ومنع السقوط.
المرادفات: حوش، جدار
مثال: طولوا السترة.
الوسوم: construction، wall"
444,السِّنْكَر,السنكر,alsnkr,سنكر,Noun,object,السكر,المادة المحلاة (السكر)، بلهجة بعض المناطق الحضرمية.,general,"[""سكر""]",[],,قاموس اللهجة الحضرمية - فهد بن هلابي - ص 69,"[{""f"": ""ضع لنا سكراً في الشاي."", ""h"": ""حط لنا سنكر في الشاهي.""}]",[],"[""food"", ""sugar""]","الكلمة: السِّنْكَر (السنكر)
الجذر: سنكر
الفصحى: السكر
المعنى: المادة المحلاة (السكر)، بلهجة بعض المناطق الحضرمية.
المرادفات: سكر
مثال: حط لنا سنكر في الشاهي.
الوسوم: food، sugar"
445,السحسوح,السحسوح,alsHswH,سحسو,Noun,object,منحدر صلب وجامد,أرضية ملساء ومنحدرة، تستخدم لتصريف الماء أو كمزلقة في المطابخ التقليدية.,general,"[""سحيحة""]",[],,قاموس اللهجة الحضرمية - فهد بن هلابي - ص 70,"[{""f"": ""اسكب الماء في المنحدر المخصص للتصريف."", ""h"": ""صب الماء في السحسوح.""}]",[],"[""construction"", ""floor""]","الكلمة: السحسوح
الجذر: سحسو
الفصحى: منحدر صلب وجامد
المعنى: أرضية ملساء ومنحدرة، تستخدم لتصريف الماء أو كمزلقة في المطابخ التقليدية.
المرادفات: سحيحة
مثال: صب الماء في السحسوح.
الوسوم: construction، floor"
446,سِتّه,سته,sth,ستت,Noun,object,الأستاذة / المعلمة,لقب يطلق لتبجيل المعلمة أو الأستاذة في المدرسة.,general,"[""أبلة"", ""أستاذة""]",[],,قاموس اللهجة الحضرمية - فهد بن هلابي - ص 70,"[{""f"": ""أخبرتنا المعلمة أن نكتب الواجب."", ""h"": ""قالت لنا الستة نكتب الواجب.""}]",[],"[""daily life"", ""education"", ""teacher""]","الكلمة: سِتّه (سته)
الجذر: ستت
الفصحى: الأستاذة / المعلمة
المعنى: لقب يطلق لتبجيل المعلمة أو الأستاذة في المدرسة.
المرادفات: أبلة، أستاذة
مثال: قالت لنا الستة نكتب الواجب.
الوسوم: daily life، education، teacher"
447,سِقِل,سقل,sql,سقل,Noun,person,الأطفال الصغار,كلمة تطلق على جماعة الأطفال الصغار، والمفرد 'سقلة'.,general,"[""بزارين"", ""عيال""]",[],,قاموس اللهجة الحضرمية - فهد بن هلابي - ص 70,"[{""f"": ""الأطفال يلعبون في الشارع."", ""h"": ""السقل يلعبون في الشارع.""}, {""f"": ""أهبطوا ضجيج هؤلاء الأطفال، فقد أزعجونا."", ""h"": ""سكّتوا هولا السقل، أزعجونا.""}]",[],"[""people"", ""family""]","الكلمة: سِقِل (سقل)
الجذر: سقل
الفصحى: الأطفال الصغار
المعنى: كلمة تطلق على جماعة الأطفال الصغار، والمفرد 'سقلة'.
المرادفات: بزارين، عيال
مثال: السقل يلعبون في الشارع.
الوسوم: people، family"
448,السَّلَب,السلب,alslb,سلب,Noun,object,الأحذية / الجزمات,تطلق أحياناً على الأحذية، ولها معنى آخر متعلق بالأسلحة.,general,"[""كنادر"", ""سرمي""]",[],,قاموس اللهجة الحضرمية - فهد بن هلابي - ص 70,"[{""f"": ""نظف حذاءك."", ""h"": ""نظف السلب حقك.""}]",[],"[""clothing"", ""shoe""]","الكلمة: السَّلَب (السلب)
الجذر: سلب
الفصحى: الأحذية / الجزمات
المعنى: تطلق أحياناً على الأحذية، ولها معنى آخر متعلق بالأسلحة.
المرادفات: كنادر، سرمي
مثال: نظف السلب حقك.
الوسوم: clothing، shoe"
449,سِنْقُوف,سنقوف,snqwf,سنقف,Noun,object,منقار الطائر,الجزء المدبب في رأس الطائر الذي يلتقط به الطعام.,general,"[""منقار""]",[],,قاموس اللهجة الحضرمية - فهد بن هلابي - ص 70,"[{""f"": ""نقر الديك الدجاجة بمنقاره."", ""h"": ""ضرب الديك الدجاجة بسنقوفه.""}]",[],"[""nature"", ""birds"", ""beak""]","الكلمة: سِنْقُوف (سنقوف)
الجذر: سنقف
الفصحى: منقار الطائر
المعنى: الجزء المدبب في رأس الطائر الذي يلتقط به الطعام.
المرادفات: منقار
مثال: ضرب الديك الدجاجة بسنقوفه.
الوسوم: nature، birds، beak"
450,السَّرِيّة,السرية,alsryh,سرى,Noun,person,ليلة الزفاف الكبرى,الليلة التي يتم فيها زف العريس إلى عروسته ودخوله بها.,general,"[""دخلة""]",[],,قاموس اللهجة الحضرمية - فهد بن هلابي - ص 70,"[{""f"": ""دعونا جميع الناس في ليلة الزفاف."", ""h"": ""عزمنا كل الناس في السرية.""}]",[],"[""social customs"", ""marriage"", ""wedding""]","الكلمة: السَّرِيّة (السرية)
الجذر: سرى
الفصحى: ليلة الزفاف الكبرى
المعنى: الليلة التي يتم فيها زف العريس إلى عروسته ودخوله بها.
المرادفات: دخلة
مثال: عزمنا كل الناس في السرية.
الوسوم: social customs، marriage، wedding"
451,سُبُول,سبول,sbwl,سبل,Noun,object,سنابل الحبوب,سنابل الذرة أو الدخن أو القمح قبل حصادها.,general,"[""سنابل""]",[],,قاموس اللهجة الحضرمية - فهد بن هلابي - ص 70,"[{""f"": ""الأرض الزراعية مليئة بالسنابل هذا العام."", ""h"": ""البلاد مليانة سبول السنة هذه.""}]",[],"[""agriculture"", ""wheat""]","الكلمة: سُبُول (سبول)
الجذر: سبل
الفصحى: سنابل الحبوب
المعنى: سنابل الذرة أو الدخن أو القمح قبل حصادها.
المرادفات: سنابل
مثال: البلاد مليانة سبول السنة هذه.
الوسوم: agriculture، wheat"
452,المِسْخَن,المسخن,almskhn,سخن,Noun,object,موقد كبير,قاعدتان من الحجر أو الفخار يوضع بينهما الجمر ويوضع فوقهما القدر الكبير للطبخ.,general,"[""منصب""]",[],,قاموس اللهجة الحضرمية - فهد بن هلابي - ص 70,"[{""f"": ""وضعت الأم قدر الطعام على الموقد."", ""h"": ""حطت الأم القدر على المسخن.""}]",[],"[""daily life"", ""kitchen"", ""cook""]","الكلمة: المِسْخَن (المسخن)
الجذر: سخن
الفصحى: موقد كبير
المعنى: قاعدتان من الحجر أو الفخار يوضع بينهما الجمر ويوضع فوقهما القدر الكبير للطبخ.
المرادفات: منصب
مثال: حطت الأم القدر على المسخن.
الوسوم: daily life، kitchen، cook"
453,السِّقَايَة,السقاية,alsqayh,سقى,Noun,object,سبيل ماء للمارة,بناء صغير مسقوف يحتوي على خزانات ماء وأوانٍ للشرب، يوضع كصدقة جارية في الطرقات ليشرب منه عابرو السبيل.,general,"[""سبيل""]",[],,قاموس اللهجة الحضرمية - فهد بن هلابي - ص 71,"[{""f"": ""اشرب من سبيل الماء الموجود في الطريق."", ""h"": ""اشرب من السقاية اللي في الطريق.""}]",[],"[""daily life"", ""social customs"", ""water""]","الكلمة: السِّقَايَة (السقاية)
الجذر: سقى
الفصحى: سبيل ماء للمارة
المعنى: بناء صغير مسقوف يحتوي على خزانات ماء وأوانٍ للشرب، يوضع كصدقة جارية في الطرقات ليشرب منه عابرو السبيل.
المرادفات: سبيل
مثال: اشرب من السقاية اللي في الطريق.
الوسوم: daily life، social customs، water"
454,السَّقِيفَة,السقيفة,alsqyfh,سقف,Noun,object,بيت زراعي صغير,بناء بسيط يتكون من غرفة أو غرفتين بجانب المزرعة، يسكن فيه المزارع مؤقتاً أثناء مواسم الحصاد أو السيول.,general,[],[],,قاموس اللهجة الحضرمية - فهد بن هلابي - ص 71,"[{""f"": ""نمنا البارحة في البيت الريفي بسبب تدفق السيول."", ""h"": ""رقدنا البارح في السقيفة عشان السيل.""}]",[],"[""agriculture"", ""construction"", ""farm""]","الكلمة: السَّقِيفَة (السقيفة)
الجذر: سقف
الفصحى: بيت زراعي صغير
المعنى: بناء بسيط يتكون من غرفة أو غرفتين بجانب المزرعة، يسكن فيه المزارع مؤقتاً أثناء مواسم الحصاد أو السيول.
مثال: رقدنا البارح في السقيفة عشان السيل.
الوسوم: agriculture، construction، farm"
455,سَلَب (2),سلب,slb,سلب,Noun,object,البنادق القديمة,تطلق على السلاح الناري القديم (البنادق).,general,"[""سلاح"", ""بندق""]",[],,قاموس اللهجة الحضرمية - فهد بن هلابي - ص 71,"[{""f"": ""بنادق إخوتي هي من نوع دقلات الشحن."", ""h"": ""سلب أخوتي دقلات الشحن.""}]",[],"[""daily life"", ""heritage""]","الكلمة: سَلَب (2) (سلب)
الجذر: سلب
الفصحى: البنادق القديمة
المعنى: تطلق على السلاح الناري القديم (البنادق).
المرادفات: سلاح، بندق
مثال: سلب أخوتي دقلات الشحن.
الوسوم: daily life، heritage"
456,السَّف,السف,alsf,سفف,Noun,object,مخزن الحطب,بناء صغير محاط بجدار قصير ومسقوف، يستخدم لتخزين الحطب أو الفحم (الصخر).,general,[],[],,قاموس اللهجة الحضرمية - فهد بن هلابي - ص 71,"[{""f"": ""أحضر الحطب من مخزن الحطب."", ""h"": ""شل الحطب من السف.""}]",[],"[""construction"", ""daily life"", ""wood""]","الكلمة: السَّف (السف)
الجذر: سفف
الفصحى: مخزن الحطب
المعنى: بناء صغير محاط بجدار قصير ومسقوف، يستخدم لتخزين الحطب أو الفحم (الصخر).
مثال: شل الحطب من السف.
الوسوم: construction، daily life، wood"
457,السَّفِيفَة,السفيفة,alsfyfh,سفف,Noun,object,عقد فضة للرأس,حلي من الفضة عبارة عن عقد كبير يوضع على الرأس للزينة، ويسمى أيضاً 'محمل'.,general,"[""محمل""]",[],,قاموس اللهجة الحضرمية - فهد بن هلابي - ص 71,"[{""f"": ""لبست العروس عقد الفضة على رأسها في ليلة الحناء."", ""h"": ""لبست العروس السفيفة في ليلة الحناء.""}]",[],"[""clothing"", ""heritage"", ""wedding""]","الكلمة: السَّفِيفَة (السفيفة)
الجذر: سفف
الفصحى: عقد فضة للرأس
المعنى: حلي من الفضة عبارة عن عقد كبير يوضع على الرأس للزينة، ويسمى أيضاً 'محمل'.
المرادفات: محمل
مثال: لبست العروس السفيفة في ليلة الحناء.
الوسوم: clothing، heritage، wedding"
458,السَّالِفَة,السالفة,alsalfh,سلف,Noun,object,العادة والتقليد,ما تعارف عليه الناس من عادات وتقاليد قديمة متبعة.,general,"[""عادة""]",[],,قاموس اللهجة الحضرمية - فهد بن هلابي - ص 71,"[{""f"": ""هذه عادة أهلنا منذ قديم الزمان."", ""h"": ""هذه سالفة أهلنا من زمان.""}]",[],"[""social customs"", ""custom""]","الكلمة: السَّالِفَة (السالفة)
الجذر: سلف
الفصحى: العادة والتقليد
المعنى: ما تعارف عليه الناس من عادات وتقاليد قديمة متبعة.
المرادفات: عادة
مثال: هذه سالفة أهلنا من زمان.
الوسوم: social customs، custom"
459,السِّف (2),السف,alsf,سفف,Noun,object,لوح خشبي للبئر,لوح من خشب 'الحمر' يوضع على فوهة البئر ليقف عليه الشخص (التراح) أثناء العمل.,general,[],[],,قاموس اللهجة الحضرمية - فهد بن هلابي - ص 72,"[{""f"": ""كن حذراً وأنت تقف على لوح الخشب فوق البئر."", ""h"": ""انتبه وأنت واقف على السف.""}]",[],"[""agriculture"", ""construction"", ""wood""]","الكلمة: السِّف (2) (السف)
الجذر: سفف
الفصحى: لوح خشبي للبئر
المعنى: لوح من خشب 'الحمر' يوضع على فوهة البئر ليقف عليه الشخص (التراح) أثناء العمل.
مثال: انتبه وأنت واقف على السف.
الوسوم: agriculture، construction، wood"
460,الشَّمَّة,الشمة,alshmh,شمم,Noun,person,القُبلة,بمعنى التقبيل، وغالباً ما تستخدم مع الأطفال.,general,"[""حبّة""]",[],,قاموس اللهجة الحضرمية - فهد بن هلابي - ص 73,"[{""f"": ""أعطني قُبلة يا بني."", ""h"": ""هات شمة يا ولدي.""}]","[""إن حبيت ولدك شمّه وهو نيم""]","[""daily life"", ""family"", ""kiss""]","الكلمة: الشَّمَّة (الشمة)
الجذر: شمم
الفصحى: القُبلة
المعنى: بمعنى التقبيل، وغالباً ما تستخدم مع الأطفال.
المرادفات: حبّة
مثال: هات شمة يا ولدي.
الوسوم: daily life، family، kiss"
461,شَلُّوا,شلوا,shlwa,شلل,Verb,action,حملوا / أخذوا,فعل يعني حمل الشيء أو أخذه من مكانه.,general,"[""حملوا""]",[],,قاموس اللهجة الحضرمية - فهد بن هلابي - ص 73,"[{""f"": ""حملوا الأمتعة كلها إلى البيت الجديد."", ""h"": ""شلوا العفش كله للبيت الجديد.""}]","[""أربعة شلوا الجمل والجمل ما شلّهم""]","[""action"", ""daily life"", ""move""]","الكلمة: شَلُّوا (شلوا)
الجذر: شلل
الفصحى: حملوا / أخذوا
المعنى: فعل يعني حمل الشيء أو أخذه من مكانه.
المرادفات: حملوا
مثال: شلوا العفش كله للبيت الجديد.
الوسوم: action، daily life، move"
462,السَّلِيِطْ,السليط,alslyT,سلط,Noun,object,الزيت,الزيت، ويطلق غالباً على زيت السمسم (الجلجل) الذي يشتهر به حضرموت.,general,"[""زيت"", ""زيت السمسم""]",[],كلمة فصحى قديمة لا تزال مستخدمة بكثرة في اللهجة الحضرمية.,قاموس اللهجة الحضرمية - فهد بن هلابي - ص 79,"[{""f"": ""أحضر الزيت لكي نقلي السمك."", ""h"": ""هات السليط عشان نقلي السمك.""}, {""f"": ""زيت السمسم هو الأفضل."", ""h"": ""سليط الجلجل هو الأجود.""}]",[],"[""food"", ""daily life"", ""oil""]","الكلمة: السَّلِيِطْ (السليط)
الجذر: سلط
الفصحى: الزيت
المعنى: الزيت، ويطلق غالباً على زيت السمسم (الجلجل) الذي يشتهر به حضرموت.
المرادفات: زيت، زيت السمسم
مثال: هات السليط عشان نقلي السمك.
الوسوم: food، daily life، oil
ملاحظة: كلمة فصحى قديمة لا تزال مستخدمة بكثرة في اللهجة الحضرمية."
463,شَمْلَة,شمله,shmlh,شمل,Noun,object,الكساء الغليظ,كساء غليظ من الصوف يستخدم للتدفئة أو كغطاء في الشتاء.,general,"[""كساء"", ""غطاء""]",[],تستخدم غالباً في المناطق الجبلية والباردة.,قاموس اللهجة الحضرمية - فهد بن هلابي - ص 73,"[{""f"": ""خذ الكساء الغليظ معك، الجو بارد اليوم."", ""h"": ""شل الشملة معك الجو برد اليوم.""}, {""f"": ""كان جدي يتغطى بالكساء الصوفي وقت النوم."", ""h"": ""كان جدي يتغطى بالشملة وقت النوم.""}]","[""بوزيد معروف بشمله""]","[""clothing"", ""daily life"", ""winter""]","الكلمة: شَمْلَة (شمله)
الجذر: شمل
الفصحى: الكساء الغليظ
المعنى: كساء غليظ من الصوف يستخدم للتدفئة أو كغطاء في الشتاء.
المرادفات: كساء، غطاء
مثال: شل الشملة معك الجو برد اليوم.
الوسوم: clothing، daily life، winter
ملاحظة: تستخدم غالباً في المناطق الجبلية والباردة."
464,شِتَار,شتار,shtar,شتر,Noun,object,إعوجاج / ميل,انحراف أو ميل الشيء عن استقامته.,general,"[""عوج"", ""ميل""]",[],,قاموس اللهجة الحضرمية - فهد بن هلابي - ص 73,"[{""f"": ""انظر إلى الاعوجاج الذي في الخشبة."", ""h"": ""شوف الشتار لي في الخشبة.""}, {""f"": ""بنى الجدار وفيه ميلان واضح."", ""h"": ""بنى الجدار وفيه شتار واضح.""}]",[],"[""description"", ""building"", ""wood""]","الكلمة: شِتَار (شتار)
الجذر: شتر
الفصحى: إعوجاج / ميل
المعنى: انحراف أو ميل الشيء عن استقامته.
المرادفات: عوج، ميل
مثال: شوف الشتار لي في الخشبة.
الوسوم: description، building، wood"
465,الشِّبَّاك,الشباك,alshbak,شبك,Noun,object,ستارة خشبية للنوافذ,أعواد خشبية مربوطة ببعضها بشكل فني توضع على النوافذ (الخلاف) للستر.,general,"[""مشر بية"", ""خلاف""]",[],تختلف عن الشباك المعدني الحديث، فهي من صميم العمارة الطينية.,قاموس اللهجة الحضرمية - فهد بن هلابي - ص 73,"[{""f"": ""ركبوا الستارة الخشبية في نافذة الصالة."", ""h"": ""ركبوا الشباك في الخلاف حق الصالة.""}]",[],"[""architecture"", ""house""]","الكلمة: الشِّبَّاك (الشباك)
الجذر: شبك
الفصحى: ستارة خشبية للنوافذ
المعنى: أعواد خشبية مربوطة ببعضها بشكل فني توضع على النوافذ (الخلاف) للستر.
المرادفات: مشر بية، خلاف
مثال: ركبوا الشباك في الخلاف حق الصالة.
الوسوم: architecture، house
ملاحظة: تختلف عن الشباك المعدني الحديث، فهي من صميم العمارة الطينية."
466,شَطّ,شط,shT,شطط,Verb,action,التفت / نظر جانباً,فعل يعني الالتفات بالوجه أو النظر إلى جهة معينة.,general,"[""لفت"", ""قبّل""]",[],,قاموس اللهجة الحضرمية - فهد بن هلابي - ص 73,"[{""f"": ""التفت نحوي وأنا أحدثك."", ""h"": ""شط قداي وأنا أكلمك.""}]","[""لو باتحلب البقْرة شطْ قدا وجهها""]","[""action"", ""body language"", ""look""]","الكلمة: شَطّ (شط)
الجذر: شطط
الفصحى: التفت / نظر جانباً
المعنى: فعل يعني الالتفات بالوجه أو النظر إلى جهة معينة.
المرادفات: لفت، قبّل
مثال: شط قداي وأنا أكلمك.
الوسوم: action، body language، look"
467,الشَّمْسَة,الشمسة,alshmsh,شمس,Noun,object,منور السقف,فتحة دائرية أو مربعة في سقف البيت للإضاءة والتهوية.,general,"[""منور"", ""ضواية""]",[],,قاموس اللهجة الحضرمية - فهد بن هلابي - ص 73,"[{""f"": ""ضوء الشمس يدخل من منور السقف."", ""h"": ""نور الشمس داخل من الشمسة.""}]",[],"[""architecture"", ""house"", ""light""]","الكلمة: الشَّمْسَة (الشمسة)
الجذر: شمس
الفصحى: منور السقف
المعنى: فتحة دائرية أو مربعة في سقف البيت للإضاءة والتهوية.
المرادفات: منور، ضواية
مثال: نور الشمس داخل من الشمسة.
الوسوم: architecture، house، light"
468,الشَّوْل,الشول,alshwl,شول,Noun,object,وعاء جلدي للماء,وعاء من جلد الماعز يعلق أمام النوافذ لتبريد ماء الشرب.,general,"[""قربة صغيرة""]",[],كان يستخدم قديماً قبل انتشار الثلاجات.,قاموس اللهجة الحضرمية - فهد بن هلابي - ص 73,"[{""f"": ""ماء الوعاء الجلدي بارد يطفئ العطش."", ""h"": ""ماء الشول بارد يروي العطش.""}]",[],"[""tools"", ""water"", ""animal""]","الكلمة: الشَّوْل (الشول)
الجذر: شول
الفصحى: وعاء جلدي للماء
المعنى: وعاء من جلد الماعز يعلق أمام النوافذ لتبريد ماء الشرب.
المرادفات: قربة صغيرة
مثال: ماء الشول بارد يروي العطش.
الوسوم: tools، water، animal
ملاحظة: كان يستخدم قديماً قبل انتشار الثلاجات."
469,الشَّرْبِيعَة,الشربيعة,alshrby3h,شربع,Noun,object,سلم خشبي,سلم مصنوع من الخشب يستخدم للصعود للسطوح (الريوم) أو في النخل.,general,"[""مرقاة"", ""سلم""]",[],,قاموس اللهجة الحضرمية - فهد بن هلابي - ص 74,"[{""f"": ""صعد في السلم الخشبي إلى السطح."", ""h"": ""طلع في الشربيعة للسطوح.""}]",[],"[""tools"", ""agriculture""]","الكلمة: الشَّرْبِيعَة (الشربيعة)
الجذر: شربع
الفصحى: سلم خشبي
المعنى: سلم مصنوع من الخشب يستخدم للصعود للسطوح (الريوم) أو في النخل.
المرادفات: مرقاة، سلم
مثال: طلع في الشربيعة للسطوح.
الوسوم: tools، agriculture"
470,شقَب,شقب,shqb,شقب,Adjective/Noun,emotion,نحس / شؤم,وصف للشيء أو الشخص الذي يجلب النحس.,general,"[""نحس"", ""شؤم""]",[],بكسر الشين والقاف,قاموس اللهجة الحضرمية - فهد بن هلابي - ص 74,"[{""f"": ""هذا اليوم فيه نحس منذ بدايته."", ""h"": ""هذا اليوم فيه شقب من أوله.""}]",[],"[""description"", ""emotions"", ""bad luck""]","الكلمة: شقَب (شقب)
الجذر: شقب
الفصحى: نحس / شؤم
المعنى: وصف للشيء أو الشخص الذي يجلب النحس.
المرادفات: نحس، شؤم
مثال: هذا اليوم فيه شقب من أوله.
الوسوم: description، emotions، bad luck
ملاحظة: بكسر الشين والقاف"
471,شنَق,شنق,shnq,شنق,Adjective,descriptor,أحول العينين,وصف للشخص الذي تعاني عيناه من الحول.,general,"[""أحول""]",[],بكسر الشين,قاموس اللهجة الحضرمية - فهد بن هلابي - ص 74,"[{""f"": ""هذا الرجل أحول لا ينظر بشكل مستقيم."", ""h"": ""الرجال هذا شنق ما يشوف مستقيم.""}]",[],"[""description"", ""health"", ""eye""]","الكلمة: شنَق (شنق)
الجذر: شنق
الفصحى: أحول العينين
المعنى: وصف للشخص الذي تعاني عيناه من الحول.
المرادفات: أحول
مثال: الرجال هذا شنق ما يشوف مستقيم.
الوسوم: description، health، eye
ملاحظة: بكسر الشين"
472,شَيْذَر,شيذر,shydhr,شذر,Noun,object,إزار غير مخيط,نوع من أنواع الأُزُر الرجالية يكون مفتوحاً (غير مخيط دائرياً) ويتميز بنعومته.,general,"[""إزار"", ""معوز""]",[],يختلف عن 'المعوز' في طريقة خياطته وزهلقته.,قاموس اللهجة الحضرمية - فهد بن هلابي - ص 74,"[{""f"": ""اشتريت إزاراً غير مخيط للعيد."", ""h"": ""اشتريت شيذر جديد للعيد.""}]",[],"[""clothing"", ""daily life""]","الكلمة: شَيْذَر (شيذر)
الجذر: شذر
الفصحى: إزار غير مخيط
المعنى: نوع من أنواع الأُزُر الرجالية يكون مفتوحاً (غير مخيط دائرياً) ويتميز بنعومته.
المرادفات: إزار، معوز
مثال: اشتريت شيذر جديد للعيد.
الوسوم: clothing، daily life
ملاحظة: يختلف عن 'المعوز' في طريقة خياطته وزهلقته."
473,شِبِر,شبر,shbr,شبر,Noun,object,وحدة قياس (شبر),المسافة بين طرف الإبهام وطرف الخنصر عند فتح اليد (حوالي 24 سم).,general,"[""قياس باليد""]",[],,قاموس اللهجة الحضرمية - فهد بن هلابي - ص 74,"[{""f"": ""قم بقياس الخشبة باستخدام الشبر."", ""h"": ""قس الخشبة بالشبر.""}]",[],"[""measurements"", ""hand""]","الكلمة: شِبِر (شبر)
الجذر: شبر
الفصحى: وحدة قياس (شبر)
المعنى: المسافة بين طرف الإبهام وطرف الخنصر عند فتح اليد (حوالي 24 سم).
المرادفات: قياس باليد
مثال: قس الخشبة بالشبر.
الوسوم: measurements، hand"
474,الشِّيتَة,الشيتة,alshyth,شيت,Noun,object,ثوب نسائي أسود,ثوب نسائي مائل للسواد بنقشات معينة، تلبسه النساء كبيرات السن.,general,"[""ثوب"", ""دقلة""]",[],بشد الشين,قاموس اللهجة الحضرمية - فهد بن هلابي - ص 74,"[{""f"": ""جدتي تلبس الثوب الأسود المنقوش دائماً."", ""h"": ""جدتي تلبس الشيتة دائماً.""}]",[],"[""clothing"", ""women"", ""dress""]","الكلمة: الشِّيتَة (الشيتة)
الجذر: شيت
الفصحى: ثوب نسائي أسود
المعنى: ثوب نسائي مائل للسواد بنقشات معينة، تلبسه النساء كبيرات السن.
المرادفات: ثوب، دقلة
مثال: جدتي تلبس الشيتة دائماً.
الوسوم: clothing، women، dress
ملاحظة: بشد الشين"
475,شَطَر,شطر,shTr,شطر,Noun,object,نصف مكيال,وحدة مكيال تساوي نصف 'مصرى' أو نصف مكيال طعام.,general,"[""نصف كيل""]",[],,قاموس اللهجة الحضرمية - فهد بن هلابي - ص 74,"[{""f"": ""أعطني نصف مكيال من القمح."", ""h"": ""أعطني شطر من البر.""}]","[""إذا بينك وبين الفقر شطر طيره""]","[""measurements"", ""food"", ""bread""]","الكلمة: شَطَر (شطر)
الجذر: شطر
الفصحى: نصف مكيال
المعنى: وحدة مكيال تساوي نصف 'مصرى' أو نصف مكيال طعام.
المرادفات: نصف كيل
مثال: أعطني شطر من البر.
الوسوم: measurements، food، bread"
476,الشَّخْط,الشخط,alshkhT,شخط,Noun,object,كبريت / عود ثقاب,أعواد الثقاب المستخدمة لإيقاد النار.,general,"[""كبريت"", ""ثقاب""]",[],,قاموس اللهجة الحضرمية - فهد بن هلابي - ص 74,"[{""f"": ""أحضر الكبريت لنوقد النار."", ""h"": ""هات الشخط با نشب الضوء.""}]",[],"[""tools"", ""daily life"", ""fire""]","الكلمة: الشَّخْط (الشخط)
الجذر: شخط
الفصحى: كبريت / عود ثقاب
المعنى: أعواد الثقاب المستخدمة لإيقاد النار.
المرادفات: كبريت، ثقاب
مثال: هات الشخط با نشب الضوء.
الوسوم: tools، daily life، fire"
477,الشِّبْرِم,الشبرم,alshbrm,شبرم,Noun,object,كزبرة / بقدونس,أوراق خضراء عطرية تضاف للأكل للنكهة (الكزبرة عند البعض).,general,"[""كزبرة""]",[],,قاموس اللهجة الحضرمية - فهد بن هلابي - ص 75,"[{""f"": ""قطع الكزبرة فوق الخضره (الإدام)."", ""h"": ""قطع الشبرم فوق الصانه.""}]",[],"[""food"", ""nature""]","الكلمة: الشِّبْرِم (الشبرم)
الجذر: شبرم
الفصحى: كزبرة / بقدونس
المعنى: أوراق خضراء عطرية تضاف للأكل للنكهة (الكزبرة عند البعض).
المرادفات: كزبرة
مثال: قطع الشبرم فوق الصانه.
الوسوم: food، nature"
478,الشَّرْح,الشرح,alshrH,شرح,Noun,object,رقصة حضرمية,نوع شهير من الرقصات الشعبية الحضرمية يؤدى في المناسبات.,general,"[""رقص شعبي""]",[],,قاموس اللهجة الحضرمية - فهد بن هلابي - ص 75,"[{""f"": ""الليلة توجد رقصة شعبية في الحي."", ""h"": ""الليلة في شرح في الحافة.""}]",[],"[""culture"", ""social customs"", ""dance""]","الكلمة: الشَّرْح (الشرح)
الجذر: شرح
الفصحى: رقصة حضرمية
المعنى: نوع شهير من الرقصات الشعبية الحضرمية يؤدى في المناسبات.
المرادفات: رقص شعبي
مثال: الليلة في شرح في الحافة.
الوسوم: culture، social customs، dance"
479,الشَّخَر,الشخر,alshkhr,شخر,Noun,object,حطب شائك,الحطب الذي يكثر فيه الشوك ويستخدم للوقود.,general,"[""حطب""]",[],,قاموس اللهجة الحضرمية - فهد بن هلابي - ص 75,"[{""f"": ""جمعنا بعض الحطب الشائك للطبخ."", ""h"": ""جمعنا شوية شخر للطبخ.""}]",[],"[""nature"", ""tools"", ""fire""]","الكلمة: الشَّخَر (الشخر)
الجذر: شخر
الفصحى: حطب شائك
المعنى: الحطب الذي يكثر فيه الشوك ويستخدم للوقود.
المرادفات: حطب
مثال: جمعنا شوية شخر للطبخ.
الوسوم: nature، tools، fire"
480,شِوَي,شوي,shwy,شوي,Adverb,time,قليلاً,تستخدم لتدل على الكمية القليلة أو الوقت القصير.,general,"[""قليل"", ""هبشة""]",[],,قاموس اللهجة الحضرمية - فهد بن هلابي - ص 75,"[{""f"": ""انتظرني قليلاً."", ""h"": ""اصبر عليّ شوي.""}]",[],"[""measurements"", ""time"", ""little""]","الكلمة: شِوَي (شوي)
الجذر: شوي
الفصحى: قليلاً
المعنى: تستخدم لتدل على الكمية القليلة أو الوقت القصير.
المرادفات: قليل، هبشة
مثال: اصبر عليّ شوي.
الوسوم: measurements، time، little"
481,الشَّحْرَة,الشحرة,alshHrh,شحر,Noun,object,مجرى السيل الجبلي,مكان في الجبل ينزل منه السيل باتجاه الوادي.,general,"[""مجرى سيل""]",[],,قاموس اللهجة الحضرمية - فهد بن هلابي - ص 75,"[{""f"": ""اندفع السيل من المجرى الجبلي بقوة."", ""h"": ""السيل نزل من الشحرة بقوة.""}]",[],"[""nature"", ""water"", ""river""]","الكلمة: الشَّحْرَة (الشحرة)
الجذر: شحر
الفصحى: مجرى السيل الجبلي
المعنى: مكان في الجبل ينزل منه السيل باتجاه الوادي.
المرادفات: مجرى سيل
مثال: السيل نزل من الشحرة بقوة.
الوسوم: nature، water، river"
482,الشَّال,الشال,alshal,شول,Noun,object,وشاح صوفي,وشاح من الصوف يوضع على الكتف أو الرأس للتدفئة في الشتاء.,general,"[""وشاح""]",[],,قاموس اللهجة الحضرمية - فهد بن هلابي - ص 75,"[{""f"": ""وضع الوشاح الصوفي على كتفه."", ""h"": ""طرح الشال على كتفه.""}]",[],"[""clothing"", ""winter"", ""fur""]","الكلمة: الشَّال (الشال)
الجذر: شول
الفصحى: وشاح صوفي
المعنى: وشاح من الصوف يوضع على الكتف أو الرأس للتدفئة في الشتاء.
المرادفات: وشاح
مثال: طرح الشال على كتفه.
الوسوم: clothing، winter، fur"
483,الشَّرَاشِر,الشراشر,alshrashr,شرشر,Noun,object,بطيخ صغير جداً,نوع من أنواع البطيخ (الحبحب) يتميز بحجمه الصغير جداً.,general,"[""بطيخ صغير""]",[],,قاموس اللهجة الحضرمية - فهد بن هلابي - ص 75,"[{""f"": ""وجدنا بطيخاً صغيراً في المزرعة اليوم."", ""h"": ""لقينا شراشر في المزرعة اليوم.""}]",[],"[""agriculture"", ""food"", ""pineapple""]","الكلمة: الشَّرَاشِر (الشراشر)
الجذر: شرشر
الفصحى: بطيخ صغير جداً
المعنى: نوع من أنواع البطيخ (الحبحب) يتميز بحجمه الصغير جداً.
المرادفات: بطيخ صغير
مثال: لقينا شراشر في المزرعة اليوم.
الوسوم: agriculture، food، pineapple"
484,الشِّلِنْق,الشلنق,alshlnq,شلنق,Noun,object,عشرة عانات (عملة),عملة قديمة كانت تستخدم في الجنوب، قيمتها عشر عانات.,general,"[""عملة قديمة""]",[],تستخدم حالياً مجازاً للتعبير عن القيمة المالية البسيطة.,قاموس اللهجة الحضرمية - فهد بن هلابي - ص 75,"[{""f"": ""لم يعد يساوي شيئاً (تعبير عن قلة القيمة)."", ""h"": ""ما عاد يسوى شلنق.""}]",[],"[""history"", ""money"", ""old""]","الكلمة: الشِّلِنْق (الشلنق)
الجذر: شلنق
الفصحى: عشرة عانات (عملة)
المعنى: عملة قديمة كانت تستخدم في الجنوب، قيمتها عشر عانات.
المرادفات: عملة قديمة
مثال: ما عاد يسوى شلنق.
الوسوم: history، money، old
ملاحظة: تستخدم حالياً مجازاً للتعبير عن القيمة المالية البسيطة."
485,مِنْخَاش,منخاش,mnkhash,نخش,Noun,object,عود تنظيف الأسنان,عود خشبي صغير يستخدم لتنظيف ما بين الأسنان من بقايا الطعام.,general,"[""خلة أسنان""]",[],,قاموس اللهجة الحضرمية - فهد بن هلابي - ص 75,"[{""f"": ""أحضر لي عود تنظيف الأسنان بعد الأكل."", ""h"": ""هات لي منخاش بعد الأكل.""}]",[],"[""tools"", ""daily life"", ""teeth""]","الكلمة: مِنْخَاش (منخاش)
الجذر: نخش
الفصحى: عود تنظيف الأسنان
المعنى: عود خشبي صغير يستخدم لتنظيف ما بين الأسنان من بقايا الطعام.
المرادفات: خلة أسنان
مثال: هات لي منخاش بعد الأكل.
الوسوم: tools، daily life، teeth"
486,المِشْعَبَة,المشعبة,almsh3bh,شعب,Noun,object,سلم خشبي (مرقاة),سلم بسيط من الخشب يستخدم للتسلق.,general,"[""شربيعة""]",[],,قاموس اللهجة الحضرمية - فهد بن هلابي - ص 75,"[{""f"": ""ضع السلم الخشبي أمام السور."", ""h"": ""حط المشعبة قبال السور.""}]",[],"[""tools"", ""wood""]","الكلمة: المِشْعَبَة (المشعبة)
الجذر: شعب
الفصحى: سلم خشبي (مرقاة)
المعنى: سلم بسيط من الخشب يستخدم للتسلق.
المرادفات: شربيعة
مثال: حط المشعبة قبال السور.
الوسوم: tools، wood"
487,الشَّلْحَة,الشلحة,alshlHh,شلح,Noun,object,تنورة داخلية,لباس داخلي تلبسه المرأة تحت الثوب، يمتد من الكتف إلى ما تحت الركبة.,general,"[""لباس داخلي""]",[],,قاموس اللهجة الحضرمية - فهد بن هلابي - ص 76,"[{""f"": ""تلبس التنورة الداخلية تحت الثوب الحضرمي."", ""h"": ""تلبس الشلحة تحت الدرع.""}]",[],"[""clothing"", ""women"", ""dress""]","الكلمة: الشَّلْحَة (الشلحة)
الجذر: شلح
الفصحى: تنورة داخلية
المعنى: لباس داخلي تلبسه المرأة تحت الثوب، يمتد من الكتف إلى ما تحت الركبة.
المرادفات: لباس داخلي
مثال: تلبس الشلحة تحت الدرع.
الوسوم: clothing، women، dress"
488,شَزَر,شزر,shzr,شزر,Noun,object,وحدة قياس,وحدة قياس تقليدية تستخدم لتقدير الأطوال.,general,"[""قياس""]",[],,قاموس اللهجة الحضرمية - فهد بن هلابي - ص 76,"[{""f"": ""قم بقياس المسافة بوحدة الشزر."", ""h"": ""قيس المسافة بالشزر.""}]",[],"[""measurements"", ""length""]","الكلمة: شَزَر (شزر)
الجذر: شزر
الفصحى: وحدة قياس
المعنى: وحدة قياس تقليدية تستخدم لتقدير الأطوال.
المرادفات: قياس
مثال: قيس المسافة بالشزر.
الوسوم: measurements، length"
489,الشَّوَى,الشوى,alshwa,شوي,Noun,object,البطن / الأحشاء,تستخدم للإشارة إلى منطقة البطن أو الأمعاء.,general,"[""بطن"", ""كرش""]",[],,قاموس اللهجة الحضرمية - فهد بن هلابي - ص 76,"[{""f"": ""بطنه تؤلمه من كثرة الأكل."", ""h"": ""شواه توجعه من كثر الأكل.""}]","[""إذا شبعت غط شواك""]","[""body parts"", ""health"", ""stomach""]","الكلمة: الشَّوَى (الشوى)
الجذر: شوي
الفصحى: البطن / الأحشاء
المعنى: تستخدم للإشارة إلى منطقة البطن أو الأمعاء.
المرادفات: بطن، كرش
مثال: شواه توجعه من كثر الأكل.
الوسوم: body parts، health، stomach"
490,الشَّمِيز,الشميز,alshmyz,شمز,Noun,object,قميص رجالي,القميص الذي يلبسه الرجل فوق الإزار أو السروال.,general,"[""قميص""]",[],الكلمة مأخوذة من 'Chemise' الفرنسية أو الإنجليزية.,قاموس اللهجة الحضرمية - فهد بن هلابي - ص 76,"[{""f"": ""لبس قميصاً أبيض في حفل الزفاف."", ""h"": ""لبس شميز أبيض في العرس.""}]",[],"[""clothing"", ""man""]","الكلمة: الشَّمِيز (الشميز)
الجذر: شمز
الفصحى: قميص رجالي
المعنى: القميص الذي يلبسه الرجل فوق الإزار أو السروال.
المرادفات: قميص
مثال: لبس شميز أبيض في العرس.
الوسوم: clothing، man
ملاحظة: الكلمة مأخوذة من 'Chemise' الفرنسية أو الإنجليزية."
491,الشِّمْرَاخ,الشمراخ,alshmrakh,شمرخ,Noun,object,عذق التمر,الغصن الصغير الذي يحمل حبات التمر في العذق (الخيل).,general,"[""عذق صغير""]",[],,قاموس اللهجة الحضرمية - فهد بن هلابي - ص 76,"[{""f"": ""خذ غصناً من التمر وكله."", ""h"": ""شل لك شمراخ تمر كله.""}]",[],"[""agriculture"", ""nature"", ""tree""]","الكلمة: الشِّمْرَاخ (الشمراخ)
الجذر: شمرخ
الفصحى: عذق التمر
المعنى: الغصن الصغير الذي يحمل حبات التمر في العذق (الخيل).
المرادفات: عذق صغير
مثال: شل لك شمراخ تمر كله.
الوسوم: agriculture، nature، tree"
492,شَبّ,شب,shb,شبب,Verb,action,أوقد / أشعل,فعل يعني إشعال النار وجعلها تتقد.,general,"[""أشعل"", ""ولّع""]",[],,قاموس اللهجة الحضرمية - فهد بن هلابي - ص 76,"[{""f"": ""أوقد النار لنصنع الشاي."", ""h"": ""شب الضوء با نسوي شاهي.""}]",[],"[""action"", ""daily life"", ""fire""]","الكلمة: شَبّ (شب)
الجذر: شبب
الفصحى: أوقد / أشعل
المعنى: فعل يعني إشعال النار وجعلها تتقد.
المرادفات: أشعل، ولّع
مثال: شب الضوء با نسوي شاهي.
الوسوم: action، daily life، fire"
493,شَاف,شاف,shaf,شوف,Verb,action,رأى / نظر,فعل يعني الرؤية بالعين.,general,"[""بصر"", ""نظر""]",[],,قاموس اللهجة الحضرمية - فهد بن هلابي - ص 76,"[{""f"": ""رأيته بالأمس في السوق."", ""h"": ""شفته أمس في السوق.""}]",[],"[""action"", ""sight""]","الكلمة: شَاف (شاف)
الجذر: شوف
الفصحى: رأى / نظر
المعنى: فعل يعني الرؤية بالعين.
المرادفات: بصر، نظر
مثال: شفته أمس في السوق.
الوسوم: action، sight"
494,شَعَق,شعق,sh3q,شعق,Verb,action,مزق / خرق,فعل يعني تمزيق الثوب أو الورق أو إحداث خرق فيه.,general,"[""شق"", ""مزق""]",[],بضم الشين والعين,قاموس اللهجة الحضرمية - فهد بن هلابي - ص 76,"[{""f"": ""مزق ثوبه وهو يلعب."", ""h"": ""شعق ثوبه وهو يلعب.""}, {""f"": ""مزق اطار السيكل."", ""h"": "" شعق التاير حق السيكل.""}]",[],"[""action"", ""clothing"", ""bicycle""]","الكلمة: شَعَق (شعق)
الجذر: شعق
الفصحى: مزق / خرق
المعنى: فعل يعني تمزيق الثوب أو الورق أو إحداث خرق فيه.
المرادفات: شق، مزق
مثال: شعق ثوبه وهو يلعب.
الوسوم: action، clothing، bicycle
ملاحظة: بضم الشين والعين"
495,الصَّبَاطَة,الصباطه,alSbaTh,صبط,Noun,object,معالجة النورة (الجير),عملية ضرب ومعالجة مادة النورة بعد استخراجها لتصبح ناعمة وبيضاء.,general,"[""تنعيم النورة""]",[],من مهن البناء التقليدية في حضرموت.,قاموس اللهجة الحضرمية - فهد بن هلابي - ص 77,"[{""f"": ""العمال يعالجون الجير (النورة) لتنعيمه."", ""h"": ""العمال يقون الصباطة للنورة.""}]",[],"[""jobs"", ""building"", ""construction""]","الكلمة: الصَّبَاطَة (الصباطه)
الجذر: صبط
الفصحى: معالجة النورة (الجير)
المعنى: عملية ضرب ومعالجة مادة النورة بعد استخراجها لتصبح ناعمة وبيضاء.
المرادفات: تنعيم النورة
مثال: العمال يقون الصباطة للنورة.
الوسوم: jobs، building، construction
ملاحظة: من مهن البناء التقليدية في حضرموت."
496,شَنَّة,شنه,shnh,شنن,Noun,object,وعاء جلدي قديم,قربة قديمة بالية من الجلد تستخدم لحفظ الماء وتبريده.,general,"[""قربة""]",[],تختلف عن الشول بأنها غالباً ما تكون أقدم أو أكبر.,قاموس اللهجة الحضرمية - فهد بن هلابي - ص 77,"[{""f"": ""الماء في القربة الجلدية بارد جداً."", ""h"": ""الماء في الشنة بارد جداً.""}]",[],"[""tools"", ""water"", ""jar""]","الكلمة: شَنَّة (شنه)
الجذر: شنن
الفصحى: وعاء جلدي قديم
المعنى: قربة قديمة بالية من الجلد تستخدم لحفظ الماء وتبريده.
المرادفات: قربة
مثال: الماء في الشنة بارد جداً.
الوسوم: tools، water، jar
ملاحظة: تختلف عن الشول بأنها غالباً ما تكون أقدم أو أكبر."
497,الشَّارِح,الشارح,alsharH,شرح,Noun,object,خبير النخيل,المزارع المتخصص في رعاية النخيل (تلقيح، تنظيف، حصاد).,general,"[""مزارع نخيل"", ""خبير""]",[],,قاموس اللهجة الحضرمية - فهد بن هلابي - ص 77,"[{""f"": ""أحضروا خبير النخيل ليعتني بالنخيل."", ""h"": ""جابوا الشارح يصلح النخل.""}]",[],"[""jobs"", ""agriculture"", ""palm tree""]","الكلمة: الشَّارِح (الشارح)
الجذر: شرح
الفصحى: خبير النخيل
المعنى: المزارع المتخصص في رعاية النخيل (تلقيح، تنظيف، حصاد).
المرادفات: مزارع نخيل، خبير
مثال: جابوا الشارح يصلح النخل.
الوسوم: jobs، agriculture، palm tree"
498,الشَّقَى,الشقى,alshqa,شقي,Noun,object,الأجر اليومي,المبلغ المالي الذي يتقاضاه العامل مقابل عمل يوم واحد.,general,"[""أجرة"", ""تعب""]",[],,قاموس اللهجة الحضرمية - فهد بن هلابي - ص 77,"[{""f"": ""أعطى العمال أجرهم اليومي."", ""h"": ""أعطى العمال شقاهم.""}]",[],"[""jobs"", ""money"", ""daily life""]","الكلمة: الشَّقَى (الشقى)
الجذر: شقي
الفصحى: الأجر اليومي
المعنى: المبلغ المالي الذي يتقاضاه العامل مقابل عمل يوم واحد.
المرادفات: أجرة، تعب
مثال: أعطى العمال شقاهم.
الوسوم: jobs، money، daily life"
499,الصَّلُول,الصلول,alSlwl,صلل,Noun,emotion,آلام المفاصل,وجع يصيب المفاصل أو العضلات، خاصة في الظهر أو الجوانب.,general,"[""ألم"", ""وجع""]",[],,قاموس اللهجة الحضرمية - فهد بن هلابي - ص 78,"[{""f"": ""أشعر بألم في مفاصلي وظهري اليوم."", ""h"": ""فيني صلول في ظهري اليوم.""}]",[],"[""health"", ""emotions"", ""back"", ""leg""]","الكلمة: الصَّلُول (الصلول)
الجذر: صلل
الفصحى: آلام المفاصل
المعنى: وجع يصيب المفاصل أو العضلات، خاصة في الظهر أو الجوانب.
المرادفات: ألم، وجع
مثال: فيني صلول في ظهري اليوم.
الوسوم: health، emotions، back، leg"
500,الصَّمِيل,الصميل,alSmyl,صمل,Noun,object,عصا غليظة,عصا قوية وغليظة تستخدم للضرب أو التوكؤ.,general,"[""عصا"", ""هراوة""]",[],,قاموس اللهجة الحضرمية - فهد بن هلابي - ص 78,"[{""f"": ""أخذ العصا الغليظة معه ليخيف الكلاب."", ""h"": ""شل الصميل معه ليفزع الكلاب.""}]",[],"[""tools"", ""stick""]","الكلمة: الصَّمِيل (الصميل)
الجذر: صمل
الفصحى: عصا غليظة
المعنى: عصا قوية وغليظة تستخدم للضرب أو التوكؤ.
المرادفات: عصا، هراوة
مثال: شل الصميل معه ليفزع الكلاب.
الوسوم: tools، stick"
501,الصَّلِيق,الصليق,alSlyq,صلق,Noun,object,زغاريد,الأصوات التي تطلقها النساء في الأفراح تعبيراً عن البهجة.,general,"[""زغاريد"", ""يباب""]",[],,قاموس اللهجة الحضرمية - فهد بن هلابي - ص 78,"[{""f"": ""سمعنا زغاريد النساء من بيت الجيران."", ""h"": ""سمعنا صليق الحريم من بيت الجيران.""}]",[],"[""culture"", ""social customs""]","الكلمة: الصَّلِيق (الصليق)
الجذر: صلق
الفصحى: زغاريد
المعنى: الأصوات التي تطلقها النساء في الأفراح تعبيراً عن البهجة.
المرادفات: زغاريد، يباب
مثال: سمعنا صليق الحريم من بيت الجيران.
الوسوم: culture، social customs"
502,الصَّنْبَعَة,الصنبعة,alSnb3h,صنبع,Noun,object,مزلاج خشبي,قطعة خشبية تستخدم لقفل الأبواب من الداخل.,general,"[""قفل"", ""مزلاج""]",[],تعتبر من الأقفال التقليدية القديمة.,قاموس اللهجة الحضرمية - فهد بن هلابي - ص 78,"[{""f"": ""أقفل الباب بالمزلاج الخشبي قبل أن تنام."", ""h"": ""صنبع الباب قبل ما ترقد.""}]",[],"[""tools"", ""house"", ""door""]","الكلمة: الصَّنْبَعَة (الصنبعة)
الجذر: صنبع
الفصحى: مزلاج خشبي
المعنى: قطعة خشبية تستخدم لقفل الأبواب من الداخل.
المرادفات: قفل، مزلاج
مثال: صنبع الباب قبل ما ترقد.
الوسوم: tools، house، door
ملاحظة: تعتبر من الأقفال التقليدية القديمة."
503,الصِّبْيَان,الصبيان,alSbyan,صبي,Noun,person,مساعدو العرسان,مجموعة من الأشخاص يقومون بخدمة العريس وتجهيزه في ليلة الزفاف.,general,"[""مساعد""]",[],مصطلح اجتماعي مرتبط بطبقات معينة كانت تقوم بهذه المهنة قديماً.,قاموس اللهجة الحضرمية - فهد بن هلابي - ص 78,"[{""f"": ""المساعدون يجهزون العريس لمراسم الزفاف."", ""h"": ""الصبيان يجهزون العريس للحراوة.""}]",[],"[""social customs"", ""marriage"", ""help""]","الكلمة: الصِّبْيَان (الصبيان)
الجذر: صبي
الفصحى: مساعدو العرسان
المعنى: مجموعة من الأشخاص يقومون بخدمة العريس وتجهيزه في ليلة الزفاف.
المرادفات: مساعد
مثال: الصبيان يجهزون العريس للحراوة.
الوسوم: social customs، marriage، help
ملاحظة: مصطلح اجتماعي مرتبط بطبقات معينة كانت تقوم بهذه المهنة قديماً."
504,صَنِي,صني,Sny,صني,Noun,object,بساط سعفي للنوافذ,بساط من سعف النخيل يوضع على النوافذ في الشتاء لمنع دخول الهواء البارد.,general,"[""بساط سعفي""]",[],,قاموس اللهجة الحضرمية - فهد بن هلابي - ص 78,"[{""f"": ""ركب البساط السعفي على النافذة، الجو بارد."", ""h"": ""ركب الصني على الخلاف الجو برد.""}]",[],"[""agriculture"", ""winter"", ""window""]","الكلمة: صَنِي (صني)
الجذر: صني
الفصحى: بساط سعفي للنوافذ
المعنى: بساط من سعف النخيل يوضع على النوافذ في الشتاء لمنع دخول الهواء البارد.
المرادفات: بساط سعفي
مثال: ركب الصني على الخلاف الجو برد.
الوسوم: agriculture، winter، window"
505,الصَّفَافَة,الصفافة,alSfafh,صفف,Noun/Verb,person,نقل أثاث العروس,عملية نقل وترتيب أثاث ومتاع العروس من بيت أهلها إلى بيتها الجديد.,general,"[""زفاف الأثاث""]",[],تتم عادة قبل ليلة العرس بيوم أو يومين.,قاموس اللهجة الحضرمية - فهد بن هلابي - ص 78,"[{""f"": ""اليوم يتم نقل وترتيب أثاث بيت فلان (العروس)."", ""h"": ""اليوم صفافة بيت فلان.""}]",[],"[""social customs"", ""marriage"", ""furniture""]","الكلمة: الصَّفَافَة (الصفافة)
الجذر: صفف
الفصحى: نقل أثاث العروس
المعنى: عملية نقل وترتيب أثاث ومتاع العروس من بيت أهلها إلى بيتها الجديد.
المرادفات: زفاف الأثاث
مثال: اليوم صفافة بيت فلان.
الوسوم: social customs، marriage، furniture
ملاحظة: تتم عادة قبل ليلة العرس بيوم أو يومين."
506,الصَّنِي,الصني,alSny,صني,Noun,object,طعم الصيد,الطعم الذي يوضع في السنارة لجذب الأسماك عند الاصطياد.,general,"[""طعم""]",[],تستخدم نفس الكلمة السابقة لكن بمعنى مختلف تماماً.,قاموس اللهجة الحضرمية - فهد بن هلابي - ص 79,"[{""f"": ""ضع الطعم في سنارة الصيد."", ""h"": ""حط الصني في السنارة.""}]",[],"[""sea"", ""daily life""]","الكلمة: الصَّنِي (الصني)
الجذر: صني
الفصحى: طعم الصيد
المعنى: الطعم الذي يوضع في السنارة لجذب الأسماك عند الاصطياد.
المرادفات: طعم
مثال: حط الصني في السنارة.
الوسوم: sea، daily life
ملاحظة: تستخدم نفس الكلمة السابقة لكن بمعنى مختلف تماماً."
507,الصُّوَيْر,الصوير,alSwyr,صور,Adjective,descriptor,الأطرش / الأصم,وصف للشخص الذي فقد حاسة السمع.,general,"[""أصم"", ""أطرش""]",[],,قاموس اللهجة الحضرمية - فهد بن هلابي - ص 79,"[{""f"": ""لا تناديه، الرجل يسوي نفسه أصم."", ""h"": ""لا تناديه، الرجال يتصور.""}]",[],"[""description"", ""health"", ""deaf""]","الكلمة: الصُّوَيْر (الصوير)
الجذر: صور
الفصحى: الأطرش / الأصم
المعنى: وصف للشخص الذي فقد حاسة السمع.
المرادفات: أصم، أطرش
مثال: لا تناديه، الرجال يتصور.
الوسوم: description، health، deaf"
508,الصَّمَّار,الصمار,alSmar,صمر,Noun,object,وعاء جلدي (للعسل والزيت),إناء قوي ومحكم مصنوع من الجلد، له فتحة واحدة، مخصص لحفظ العسل أو الزيت.,general,"[""وعاء""]",[],,قاموس اللهجة الحضرمية - فهد بن هلابي - ص 79,"[{""f"": ""عسل محفوظ في الوعاء الجلدي."", ""h"": ""عسل في الصمار.""}]","[""فلان صمار عسل"", ""النخر مثل الصمار""]","[""tools"", ""food"", ""jar""]","الكلمة: الصَّمَّار (الصمار)
الجذر: صمر
الفصحى: وعاء جلدي (للعسل والزيت)
المعنى: إناء قوي ومحكم مصنوع من الجلد، له فتحة واحدة، مخصص لحفظ العسل أو الزيت.
المرادفات: وعاء
مثال: عسل في الصمار.
الوسوم: tools، food، jar"
509,صَاع,صاع,Sa3,صوع,Noun,object,مكيال (صاع),وحدة مكيال تقليدية معروفة منذ القدم لقياس الحبوب.,general,"[""مكيال""]",[],,قاموس اللهجة الحضرمية - فهد بن هلابي - ص 79,"[{""f"": ""اشترى صاعين من القمح."", ""h"": ""اشترى صاعين بر.""}]",[],"[""measurements"", ""food""]","الكلمة: صَاع (صاع)
الجذر: صوع
الفصحى: مكيال (صاع)
المعنى: وحدة مكيال تقليدية معروفة منذ القدم لقياس الحبوب.
المرادفات: مكيال
مثال: اشترى صاعين بر.
الوسوم: measurements، food"
510,الصَّقَع,الصقع,alSq3,صقع,Adjective,descriptor,أصم / لا يسمع,وصف للشخص الذي لديه ضعف شديد في السمع أو أصم.,general,"[""صوير"", ""أطرش""]",[],,قاموس اللهجة الحضرمية - فهد بن هلابي - ص 79,"[{""f"": ""حدثه بصوت عالٍ، الرجل لديه صمم."", ""h"": ""كلمه بصوت عالي، الرجال فيه صقع.""}]",[],"[""description"", ""health"", ""deaf""]","الكلمة: الصَّقَع (الصقع)
الجذر: صقع
الفصحى: أصم / لا يسمع
المعنى: وصف للشخص الذي لديه ضعف شديد في السمع أو أصم.
المرادفات: صوير، أطرش
مثال: كلمه بصوت عالي، الرجال فيه صقع.
الوسوم: description، health، deaf"
511,الصُّبْحَة,الصبحة,alSbHh,صبح,Noun,person,صباحية العرس,الصباح الذي يلي ليلة العرس، وله طقوس معينة لزيارة العروسين.,general,"[""صباحية""]",[],,قاموس اللهجة الحضرمية - فهد بن هلابي - ص 79,"[{""f"": ""ذهبوا لبيت العريس في صباحية العرس."", ""h"": ""راحوا لبيت العريس في الصبحة.""}]",[],"[""social customs"", ""marriage"", ""morning""]","الكلمة: الصُّبْحَة (الصبحة)
الجذر: صبح
الفصحى: صباحية العرس
المعنى: الصباح الذي يلي ليلة العرس، وله طقوس معينة لزيارة العروسين.
المرادفات: صباحية
مثال: راحوا لبيت العريس في الصبحة.
الوسوم: social customs، marriage، morning"
512,شَنَق,شنق,shnq,شنق,Verb,action,أمال رأسه,فعل يعني إمالة الرأس للنظر بتركيز أو بشكل جانبي.,general,"[""أمال""]",[],تختلف عن شنق الإعدام، هنا تتعلق بحركة الرأس.,قاموس اللهجة الحضرمية - فهد بن هلابي - ص 79,"[{""f"": ""أمال رأسه يريد أن يرى ما في الداخل."", ""h"": ""شنق رأسه يبي يشوف وش داخل.""}]",[],"[""action"", ""sight""]","الكلمة: شَنَق (شنق)
الجذر: شنق
الفصحى: أمال رأسه
المعنى: فعل يعني إمالة الرأس للنظر بتركيز أو بشكل جانبي.
المرادفات: أمال
مثال: شنق رأسه يبي يشوف وش داخل.
الوسوم: action، sight
ملاحظة: تختلف عن شنق الإعدام، هنا تتعلق بحركة الرأس."
513,الصَّرَابَة,الصرابة,alSrabh,صرب,Noun,object,حصاد القمح,موسم حصاد البر (القمح) وقطع السبول، وتطلق أيضاً على المرأة التي تقوم بعملية الحصاد.,general,"[""حصاد""]",[],كلمة مرتبطة بالثقافة الزراعية التقليدية في أودية حضرموت.,قاموس اللهجة الحضرمية - فهد بن هلابي - ص 79,"[{""f"": ""اليوم بدأ حصاد القمح في المنطقة."", ""h"": ""اليوم بدأت الصرابة في البلاد.""}, {""f"": ""حصاد القمح متعب لكن فرحته كبيرة."", ""h"": ""الصرابة تعب لكن فرحتها كبيرة.""}]",[],"[""agriculture"", ""harvest""]","الكلمة: الصَّرَابَة (الصرابة)
الجذر: صرب
الفصحى: حصاد القمح
المعنى: موسم حصاد البر (القمح) وقطع السبول، وتطلق أيضاً على المرأة التي تقوم بعملية الحصاد.
المرادفات: حصاد
مثال: اليوم بدأت الصرابة في البلاد.
الوسوم: agriculture، harvest
ملاحظة: كلمة مرتبطة بالثقافة الزراعية التقليدية في أودية حضرموت."
514,صَبْر البئر,صبر البئر,Sbr alb'r,صبر,Noun,object,حافة البئر,الجزء العلوي أو الحافة المحيطة بفتحة البئر.,general,"[""حافة""]",[],يُحذر دائماً الأطفال من اللعب عند صبر البئر.,قاموس اللهجة الحضرمية - فهد بن هلابي - ص 79,"[{""f"": ""ضع الدلو على حافة البئر."", ""h"": ""حط الدلو على صبر البئر.""}]",[],"[""daily life"", ""architecture""]","الكلمة: صَبْر البئر (صبر البئر)
الجذر: صبر
الفصحى: حافة البئر
المعنى: الجزء العلوي أو الحافة المحيطة بفتحة البئر.
المرادفات: حافة
مثال: حط الدلو على صبر البئر.
الوسوم: daily life، architecture
ملاحظة: يُحذر دائماً الأطفال من اللعب عند صبر البئر."
515,الصَّارُون,الصارون,alSarwn,صرن,Noun,object,الإزار المخيط (الفوطة),نوع من الإزار الرجالي يكون مخيطاً بشكل دائري، يتميز بنقوشه المربعة وألوانه المتعددة.,general,"[""سارون"", ""فوطة""]",[],الكلمة ذات أصل إندونيسي (Sarong) انتقلت لحضرموت عبر الهجرة.,قاموس اللهجة الحضرمية - فهد بن هلابي - ص 79,"[{""f"": ""اشتريت إزاراً مخيطاً بنقشة يافعية."", ""h"": ""اشتريت صارون نقشة يافعية.""}, {""f"": ""الإزار المخيط أريح في اللبس من الإزار المفتوح."", ""h"": ""الصارون أريح في اللبس من الفوطة العادية.""}]",[],"[""daily life"", ""clothing"", ""sarong""]","الكلمة: الصَّارُون (الصارون)
الجذر: صرن
الفصحى: الإزار المخيط (الفوطة)
المعنى: نوع من الإزار الرجالي يكون مخيطاً بشكل دائري، يتميز بنقوشه المربعة وألوانه المتعددة.
المرادفات: سارون، فوطة
مثال: اشتريت صارون نقشة يافعية.
الوسوم: daily life، clothing، sarong
ملاحظة: الكلمة ذات أصل إندونيسي (Sarong) انتقلت لحضرموت عبر الهجرة."
516,الصُّدَيْرِيَّة,الصديرية,alSdyryh,صدر,Noun,object,لباس صدري للبنات,قطعة ملابس تلبسها الفتيات الصغيرات لتغطية الصدر قبل سن البلوغ.,general,[],[],لباس تقليدي كان شائعاً جداً في الماضي.,قاموس اللهجة الحضرمية - فهد بن هلابي - ص 79,"[{""f"": ""لبست البنت اللباس الصدري فوق الفستان."", ""h"": ""البنت لبست الصديرية فوق الثوب.""}]",[],"[""daily life"", ""clothing"", ""child""]","الكلمة: الصُّدَيْرِيَّة (الصديرية)
الجذر: صدر
الفصحى: لباس صدري للبنات
المعنى: قطعة ملابس تلبسها الفتيات الصغيرات لتغطية الصدر قبل سن البلوغ.
مثال: البنت لبست الصديرية فوق الثوب.
الوسوم: daily life، clothing، child
ملاحظة: لباس تقليدي كان شائعاً جداً في الماضي."
517,الصَّار - الصَّارَة,الصار,alSar  alSarh,صرر,Noun,object,نوع من ثمار النخيل,ثمار قاسية تشبه جوز الهند الصغير، لها قشرة حلوة ولب أبيض قاسٍ يؤكل.,general,[],[],تنتجها أنواع معينة من النخيل تتميز بسعف عريض كالكف.,قاموس اللهجة الحضرمية - فهد بن هلابي - ص 80,"[{""f"": ""أحضرنا ثمار الصار من النخلة."", ""h"": ""جبنا صار من نخلة الواشنطون.""}]",[],"[""agriculture"", ""nature"", ""dates""]","الكلمة: الصَّار - الصَّارَة (الصار)
الجذر: صرر
الفصحى: نوع من ثمار النخيل
المعنى: ثمار قاسية تشبه جوز الهند الصغير، لها قشرة حلوة ولب أبيض قاسٍ يؤكل.
مثال: جبنا صار من نخلة الواشنطون.
الوسوم: agriculture، nature، dates
ملاحظة: تنتجها أنواع معينة من النخيل تتميز بسعف عريض كالكف."
518,الصَّيْم,الصيم,alSym,صيم,Noun,object,نوع من التمر,أحد أصناف التمور المشهورة في حضرموت.,general,[],[],يتميز بجودته وقدرته على البقاء لفترة طويلة.,قاموس اللهجة الحضرمية - فهد بن هلابي - ص 80,"[{""f"": ""تمر الصيم هذا العام طعمه حلو."", ""h"": ""تمر الصيم ذا السنة طعمه حالي.""}]",[],"[""agriculture"", ""food"", ""dates""]","الكلمة: الصَّيْم (الصيم)
الجذر: صيم
الفصحى: نوع من التمر
المعنى: أحد أصناف التمور المشهورة في حضرموت.
مثال: تمر الصيم ذا السنة طعمه حالي.
الوسوم: agriculture، food، dates
ملاحظة: يتميز بجودته وقدرته على البقاء لفترة طويلة."
519,صَكَّة,صكه,Skh,صكك,Adjective,descriptor,غبي أو أهبل,وصف للشخص الذي لا يفهم بسرعة أو يتصرف بحماقة.,general,"[""أهبل"", ""غبي""]",[],تستخدم في سياق الذم أو العتاب الخفيف. بشد الكاف,قاموس اللهجة الحضرمية - فهد بن هلابي - ص 80,"[{""f"": ""يا غبي ركز في كلامي."", ""h"": ""يا صكه ركز في كلامي.""}]",[],"[""daily life"", ""descriptions""]","الكلمة: صَكَّة (صكه)
الجذر: صكك
الفصحى: غبي أو أهبل
المعنى: وصف للشخص الذي لا يفهم بسرعة أو يتصرف بحماقة.
المرادفات: أهبل، غبي
مثال: يا صكه ركز في كلامي.
الوسوم: daily life، descriptions
ملاحظة: تستخدم في سياق الذم أو العتاب الخفيف. بشد الكاف"
520,صَفَّاف,صفاف,Sfaf,صفف,Noun,object,الصرصار,حشرة الصرصار التي تصدر صوتاً في الليل.,general,"[""صرصور""]",[],,قاموس اللهجة الحضرمية - فهد بن هلابي - ص 80,"[{""f"": ""الصرصار يزعجنا بصوته ليلاً."", ""h"": ""الصفاف يزعجنا بصوته في الليل.""}]",[],"[""nature"", ""insects"", ""night""]","الكلمة: صَفَّاف (صفاف)
الجذر: صفف
الفصحى: الصرصار
المعنى: حشرة الصرصار التي تصدر صوتاً في الليل.
المرادفات: صرصور
مثال: الصفاف يزعجنا بصوته في الليل.
الوسوم: nature، insects، night"
521,صَكّ,صك,Sk,صكك,Noun,object,حاجز صخري,حاجز متدرج مبني من الصخر المرصوف والنورة، يعمل كجسر أو حماية للقلاع.,general,"[""حاجز"", ""جسر""]",[],يستخدم في البناء التقليدي لزيادة قوة المنشأة. بشد الصاد,قاموس اللهجة الحضرمية - فهد بن هلابي - ص 80,"[{""f"": ""الحصن مبني فوق حاجز صخري قوي."", ""h"": ""الحصن مبني فوق صك قوي.""}]",[],"[""daily life"", ""architecture"", ""rock""]","الكلمة: صَكّ (صك)
الجذر: صكك
الفصحى: حاجز صخري
المعنى: حاجز متدرج مبني من الصخر المرصوف والنورة، يعمل كجسر أو حماية للقلاع.
المرادفات: حاجز، جسر
مثال: الحصن مبني فوق صك قوي.
الوسوم: daily life، architecture، rock
ملاحظة: يستخدم في البناء التقليدي لزيادة قوة المنشأة. بشد الصاد"
522,الصُّخَيْرِيَّة,الصخيرية,alSkhyryh,صخر,Noun,object,نوع من الطيور الصغيرة,طائر صغير الحجم، أصغر من طائر العول، ويمتاز بسهولة صيده.,general,[],[],,قاموس اللهجة الحضرمية - فهد بن هلابي - ص 80,"[{""f"": ""أمسكنا طائراً صغيراً في الشبكة."", ""h"": ""مسكنا صخيرية في القبه.""}]",[],"[""nature"", ""birds"", ""small""]","الكلمة: الصُّخَيْرِيَّة (الصخيرية)
الجذر: صخر
الفصحى: نوع من الطيور الصغيرة
المعنى: طائر صغير الحجم، أصغر من طائر العول، ويمتاز بسهولة صيده.
مثال: مسكنا صخيرية في القبه.
الوسوم: nature، birds، small"
523,الصُّمْبَرَة,الصمبرة,alSmbrh,صمبر,Noun,object,الحمص,حبوب الحمص التي تؤكل مسلوقة أو تضاف للطعام.,general,"[""بليلة""]",[],,قاموس اللهجة الحضرمية - فهد بن هلابي - ص 80,"[{""f"": ""نريد حمصاً مع العشاء."", ""h"": ""نبغى صمبرة مع العشاء.""}]",[],"[""daily life"", ""food"", ""chickpeas""]","الكلمة: الصُّمْبَرَة (الصمبرة)
الجذر: صمبر
الفصحى: الحمص
المعنى: حبوب الحمص التي تؤكل مسلوقة أو تضاف للطعام.
المرادفات: بليلة
مثال: نبغى صمبرة مع العشاء.
الوسوم: daily life، food، chickpeas"
524,صَهْدُود,صهدود,Shdwd,صهد,Noun,object,كسور الزجاج,بقايا الزجاج المكسور، وجمعها صهاديد.,general,"[""كسار""]",[],يجب الحذر منها عند المشي حافياً.,قاموس اللهجة الحضرمية - فهد بن هلابي - ص 80,"[{""f"": ""انتبه من كسور الزجاج لكي لا تجرح قدمك."", ""h"": ""انتبه من الصهاديد لا تجرح رجلك.""}, {""f"": ""انتبه من كسور الزجاج لكي لا تجرح قدمك."", ""h"": ""انتبه من الصهاديد لا تيرح ريلك.""}]",[],"[""daily life"", ""glass""]","الكلمة: صَهْدُود (صهدود)
الجذر: صهد
الفصحى: كسور الزجاج
المعنى: بقايا الزجاج المكسور، وجمعها صهاديد.
المرادفات: كسار
مثال: انتبه من الصهاديد لا تجرح رجلك.
الوسوم: daily life، glass
ملاحظة: يجب الحذر منها عند المشي حافياً."
525,السَّخَر,السخر,alskhr,سخر,Noun,object,الفحم,الفحم المستخدم للتدفئة أو الطبخ أو البخور.,general,"[""فحم""]",[],,قاموس اللهجة الحضرمية - فهد بن هلابي - ص 81,"[{""f"": ""أشعل الفحم للمبخرة."", ""h"": ""شعل السخر للمبخرة.""}]",[],"[""daily life"", ""fire""]","الكلمة: السَّخَر (السخر)
الجذر: سخر
الفصحى: الفحم
المعنى: الفحم المستخدم للتدفئة أو الطبخ أو البخور.
المرادفات: فحم
مثال: شعل السخر للمبخرة.
الوسوم: daily life، fire"
526,الصَّرَك,الصرك,alSrk,صرك,Noun,object,الشارع المسفلت,الطريق العام المرصوف بالإسفلت.,general,"[""خط"", ""شارع""]",[],كلمة ربما تطورت من 'شارع' أو 'سكة'.,قاموس اللهجة الحضرمية - فهد بن هلابي - ص 81,"[{""f"": ""السيارة تسير في الشارع المسفلت."", ""h"": ""السيارة تمشي في الصرك.""}]",[],"[""daily life"", ""road""]","الكلمة: الصَّرَك (الصرك)
الجذر: صرك
الفصحى: الشارع المسفلت
المعنى: الطريق العام المرصوف بالإسفلت.
المرادفات: خط، شارع
مثال: السيارة تمشي في الصرك.
الوسوم: daily life، road
ملاحظة: كلمة ربما تطورت من 'شارع' أو 'سكة'."
527,صَفَاط,صفاط,SfaT,صفط,Noun,object,المزح,الملاطفة بالكلام والضحك والدعابة.,general,"[""مزح"", ""ضحك""]",[],يقال 'فلان صفاط' أي كثير المزاح. بشد الصاد,قاموس اللهجة الحضرمية - فهد بن هلابي - ص 81,"[{""f"": ""كنا جميعاً في ساعة مزح."", ""h"": ""كلنا كنا في ساعة صفاط.""}]",[],"[""daily life"", ""social customs"", ""joke""]","الكلمة: صَفَاط (صفاط)
الجذر: صفط
الفصحى: المزح
المعنى: الملاطفة بالكلام والضحك والدعابة.
المرادفات: مزح، ضحك
مثال: كلنا كنا في ساعة صفاط.
الوسوم: daily life، social customs، joke
ملاحظة: يقال 'فلان صفاط' أي كثير المزاح. بشد الصاد"
528,صَمْصُوم,صمصوم,SmSwm,صمم,Adjective,descriptor,شاب مؤدب وشجاع,تطلق على الشاب الطيب، المؤدب، الذي يسمع الكلام ويعتمد عليه.,general,"[""نشيط"", ""مطيع""]",[],تستخدم كثيراً كمدح للأبناء.,قاموس اللهجة الحضرمية - فهد بن هلابي - ص 81,"[{""f"": ""ابني شاب مطيع ومؤدب."", ""h"": ""ولدي صمصوم يسمع الكلام.""}]",[],"[""daily life"", ""descriptions"", ""active""]","الكلمة: صَمْصُوم (صمصوم)
الجذر: صمم
الفصحى: شاب مؤدب وشجاع
المعنى: تطلق على الشاب الطيب، المؤدب، الذي يسمع الكلام ويعتمد عليه.
المرادفات: نشيط، مطيع
مثال: ولدي صمصوم يسمع الكلام.
الوسوم: daily life، descriptions، active
ملاحظة: تستخدم كثيراً كمدح للأبناء."
529,الصُّر,الصر,alSr,صرر,Noun,object,السرة,فتحة السرة في جسم الإنسان.,general,"[""سرة""]",[],بشد الصاد,قاموس اللهجة الحضرمية - فهد بن هلابي - ص 81,"[{""f"": ""الطفل يعاني من ألم في سرته."", ""h"": ""الطفل عنده وجع في صره.""}]",[],"[""daily life"", ""health""]","الكلمة: الصُّر (الصر)
الجذر: صرر
الفصحى: السرة
المعنى: فتحة السرة في جسم الإنسان.
المرادفات: سرة
مثال: الطفل عنده وجع في صره.
الوسوم: daily life، health
ملاحظة: بشد الصاد"
530,صَه,صه,Sh,صه,Expression,expression,اسكت,كلمة زجر تستخدم للأمر بالسكوت.,general,"[""اصمت""]",[],لفظة فصيحة مستخدمة بكثرة في اللهجة.,قاموس اللهجة الحضرمية - فهد بن هلابي - ص 81,"[{""f"": ""اسكت لا تتحدث والناس يتكلمون."", ""h"": ""صه لا تتكلم والناس يتحدثون.""}]",[],"[""daily life"", ""expressions"", ""silence""]","الكلمة: صَه (صه)
الجذر: صه
الفصحى: اسكت
المعنى: كلمة زجر تستخدم للأمر بالسكوت.
المرادفات: اصمت
مثال: صه لا تتكلم والناس يتحدثون.
الوسوم: daily life، expressions، silence
ملاحظة: لفظة فصيحة مستخدمة بكثرة في اللهجة."
531,الصِّيْب,الصيب,alSyb,صيب,Noun,person,الذرية والأبناء,تطلق على الأولاد أو النسل.,general,"[""ذرية""]",[],يقال 'يا زين الصيب' أي ما أجمل الأبناء.,قاموس اللهجة الحضرمية - فهد بن هلابي - ص 81,"[{""f"": ""بارك الله لك في ذريتك."", ""h"": ""الله يبارك لك في الصيب.""}]",[],"[""daily life"", ""family""]","الكلمة: الصِّيْب (الصيب)
الجذر: صيب
الفصحى: الذرية والأبناء
المعنى: تطلق على الأولاد أو النسل.
المرادفات: ذرية
مثال: الله يبارك لك في الصيب.
الوسوم: daily life، family
ملاحظة: يقال 'يا زين الصيب' أي ما أجمل الأبناء."
532,أَصَابِع زَيْنَب,اصابع زينب,aSab3 zynb,صبع,Noun,object,نوع من التمر,صنف من التمور الحضرمية يتميز بشكل أصابع طويلة وطعم حلو جداً.,general,[],[],,قاموس اللهجة الحضرمية - فهد بن هلابي - ص 81,"[{""f"": ""جنينا اليوم تمر أصابع زينب."", ""h"": ""خرفنا اليوم تمر أصابع زينب.""}]",[],"[""agriculture"", ""food"", ""dates""]","الكلمة: أَصَابِع زَيْنَب (اصابع زينب)
الجذر: صبع
الفصحى: نوع من التمر
المعنى: صنف من التمور الحضرمية يتميز بشكل أصابع طويلة وطعم حلو جداً.
مثال: خرفنا اليوم تمر أصابع زينب.
الوسوم: agriculture، food، dates"
533,الصَّالِي,الصالي,alSaly,صلي,Noun,object,أجير زراعي,الشخص الذي يتم استئجاره للعمل في الأرض الزراعية مقابل أجر.,general,"[""عامل""]",[],,قاموس اللهجة الحضرمية - فهد بن هلابي - ص 81,"[{""f"": ""العامل الأجير يعمل في الحقل منذ الصباح."", ""h"": ""الصالي يشتغل في الجرب من الصبح.""}]",[],"[""agriculture"", ""worker""]","الكلمة: الصَّالِي (الصالي)
الجذر: صلي
الفصحى: أجير زراعي
المعنى: الشخص الذي يتم استئجاره للعمل في الأرض الزراعية مقابل أجر.
المرادفات: عامل
مثال: الصالي يشتغل في الجرب من الصبح.
الوسوم: agriculture، worker"
534,الضَّبْرَة,الضبره,alDbrh,ضبر,Noun,object,زاوية الغرفة,ركن الغرفة أو زاوية الجدار.,general,"[""ركن""]",[],بشد الضاد,قاموس اللهجة الحضرمية - فهد بن هلابي - ص 83,"[{""f"": ""ضع الكرسي في زاوية الغرفة."", ""h"": ""حط الكرسي في الضبرة.""}]",[],"[""daily life"", ""room""]","الكلمة: الضَّبْرَة (الضبره)
الجذر: ضبر
الفصحى: زاوية الغرفة
المعنى: ركن الغرفة أو زاوية الجدار.
المرادفات: ركن
مثال: حط الكرسي في الضبرة.
الوسوم: daily life، room
ملاحظة: بشد الضاد"
535,ضَوِيْلَة,ضويلة,Dwylh,ضول,Noun,object,نوع من شجر البر,شجرة تنبت في البراري، تمتاز بأعوادها الرخوة.,general,[],[],بضم الضاد,قاموس اللهجة الحضرمية - فهد بن هلابي - ص 83,"[{""f"": ""أعواد شجر الضويلة لا تصلح للبناء."", ""h"": ""أعواد الضويلة ما تصلح للبناء.""}]",[],"[""nature"", ""tree""]","الكلمة: ضَوِيْلَة (ضويلة)
الجذر: ضول
الفصحى: نوع من شجر البر
المعنى: شجرة تنبت في البراري، تمتاز بأعوادها الرخوة.
مثال: أعواد الضويلة ما تصلح للبناء.
الوسوم: nature، tree
ملاحظة: بضم الضاد"
536,الضِّيْقَة,الضيقة,alDyqh,ضيق,Noun,object,مدخل البيت,الباب الخارجي للبيت أو الممر الضيق (الدهليز) المؤدي إلى الداخل.,general,"[""دهليز"", ""مدخل""]",[],سميت بذلك لضيق مساحتها في البيوت الطينية القديمة.,قاموس اللهجة الحضرمية - فهد بن هلابي - ص 83,"[{""f"": ""انتظر عند مدخل البيت حتى يفتحوا لك."", ""h"": ""وقف عند الضيقة لين يفتحون لك.""}]","[""إذا دخلت الضيقة طلعت الرقاد""]","[""daily life"", ""architecture"", ""door""]","الكلمة: الضِّيْقَة (الضيقة)
الجذر: ضيق
الفصحى: مدخل البيت
المعنى: الباب الخارجي للبيت أو الممر الضيق (الدهليز) المؤدي إلى الداخل.
المرادفات: دهليز، مدخل
مثال: وقف عند الضيقة لين يفتحون لك.
الوسوم: daily life، architecture، door
ملاحظة: سميت بذلك لضيق مساحتها في البيوت الطينية القديمة."
537,الضِّيْفَة,الضيفة,alDyfh,ضيف,Noun,object,وليمة كبرى,وليمة غداء أو عشاء كبيرة تقام في المناسبات مثل الزواج (الحراوة).,general,"[""عزومة""]",[],,قاموس اللهجة الحضرمية - فهد بن هلابي - ص 83,"[{""f"": ""الوليمة اليوم بعد صلاة العشاء."", ""h"": ""الضيفة اليوم بعد صلاة العشاء.""}]",[],"[""social customs"", ""dinner""]","الكلمة: الضِّيْفَة (الضيفة)
الجذر: ضيف
الفصحى: وليمة كبرى
المعنى: وليمة غداء أو عشاء كبيرة تقام في المناسبات مثل الزواج (الحراوة).
المرادفات: عزومة
مثال: الضيفة اليوم بعد صلاة العشاء.
الوسوم: social customs، dinner"
538,ضَوَى,ضوى,Dwa,ضوي,Verb,action,رجع أو عاد,العودة إلى المنزل بعد يوم عمل أو غياب.,general,"[""رجع""]",[],تستخدم كثيراً في المساء: 'فلان ضوى' أي وصل بيته.,قاموس اللهجة الحضرمية - فهد بن هلابي - ص 83,"[{""f"": ""متى ستعود من العمل؟"", ""h"": ""متى تضوي من العمل؟""}]",[],"[""daily life"", ""work""]","الكلمة: ضَوَى (ضوى)
الجذر: ضوي
الفصحى: رجع أو عاد
المعنى: العودة إلى المنزل بعد يوم عمل أو غياب.
المرادفات: رجع
مثال: متى تضوي من العمل؟
الوسوم: daily life، work
ملاحظة: تستخدم كثيراً في المساء: 'فلان ضوى' أي وصل بيته."
539,الضَّعُون والضَّاعِنَات,الضعون,alD3wn walDa3nat,ضعن,Noun,person,مرافقات العروس,نخبة مختارة من نساء أهل العروس، تتم استضافتهن في يوم الصبحة.,general,[],[],تقليد اجتماعي في الأعراس الحضرمية.,قاموس اللهجة الحضرمية - فهد بن هلابي - ص 83,"[{""f"": ""وصلت مرافقات العروس إلى بيت العريس."", ""h"": ""وصلت الضعون بيت العريس.""}]",[],"[""social customs"", ""marriage"", ""bride""]","الكلمة: الضَّعُون والضَّاعِنَات (الضعون)
الجذر: ضعن
الفصحى: مرافقات العروس
المعنى: نخبة مختارة من نساء أهل العروس، تتم استضافتهن في يوم الصبحة.
مثال: وصلت الضعون بيت العريس.
الوسوم: social customs، marriage، bride
ملاحظة: تقليد اجتماعي في الأعراس الحضرمية."
540,الضِّدِح,الضدح,alDdH,ضدح,Noun,object,نبات ورقي يؤكل,نوع من الورقيات الخضراء، يشبه في طعمه واستخدامه الملوخية والسبانخ.,general,[],[],من الأكلات الشعبية التي تطبخ مع المرق.,قاموس اللهجة الحضرمية - فهد بن هلابي - ص 83,"[{""f"": ""طبخت لنا أمي نبات الضدح اليوم."", ""h"": ""سوت لنا أمي ضدح اليوم.""}]",[],"[""daily life"", ""food"", ""green""]","الكلمة: الضِّدِح (الضدح)
الجذر: ضدح
الفصحى: نبات ورقي يؤكل
المعنى: نوع من الورقيات الخضراء، يشبه في طعمه واستخدامه الملوخية والسبانخ.
مثال: سوت لنا أمي ضدح اليوم.
الوسوم: daily life، food، green
ملاحظة: من الأكلات الشعبية التي تطبخ مع المرق."
541,الضحَى,الضحى,alDHa,ضحى,Noun,object,وجبة الغداء,تستخدم في بعض مناطق حضرموت للإشارة إلى وجبة الغداء الرئيسية.,general,"[""غداء""]",[],,قاموس اللهجة الحضرمية - فهد بن هلابي - ص 84,"[{""f"": ""تفضلوا لتناول وجبة الغداء."", ""h"": ""تفضلوا على الضحى.""}]",[],"[""daily life"", ""food"", ""lunch""]","الكلمة: الضحَى (الضحى)
الجذر: ضحى
الفصحى: وجبة الغداء
المعنى: تستخدم في بعض مناطق حضرموت للإشارة إلى وجبة الغداء الرئيسية.
المرادفات: غداء
مثال: تفضلوا على الضحى.
الوسوم: daily life، food، lunch"
542,الضَّمِيْر,الضمير,alDmyr,ضمر,Noun,object,سد صغير للحماية,بناء ضخم من الحجر يوضع في الأودية للتحكم في مسار السيول وإدخال المياه للأراضي الزراعية.,general,"[""سد""]",[],,قاموس اللهجة الحضرمية - فهد بن هلابي - ص 84,"[{""f"": ""تحطم السد الحجري من قوة السيل."", ""h"": ""انكسر الضمير من قوة السيل.""}]",[],"[""agriculture"", ""water""]","الكلمة: الضَّمِيْر (الضمير)
الجذر: ضمر
الفصحى: سد صغير للحماية
المعنى: بناء ضخم من الحجر يوضع في الأودية للتحكم في مسار السيول وإدخال المياه للأراضي الزراعية.
المرادفات: سد
مثال: انكسر الضمير من قوة السيل.
الوسوم: agriculture، water"
543,ضَيْوَن,ضيون,Dywn,ضين,Noun,object,أنثى القط,القطة الأنثى.,general,"[""قطة"", ""عري""]",[],بكسر الواو,قاموس اللهجة الحضرمية - فهد بن هلابي - ص 84,"[{""f"": ""القطة تحت الكرسي."", ""h"": ""الضيون تحت الكرسي.""}]",[],"[""nature"", ""animals"", ""cat""]","الكلمة: ضَيْوَن (ضيون)
الجذر: ضين
الفصحى: أنثى القط
المعنى: القطة الأنثى.
المرادفات: قطة، عري
مثال: الضيون تحت الكرسي.
الوسوم: nature، animals، cat
ملاحظة: بكسر الواو"
544,الطَّهَارَة,الطهارة,alTharh,طهر,Noun,object,دورة المياه,المكان المخصص للاستحمام وقضاء الحاجة.,general,"[""حمام"", ""خلاء""]",[],تسمية كناية عن النظافة والتطهر.,قاموس اللهجة الحضرمية - فهد بن هلابي - ص 85,"[{""f"": ""أين دورة المياه؟ أريد الوضوء."", ""h"": ""أين الطهارة؟ بغيت أتوضأ.""}]",[],"[""daily life"", ""bath""]","الكلمة: الطَّهَارَة (الطهارة)
الجذر: طهر
الفصحى: دورة المياه
المعنى: المكان المخصص للاستحمام وقضاء الحاجة.
المرادفات: حمام، خلاء
مثال: أين الطهارة؟ بغيت أتوضأ.
الوسوم: daily life، bath
ملاحظة: تسمية كناية عن النظافة والتطهر."
545,الطُّعْم,الطعم,alT3m,طعم,Noun,object,الأكل أو الطعام,بضم الطاء، وتعني الزاد أو ما يؤكل.,general,"[""أكل""]",[],,قاموس اللهجة الحضرمية - فهد بن هلابي - ص 85,"[{""f"": ""الطعام جاهز، تفضلوا."", ""h"": ""الطعم جاهز، حياكم.""}]","[""ما ينفع الطُّعم تحت العقبة""]","[""daily life"", ""food"", ""eat""]","الكلمة: الطُّعْم (الطعم)
الجذر: طعم
الفصحى: الأكل أو الطعام
المعنى: بضم الطاء، وتعني الزاد أو ما يؤكل.
المرادفات: أكل
مثال: الطعم جاهز، حياكم.
الوسوم: daily life، food، eat"
546,الطُّفَل,الطفل,alTfl,طفل,Noun,object,طين الاستنجاء,قطعة من الطين الجاف والناعم تستخدم في الماضي للاستنجاء أو لتنظيف الحبوب.,general,[],[],كان يستخدم قديماً قبل توفر المناديل الورقية.,قاموس اللهجة الحضرمية - فهد بن هلابي - ص 85,"[{""f"": ""أحضر طيناً ناعماً من الجبل."", ""h"": ""جيب طفل من الجبل.""}]",[],"[""daily life"", ""history""]","الكلمة: الطُّفَل (الطفل)
الجذر: طفل
الفصحى: طين الاستنجاء
المعنى: قطعة من الطين الجاف والناعم تستخدم في الماضي للاستنجاء أو لتنظيف الحبوب.
مثال: جيب طفل من الجبل.
الوسوم: daily life، history
ملاحظة: كان يستخدم قديماً قبل توفر المناديل الورقية."
547,طُلاب,طلاب,Tlab,طلب,Noun,object,متسول,الشخص الذي يسأل الناس الصدقة أو المال.,general,"[""شحات"", ""سائل""]",[],بشد اللام,قاموس اللهجة الحضرمية - فهد بن هلابي - ص 85,"[{""f"": ""يوجد متسول عند باب المسجد."", ""h"": ""في طلاب عند باب المسجد.""}]",[],"[""daily life"", ""beggar""]","الكلمة: طُلاب (طلاب)
الجذر: طلب
الفصحى: متسول
المعنى: الشخص الذي يسأل الناس الصدقة أو المال.
المرادفات: شحات، سائل
مثال: في طلاب عند باب المسجد.
الوسوم: daily life، beggar
ملاحظة: بشد اللام"
548,الطَّيْرَمَة,الطيرمة,alTyrmh,طرم,Noun,object,الغرفة العلوية,الطابق الأخير في البيت الطيني، وتسمى أيضاً رأس البيت.,general,"[""رأس البيت""]",[],تكون عادة أبرد من بقية الأدوار.,قاموس اللهجة الحضرمية - فهد بن هلابي - ص 85,"[{""f"": ""سهرنا في الغرفة العلوية اليوم."", ""h"": ""نحن سهرنا في الطيرمة اليوم.""}]",[],"[""daily life"", ""architecture"", ""roof""]","الكلمة: الطَّيْرَمَة (الطيرمة)
الجذر: طرم
الفصحى: الغرفة العلوية
المعنى: الطابق الأخير في البيت الطيني، وتسمى أيضاً رأس البيت.
المرادفات: رأس البيت
مثال: نحن سهرنا في الطيرمة اليوم.
الوسوم: daily life، architecture، roof
ملاحظة: تكون عادة أبرد من بقية الأدوار."
549,الطَّمْس,الطمس,alTms,طمس,Noun,object,منفذ مائي,منفذ له باب صغير، يصل بين الريم والمرواح في نظام الري.,general,[],[],,قاموس اللهجة الحضرمية - فهد بن هلابي - ص 85,"[{""f"": ""افتح المنفذ ليمر السيل."", ""h"": ""افتح الطمس يمر السيل.""}]",[],"[""agriculture"", ""water""]","الكلمة: الطَّمْس (الطمس)
الجذر: طمس
الفصحى: منفذ مائي
المعنى: منفذ له باب صغير، يصل بين الريم والمرواح في نظام الري.
مثال: افتح الطمس يمر السيل.
الوسوم: agriculture، water"
550,الطَّرْشَة,الطرشه,alTrshh,طرش,Noun,object,الزيارة,الذهاب لزيارة شخص أو مكان.,general,"[""زيارة""]",[],,قاموس اللهجة الحضرمية - فهد بن هلابي - ص 85,"[{""f"": ""لدينا زيارة لأقاربنا في المنطقة غداً."", ""h"": ""معنا طرشة لأهل البلاد غداً.""}]",[],"[""daily life"", ""visit""]","الكلمة: الطَّرْشَة (الطرشه)
الجذر: طرش
الفصحى: الزيارة
المعنى: الذهاب لزيارة شخص أو مكان.
المرادفات: زيارة
مثال: معنا طرشة لأهل البلاد غداً.
الوسوم: daily life، visit"
551,الطَّارِش,الطارش,alTarsh,طرش,Noun,object,الضيف أو المسافر,الشخص الذي يأتي زائراً أو عابر سبيل.,general,"[""ضيف""]",[],بشد الطاء,قاموس اللهجة الحضرمية - فهد بن هلابي - ص 85,"[{""f"": ""يا أهلاً بالضيف."", ""h"": ""يا حيا بالطارش.""}]",[],"[""daily life"", ""guest""]","الكلمة: الطَّارِش (الطارش)
الجذر: طرش
الفصحى: الضيف أو المسافر
المعنى: الشخص الذي يأتي زائراً أو عابر سبيل.
المرادفات: ضيف
مثال: يا حيا بالطارش.
الوسوم: daily life، guest
ملاحظة: بشد الطاء"
552,الطَّس,الطس,alTs,طسس,Noun,object,وعاء نحاسي,قدر أو وعاء كبير من النحاس يستخدم لطهي الطعام.,general,"[""طست""]",[],,قاموس اللهجة الحضرمية - فهد بن هلابي - ص 85,"[{""f"": ""احمل الوعاء النحاسي إلى المطبخ."", ""h"": ""شيل الطس للمطبخ.""}]",[],"[""daily life"", ""kitchen""]","الكلمة: الطَّس (الطس)
الجذر: طسس
الفصحى: وعاء نحاسي
المعنى: قدر أو وعاء كبير من النحاس يستخدم لطهي الطعام.
المرادفات: طست
مثال: شيل الطس للمطبخ.
الوسوم: daily life، kitchen"
553,الطَّش,الطش,alTsh,طشش,Noun,object,بداية المطر,رذاذ المطر الخفيف أو بدايات تساقطه.,general,"[""رذاذ""]",[],بشد الطاء,قاموس اللهجة الحضرمية - فهد بن هلابي - ص 86,"[{""f"": ""بدأ المطر الخفيف، ادخلوا المنزل."", ""h"": ""بدأ الطش، ادخلوا البيت.""}]",[],"[""nature"", ""rain""]","الكلمة: الطَّش (الطش)
الجذر: طشش
الفصحى: بداية المطر
المعنى: رذاذ المطر الخفيف أو بدايات تساقطه.
المرادفات: رذاذ
مثال: بدأ الطش، ادخلوا البيت.
الوسوم: nature، rain
ملاحظة: بشد الطاء"
554,الطَّحْس,الطحس,alTHs,طحس,Noun,object,الانزلاق,الزلق أو الانزلاق على أرضية رطبة أو طينية.,general,"[""زلق""]",[],,قاموس اللهجة الحضرمية - فهد بن هلابي - ص 86,"[{""f"": ""احذر من الانزلاق في الطريق."", ""h"": ""انتبه من الطحس في الطريق.""}]","[""البعير يطحس في شبر""]","[""daily life"", ""slip""]","الكلمة: الطَّحْس (الطحس)
الجذر: طحس
الفصحى: الانزلاق
المعنى: الزلق أو الانزلاق على أرضية رطبة أو طينية.
المرادفات: زلق
مثال: انتبه من الطحس في الطريق.
الوسوم: daily life، slip"
555,طَسْت النُّحَاس,طست النحاس,Tst alnHas,طست,Noun,object,وعاء كبير للطهي,وعاء نحاسي واسع يستخدم لطهي العصيدة الحضرمية والشربة في المناسبات.,general,[],[],يعتبر من المقتنيات الثمينة في المطابخ القديمة.,قاموس اللهجة الحضرمية - فهد بن هلابي - ص 86,"[{""f"": ""طبخوا العصيدة في الوعاء النحاسي الكبير."", ""h"": ""طبخوا العصيدة في طست النحاس.""}]",[],"[""daily life"", ""food"", ""cooking""]","الكلمة: طَسْت النُّحَاس (طست النحاس)
الجذر: طست
الفصحى: وعاء كبير للطهي
المعنى: وعاء نحاسي واسع يستخدم لطهي العصيدة الحضرمية والشربة في المناسبات.
مثال: طبخوا العصيدة في طست النحاس.
الوسوم: daily life، food، cooking
ملاحظة: يعتبر من المقتنيات الثمينة في المطابخ القديمة."
556,الطَّرْح,الطرح,alTrH,طرح,Noun,person,تبرعات نقدية للعريس,مساهمات مالية يقدمها الأقارب والمدعوون لدعم العريس في حفلة الزواج.,general,"[""نقطة""]",[],يتم تخصيص فقرة وأحياناً أغنية خاصة في العرس لعملية الطرح. بشد الطاء,قاموس اللهجة الحضرمية - فهد بن هلابي - ص 86,"[{""f"": ""تبرعت للعريس بمئة ريال."", ""h"": ""طرحت للعريس مئة ريال.""}]","[""الحبل بالرمح والعرس بالطرح""]","[""social customs"", ""marriage"", ""donation""]","الكلمة: الطَّرْح (الطرح)
الجذر: طرح
الفصحى: تبرعات نقدية للعريس
المعنى: مساهمات مالية يقدمها الأقارب والمدعوون لدعم العريس في حفلة الزواج.
المرادفات: نقطة
مثال: طرحت للعريس مئة ريال.
الوسوم: social customs، marriage، donation
ملاحظة: يتم تخصيص فقرة وأحياناً أغنية خاصة في العرس لعملية الطرح. بشد الطاء"
557,الطَّوْحِي,الطوحي,alTwHy,طوح,Noun,object,عمود البئر,عمود خشبي يوضع فوق البئر لتثبيت العجلة (المحالة) التي يسحب بها الماء.,general,[],[],بشد الطاء,قاموس اللهجة الحضرمية - فهد بن هلابي - ص 86,"[{""f"": ""ربطنا الحبل في عمود البئر."", ""h"": ""ربطنا الحبل في الطوحي.""}]",[],"[""agriculture"", ""daily life"", ""well""]","الكلمة: الطَّوْحِي (الطوحي)
الجذر: طوح
الفصحى: عمود البئر
المعنى: عمود خشبي يوضع فوق البئر لتثبيت العجلة (المحالة) التي يسحب بها الماء.
مثال: ربطنا الحبل في الطوحي.
الوسوم: agriculture، daily life، well
ملاحظة: بشد الطاء"
558,الطَّبِيْلَة,الطبيله,alTbylh,طبل,Noun,object,وعاء طبخ,نوع من أنواع أواني الطبخ التقليدية.,general,"[""قدر""]",[],بشد الطاء,قاموس اللهجة الحضرمية - فهد بن هلابي - ص 86,"[{""f"": ""ضع وعاء الطبخ على النار."", ""h"": ""حط الطبيلة على النار.""}]",[],"[""daily life"", ""food"", ""cooking""]","الكلمة: الطَّبِيْلَة (الطبيله)
الجذر: طبل
الفصحى: وعاء طبخ
المعنى: نوع من أنواع أواني الطبخ التقليدية.
المرادفات: قدر
مثال: حط الطبيلة على النار.
الوسوم: daily life، food، cooking
ملاحظة: بشد الطاء"
559,الطَّاهِب,الطاهب,alTahb,طهب,Noun,object,سحاب كثيف,السحاب الأبيض المائل للسواد الذي يتراكم كالجبال ويحمل إشارات البرق والمطر.,general,"[""غيوم""]",[],بشد الطاء,قاموس اللهجة الحضرمية - فهد بن هلابي - ص 86,"[{""f"": ""انظر للسحاب الكثيف فوق الجبل، يبدو أن هناك سيلاً."", ""h"": ""شوف الطاهب فوق الجبل، شكله سيل.""}]",[],"[""nature"", ""cloud""]","الكلمة: الطَّاهِب (الطاهب)
الجذر: طهب
الفصحى: سحاب كثيف
المعنى: السحاب الأبيض المائل للسواد الذي يتراكم كالجبال ويحمل إشارات البرق والمطر.
المرادفات: غيوم
مثال: شوف الطاهب فوق الجبل، شكله سيل.
الوسوم: nature، cloud
ملاحظة: بشد الطاء"
560,طَنَب,طنب,Tnb,طنب,Adjective,descriptor,ممتلئ,وصف للأرض الزراعية أو الساقية عندما تمتلئ تماماً بالماء.,general,"[""مليان""]",[],يقال 'الجرب مطنب' أي الأرض ممتلئة بالماء. بشد النون,قاموس اللهجة الحضرمية - فهد بن هلابي - ص 87,"[{""f"": ""قناة الري ممتلئة بالماء اليوم."", ""h"": ""الساقية مطنبة اليوم.""}]",[],"[""agriculture"", ""water""]","الكلمة: طَنَب (طنب)
الجذر: طنب
الفصحى: ممتلئ
المعنى: وصف للأرض الزراعية أو الساقية عندما تمتلئ تماماً بالماء.
المرادفات: مليان
مثال: الساقية مطنبة اليوم.
الوسوم: agriculture، water
ملاحظة: يقال 'الجرب مطنب' أي الأرض ممتلئة بالماء. بشد النون"
561,الطَّاقَة,الطاقة,alTaqh,طوق,Noun,object,رف في الجدار,رف محفور داخل الجدار الطيني، يستخدم لوضع الأشياء أو للزينة.,general,"[""رف""]",[],تختلف عن النافذة، فهي لا تنفذ للخارج. بشد الطاء,قاموس اللهجة الحضرمية - فهد بن هلابي - ص 87,"[{""f"": ""ضع المصباح في الرف الجداري."", ""h"": ""حط السراج في الطاقة.""}]",[],"[""daily life"", ""architecture"", ""wall""]","الكلمة: الطَّاقَة (الطاقة)
الجذر: طوق
الفصحى: رف في الجدار
المعنى: رف محفور داخل الجدار الطيني، يستخدم لوضع الأشياء أو للزينة.
المرادفات: رف
مثال: حط السراج في الطاقة.
الوسوم: daily life، architecture، wall
ملاحظة: تختلف عن النافذة، فهي لا تنفذ للخارج. بشد الطاء"
562,الطَّلْع,الطلع,alTl3,طلع,Noun,object,نبات النخيل الأولي,بداية ظهور العذق في النخلة قبل التلقيح، وهي لفظة فصيحة.,general,[],[],بشد الطاء,قاموس اللهجة الحضرمية - فهد بن هلابي - ص 87,"[{""f"": ""بدأت النخلة في إظهار ثمارها الأولية."", ""h"": ""النخلة بدأت تطلع الطلع.""}]",[],"[""agriculture"", ""tree""]","الكلمة: الطَّلْع (الطلع)
الجذر: طلع
الفصحى: نبات النخيل الأولي
المعنى: بداية ظهور العذق في النخلة قبل التلقيح، وهي لفظة فصيحة.
مثال: النخلة بدأت تطلع الطلع.
الوسوم: agriculture، tree
ملاحظة: بشد الطاء"
563,الصُّوب,الصوب,alSwb,صوب,Noun,object,الجرح أو الإصابة,الإصابة الجسدية الناتجة عن ضربة أو جرح، وتستخدم مجازاً للجروح المعنوية.,general,"[""جرح"", ""إصابة""]",[],كلمة شائعة جداً في الشعر الشعبي الحضرمي للتعبير عن لوعة المحب أو إصابة الجسد.,قاموس اللهجة الحضرمية - فهد بن هلابي - ص 81,"[{""f"": ""اذهب ودعني أداوي جروحي وإصاباتي، فالجريح هو من يشعر بألم جراحه."", ""h"": ""رُح خلّنا داوي صوابي والجراح ** من هو مصوّب يعرف جراحه""}, {""f"": ""كان الجرح في رجله لكنه شفي والحمد لله."", ""h"": ""كان الصوب في رجله بس الحمد لله طاب.""}]",[],"[""health"", ""poetry"", ""daily life""]","الكلمة: الصُّوب (الصوب)
الجذر: صوب
الفصحى: الجرح أو الإصابة
المعنى: الإصابة الجسدية الناتجة عن ضربة أو جرح، وتستخدم مجازاً للجروح المعنوية.
المرادفات: جرح، إصابة
مثال: رُح خلّنا داوي صوابي والجراح ** من هو مصوّب يعرف جراحه
الوسوم: health، poetry، daily life
ملاحظة: كلمة شائعة جداً في الشعر الشعبي الحضرمي للتعبير عن لوعة المحب أو إصابة الجسد."
564,الصُّبْخَه,الصبخه,alSbkhh,صبخ,Noun,object,النملة الكبيرة (نمل الذرة),نوع من النمل كبير الحجم يتميز بقوته وسرعة انتشاره في المناطق الزراعية.,general,"[""نمل""]",[],تظهر بكثرة في الجروب (الأراضي الزراعية) بعد مواسم الأمطار.,قاموس اللهجة الحضرمية - فهد بن هلابي - ص 82,"[{""f"": ""احذر من النمل الكبير في الحقل، فقرصته مؤلمة."", ""h"": ""انتبه من الصبخة في الجرب، تقرص بقوة.""}, {""f"": ""البيت ممتلئ بالنمل الكبير اليوم، لعل المانع خير."", ""h"": ""مليان البيت صبخة اليوم، عسى خير.""}]",[],"[""nature"", ""insects"", ""ant""]","الكلمة: الصُّبْخَه (الصبخه)
الجذر: صبخ
الفصحى: النملة الكبيرة (نمل الذرة)
المعنى: نوع من النمل كبير الحجم يتميز بقوته وسرعة انتشاره في المناطق الزراعية.
المرادفات: نمل
مثال: انتبه من الصبخة في الجرب، تقرص بقوة.
الوسوم: nature، insects، ant
ملاحظة: تظهر بكثرة في الجروب (الأراضي الزراعية) بعد مواسم الأمطار."
565,الصَّرَف,الصرف,alSrf,صرف,Noun,object,السحر أو التعويذات,أحد أعمال السحر والشعوذة التي تهدف لصرف الإنسان عن أمر معين أو التفريق بين الناس.,general,"[""سحر"", ""عمل""]",[],يستخدم هذا المصطلح غالباً في سياق التحذير من أعمال المشعوذين.,قاموس اللهجة الحضرمية - فهد بن هلابي - ص 82,"[{""f"": ""يقولون أن شخصاً عمل له سحراً ليصرفه عن عمله."", ""h"": ""يقولون فلان مسوي له صرف عشان يترك الشغل.""}, {""f"": ""كفانا الله شر السحر وأهله."", ""h"": ""الله يكفينا شر الصرف وأهله.""}]",[],"[""social customs"", ""beliefs"", ""magic""]","الكلمة: الصَّرَف (الصرف)
الجذر: صرف
الفصحى: السحر أو التعويذات
المعنى: أحد أعمال السحر والشعوذة التي تهدف لصرف الإنسان عن أمر معين أو التفريق بين الناس.
المرادفات: سحر، عمل
مثال: يقولون فلان مسوي له صرف عشان يترك الشغل.
الوسوم: social customs، beliefs، magic
ملاحظة: يستخدم هذا المصطلح غالباً في سياق التحذير من أعمال المشعوذين."
566,اَلطَّار,الطار,alTar,طور,Noun,object,الدف,آلة إيقاعية (الدف) تأتي بأحجام مختلفة، وتجمع على (طِيْران) بكسر الطاء.,general,"[""دف""]",[],تستخدم الطيران بشكل أساسي في رقصة الزفين وجلسات الدان.,قاموس اللهجة الحضرمية - فهد بن هلابي - ص 87,"[{""f"": ""حملوا الدفوف وبدأوا الرقص في حفل الزفاف."", ""h"": ""شلو الطيران وبدوا الزفين في الحراوة.""}, {""f"": ""صوت الدف يبهج الروح."", ""h"": ""صوت الطار يطرب النفس.""}]",[],"[""arts"", ""music"", ""daily life""]","الكلمة: اَلطَّار (الطار)
الجذر: طور
الفصحى: الدف
المعنى: آلة إيقاعية (الدف) تأتي بأحجام مختلفة، وتجمع على (طِيْران) بكسر الطاء.
المرادفات: دف
مثال: شلو الطيران وبدوا الزفين في الحراوة.
الوسوم: arts، music، daily life
ملاحظة: تستخدم الطيران بشكل أساسي في رقصة الزفين وجلسات الدان."
567,طَقَع,طقع,Tq3,طقع,Verb,emotion,كذب,فعل بمعنى كذب وافترى، ويقال للرجل كثير الكذب (طَقَّاع).,general,"[""كذب"", ""خرط""]",[],كلمة تستخدم في السياقات العامية غير الرسمية لوصف الكذب.,قاموس اللهجة الحضرمية - فهد بن هلابي - ص 87,"[{""f"": ""لا تصدقه، إنه يكذب عليك."", ""h"": ""لا تصدقه، هو يطقع عليك.""}]",[],"[""emotions"", ""social"", ""lying""]","الكلمة: طَقَع (طقع)
الجذر: طقع
الفصحى: كذب
المعنى: فعل بمعنى كذب وافترى، ويقال للرجل كثير الكذب (طَقَّاع).
المرادفات: كذب، خرط
مثال: لا تصدقه، هو يطقع عليك.
الوسوم: emotions، social، lying
ملاحظة: كلمة تستخدم في السياقات العامية غير الرسمية لوصف الكذب."
568,اَلطَّبِيْن,الطبين,alTbyn,طبن,Noun,object,صاحب المال أو العمل,تطلق على صاحب التجارة أو المال الذي يعمل لديه الآخرون، وأصلها من يملك النخيل ويعمل الناس في أرضه.,general,"[""المُعلّم"", ""رب العمل""]",[],ارتبط المصطلح تاريخياً بقطاع الزراعة والنخيل ثم توسع للتجارة.,قاموس اللهجة الحضرمية - فهد بن هلابي - ص 87,"[{""f"": ""صاحب العمل الخاص بنا وزع التمر على جميع العمال اليوم."", ""h"": ""الطبين حقنا وزع التمر على كل العمال اليوم.""}]",[],"[""agriculture"", ""jobs"", ""worker""]","الكلمة: اَلطَّبِيْن (الطبين)
الجذر: طبن
الفصحى: صاحب المال أو العمل
المعنى: تطلق على صاحب التجارة أو المال الذي يعمل لديه الآخرون، وأصلها من يملك النخيل ويعمل الناس في أرضه.
المرادفات: المُعلّم، رب العمل
مثال: الطبين حقنا وزع التمر على كل العمال اليوم.
الوسوم: agriculture، jobs، worker
ملاحظة: ارتبط المصطلح تاريخياً بقطاع الزراعة والنخيل ثم توسع للتجارة."
569,اَلظَّلَّة,الظله,alZlh,ظلل,Noun,person,زيارة العروس لأهلها,أول زيارة رسمية تقوم بها العروس لبيت أهلها بعد الزواج بفترة قصيرة.,general,[],[],تعد الظلة من العادات والتقاليد الاجتماعية الهامة في حضرموت ولها طقوسها. بشد الظاء,قاموس اللهجة الحضرمية - فهد بن هلابي - ص 88,"[{""f"": ""العروس لديها اليوم أول زيارة لأهلها، وقد دعا أهلها الجيران."", ""h"": ""العروسة اليوم عندها الظلة، وأهلها عزموا الجيران.""}]",[],"[""social customs"", ""marriage"", ""visit""]","الكلمة: اَلظَّلَّة (الظله)
الجذر: ظلل
الفصحى: زيارة العروس لأهلها
المعنى: أول زيارة رسمية تقوم بها العروس لبيت أهلها بعد الزواج بفترة قصيرة.
مثال: العروسة اليوم عندها الظلة، وأهلها عزموا الجيران.
الوسوم: social customs، marriage، visit
ملاحظة: تعد الظلة من العادات والتقاليد الاجتماعية الهامة في حضرموت ولها طقوسها. بشد الظاء"
570,اَلظَّفْرَة,الظفره,alZfrh,ظفر,Noun,object,بناء وقائي للبئر,بناء محكم من الحجر يحيط بجدران البئر من الداخل أو الخارج لحمايتها من الانهيار.,general,[],[],تدل الظفرة على مهارة البناء التقليدي للحفاظ على موارد المياه. بشد الظاء,قاموس اللهجة الحضرمية - فهد بن هلابي - ص 88,"[{""f"": ""بناء البئر الحجري قوي ولا ينهار مع السيول."", ""h"": ""ظفرة البير قوية وما تنهد مع السيول.""}]",[],"[""architecture"", ""water"", ""well""]","الكلمة: اَلظَّفْرَة (الظفره)
الجذر: ظفر
الفصحى: بناء وقائي للبئر
المعنى: بناء محكم من الحجر يحيط بجدران البئر من الداخل أو الخارج لحمايتها من الانهيار.
مثال: ظفرة البير قوية وما تنهد مع السيول.
الوسوم: architecture، water، well
ملاحظة: تدل الظفرة على مهارة البناء التقليدي للحفاظ على موارد المياه. بشد الظاء"
571,ظُبْعَة,ظبعة,Zb3h,ظبع,Noun,object,قطعة أو لقمة,تستخدم لوصف قطعة من الخبز أو جزء منه، يقال (ظُبعة من خبز).,general,"[""كسرة"", ""شطيرة""]",[],بضم الظاء,قاموس اللهجة الحضرمية - فهد بن هلابي - ص 88,"[{""f"": ""أعطني قطعة خبز أسد بها جوعي."", ""h"": ""أعطني ظبعة خبز بسد بها جوعي.""}]",[],"[""food"", ""bread""]","الكلمة: ظُبْعَة (ظبعة)
الجذر: ظبع
الفصحى: قطعة أو لقمة
المعنى: تستخدم لوصف قطعة من الخبز أو جزء منه، يقال (ظُبعة من خبز).
المرادفات: كسرة، شطيرة
مثال: أعطني ظبعة خبز بسد بها جوعي.
الوسوم: food، bread
ملاحظة: بضم الظاء"
572,ظَرْطَة,ظرطه,ZrTh,ظرط,Noun,object,الضراط,خروج الغازات من الدبر بصوت.,general,[],[],كلمة عامية صريحة.,قاموس اللهجة الحضرمية - فهد بن هلابي - ص 88,[],[],"[""daily life"", ""body"", ""gas""]","الكلمة: ظَرْطَة (ظرطه)
الجذر: ظرط
الفصحى: الضراط
المعنى: خروج الغازات من الدبر بصوت.
الوسوم: daily life، body، gas
ملاحظة: كلمة عامية صريحة."
573,اَلْعَيْف,العيف,al3yf,عيف,Adjective,descriptor,الرديء أو الوسخ,وصف للشيء غير المحبب أو الرديء الجودة أو المتسخ.,general,"[""الرديء"", ""الخسيس""]",[],في لهجة أهل الغيل والشحر تنطق (العوف) بقلب الياء واواً.,قاموس اللهجة الحضرمية - فهد بن هلابي - ص 89,"[{""f"": ""هذا القماش رديء، لونه يتغير بسرعة."", ""h"": ""هذا القماش عيف، لونه يتغير بسرعة.""}]","[{""f"": ""الرديء يبقى رديئاً حتى في أوقات الزينة."", ""h"": ""العيف عيف حتى يوم العيد.""}]","[""adjectives"", ""daily life"", ""bad""]","الكلمة: اَلْعَيْف (العيف)
الجذر: عيف
الفصحى: الرديء أو الوسخ
المعنى: وصف للشيء غير المحبب أو الرديء الجودة أو المتسخ.
المرادفات: الرديء، الخسيس
مثال: هذا القماش عيف، لونه يتغير بسرعة.
الوسوم: adjectives، daily life، bad
ملاحظة: في لهجة أهل الغيل والشحر تنطق (العوف) بقلب الياء واواً."
574,اَلْعُكْضَة,العكضة,al3kDh,عكض,Noun,object,المحصول الثاني,المحصول الذي ينبت مرة ثانية من نفس البذور أو الجذور بعد الحصاد الأول.,general,[],[],مصطلح زراعي بامتياز يتعلق بدورة نمو النبات.,قاموس اللهجة الحضرمية - فهد بن هلابي - ص 89,"[{""f"": ""المحصول الثاني هذا العام كان مباركاً."", ""h"": ""العكضة هذا السنة كانت مباركة.""}]",[],"[""agriculture"", ""second harvest""]","الكلمة: اَلْعُكْضَة (العكضة)
الجذر: عكض
الفصحى: المحصول الثاني
المعنى: المحصول الذي ينبت مرة ثانية من نفس البذور أو الجذور بعد الحصاد الأول.
مثال: العكضة هذا السنة كانت مباركة.
الوسوم: agriculture، second harvest
ملاحظة: مصطلح زراعي بامتياز يتعلق بدورة نمو النبات."
575,عَوَّر,عور,3wr,عور,Verb,action,آذى أو جرح,فعل بمعنى أصاب بالأذى الجسدي أو تسبب في جرح (بتشديد الواو).,general,"[""آذى"", ""جرح""]",[],بشد الواو,قاموس اللهجة الحضرمية - فهد بن هلابي - ص 89,"[{""f"": ""انتبه لكي لا تجرح يدك بالسكين."", ""h"": ""انتبه لا تعور يدك بالشفره.""}]",[],"[""verbs"", ""health"", ""cut""]","الكلمة: عَوَّر (عور)
الجذر: عور
الفصحى: آذى أو جرح
المعنى: فعل بمعنى أصاب بالأذى الجسدي أو تسبب في جرح (بتشديد الواو).
المرادفات: آذى، جرح
مثال: انتبه لا تعور يدك بالشفره.
الوسوم: verbs، health، cut
ملاحظة: بشد الواو"
576,عَوَّاد,عواد,3wad,عود,Noun,object,المعايدة,تبادل الزيارات والتهاني في أيام العيد.,general,"[""معايدة""]",[],يقول الحضارم (عوادكم مبارك) للتهنئة بالعيد. بضم العين,قاموس اللهجة الحضرمية - فهد بن هلابي - ص 89,"[{""f"": ""أنهينا صلاة العيد وبدأنا في تبادل الزيارات."", ""h"": ""خلصنا صلاة العيد وبدينا في العواد.""}]",[],"[""social customs"", ""religious events"", ""eid""]","الكلمة: عَوَّاد (عواد)
الجذر: عود
الفصحى: المعايدة
المعنى: تبادل الزيارات والتهاني في أيام العيد.
المرادفات: معايدة
مثال: خلصنا صلاة العيد وبدينا في العواد.
الوسوم: social customs، religious events، eid
ملاحظة: يقول الحضارم (عوادكم مبارك) للتهنئة بالعيد. بضم العين"
577,العصبي,العصبي,al3Sby,عصب,Noun,object,دكة خارجية,مرتفع واسع مبني من الطين أو الحجر يقع خارج البيت للجلوس عليه.,general,"[""دكة""]",[],مكان مخصص لتجمع الرجال والسمر في المساء. سكون الصاد والياء,قاموس اللهجة الحضرمية - فهد بن هلابي - ص 89,"[{""f"": ""جلسنا على الدكة الخارجية وقت المغرب نتحدث."", ""h"": ""جلسنا في العصبي وقت المغرب نتشاكي.""}]",[],"[""architecture"", ""social"", ""night""]","الكلمة: العصبي
الجذر: عصب
الفصحى: دكة خارجية
المعنى: مرتفع واسع مبني من الطين أو الحجر يقع خارج البيت للجلوس عليه.
المرادفات: دكة
مثال: جلسنا في العصبي وقت المغرب نتشاكي.
الوسوم: architecture، social، night
ملاحظة: مكان مخصص لتجمع الرجال والسمر في المساء. سكون الصاد والياء"
578,اَلْعُجْرَة,العجرة,al3jrh,عجر,Noun,object,نواة السدر,النواة الصلبة الموجودة داخل ثمرة الدوم (ثمر شجر السدر).,general,"[""عيرة""]",[],يشار إليها أحياناً بـ 'عيرة'. بقلب الجيم ياء احيانا عند  بعض المناطق,قاموس اللهجة الحضرمية - فهد بن هلابي - ص 89,"[{""f"": ""ثمر السدر نواه كبير اليوم."", ""h"": ""الدوم ماله عجرته كبيرة اليوم.""}, {""f"": ""النواة هذه كبيرة جداً."", ""h"": ""العيره هذه كبيرة جداً.""}]",[],"[""nature"", ""plants"", ""seed""]","الكلمة: اَلْعُجْرَة (العجرة)
الجذر: عجر
الفصحى: نواة السدر
المعنى: النواة الصلبة الموجودة داخل ثمرة الدوم (ثمر شجر السدر).
المرادفات: عيرة
مثال: الدوم ماله عجرته كبيرة اليوم.
الوسوم: nature، plants، seed
ملاحظة: يشار إليها أحياناً بـ 'عيرة'. بقلب الجيم ياء احيانا عند  بعض المناطق"
579,عرب,عرب,3rb,عرب,Verb,action,أصلح أو جهز,فعل بمعنى أصلح الشيء أو قام بتجهيزه وإحضاره للعمل.,general,"[""أصلح"", ""هيأ""]",[],بشد الراء,قاموس اللهجة الحضرمية - فهد بن هلابي - ص 89,"[{""f"": ""جهز الأدوات قبل أن تبدأ العمل."", ""h"": ""عرب العدة قبل ما تبدأ الشغل.""}]",[],"[""verbs"", ""daily life"", ""prepare""]","الكلمة: عرب
الجذر: عرب
الفصحى: أصلح أو جهز
المعنى: فعل بمعنى أصلح الشيء أو قام بتجهيزه وإحضاره للعمل.
المرادفات: أصلح، هيأ
مثال: عرب العدة قبل ما تبدأ الشغل.
الوسوم: verbs، daily life، prepare
ملاحظة: بشد الراء"
580,اَلْعِشْرِق,العشرق,al3shrq,عشرق,Noun,object,نبات بري,نبات بري له ثمار تجف وتحدث صوتاً كالقرقشة مع الريح، وله نوعان: (عشرق بافقير) ذو النتوءات، و(عشرق بامليسة) الأملس.,general,[],[],يستخدم في بعض العلاجات الشعبية القديمة.,قاموس اللهجة الحضرمية - فهد بن هلابي - ص 89,"[{""f"": ""وادينا ممتلئ بنبات العشرق بعد المطر."", ""h"": ""وادينا مليان عشرق بعد المطر.""}]",[],"[""nature"", ""plants"", ""plant""]","الكلمة: اَلْعِشْرِق (العشرق)
الجذر: عشرق
الفصحى: نبات بري
المعنى: نبات بري له ثمار تجف وتحدث صوتاً كالقرقشة مع الريح، وله نوعان: (عشرق بافقير) ذو النتوءات، و(عشرق بامليسة) الأملس.
مثال: وادينا مليان عشرق بعد المطر.
الوسوم: nature، plants، plant
ملاحظة: يستخدم في بعض العلاجات الشعبية القديمة."
581,اَلْعَفَاشَة,العفاشه,al3fashh,عفش,Noun,emotion,الرعونة,وصف للشخص الطائش أو الذي يتصرف بعدم تعقل ورعونة.,general,"[""رعونة"", ""طيش""]",[],,قاموس اللهجة الحضرمية - فهد بن هلابي - ص 90,"[{""f"": ""اترك الرعونة وكن عاقلاً."", ""h"": ""بطل العفاشة وكن عاقل.""}]",[],"[""emotions"", ""social""]","الكلمة: اَلْعَفَاشَة (العفاشه)
الجذر: عفش
الفصحى: الرعونة
المعنى: وصف للشخص الطائش أو الذي يتصرف بعدم تعقل ورعونة.
المرادفات: رعونة، طيش
مثال: بطل العفاشة وكن عاقل.
الوسوم: emotions، social"
582,اَلْعَدَالَة,العداله,al3dalh,عدل,Noun,object,ضمانة للصلح,شيء ذو قيمة مادية يضعه المتنازعون بيد طرف محايد كضمان للالتزام بحل الخلاف.,general,"[""ضمانة""]",[],قديماً كانت العدالة خنجراً أو بندقية، والآن قد تكون سيارة أو ساعة.,قاموس اللهجة الحضرمية - فهد بن هلابي - ص 90,"[{""f"": ""وضعوا الضمانة عند الشيخ حتى تنتهي القضية."", ""h"": ""حطوا العدالة عند الشيخ حتى ينتهي الحق.""}]",[],"[""social customs"", ""law"", ""justice""]","الكلمة: اَلْعَدَالَة (العداله)
الجذر: عدل
الفصحى: ضمانة للصلح
المعنى: شيء ذو قيمة مادية يضعه المتنازعون بيد طرف محايد كضمان للالتزام بحل الخلاف.
المرادفات: ضمانة
مثال: حطوا العدالة عند الشيخ حتى ينتهي الحق.
الوسوم: social customs، law، justice
ملاحظة: قديماً كانت العدالة خنجراً أو بندقية، والآن قد تكون سيارة أو ساعة."
583,اَلْعَمَارِي,العماري,al3mary,عمر,Noun,object,خزانة حائطية,خزانة (دولاب) خشبية يتم بناؤها وتثبيتها داخل تجويف الجدار.,general,"[""كبت""]",[],يتميز البيت الحضرمي القديم بكثرة العماري لتوفير المساحة.,قاموس اللهجة الحضرمية - فهد بن هلابي - ص 90,"[{""f"": ""رتب الملابس في الخزانة الحائطية."", ""h"": ""رص الملابس في العماري.""}]",[],"[""architecture"", ""home items"", ""storage""]","الكلمة: اَلْعَمَارِي (العماري)
الجذر: عمر
الفصحى: خزانة حائطية
المعنى: خزانة (دولاب) خشبية يتم بناؤها وتثبيتها داخل تجويف الجدار.
المرادفات: كبت
مثال: رص الملابس في العماري.
الوسوم: architecture، home items، storage
ملاحظة: يتميز البيت الحضرمي القديم بكثرة العماري لتوفير المساحة."
584,اَلْعَقْبَة,العقبه,al3qbh,عقب,Noun,object,الراحة,تستخدم بمعنى الراحة أو الاستراحة بعد تعب.,general,"[""راحة""]",[],بضم العين,قاموس اللهجة الحضرمية - فهد بن هلابي - ص 90,"[{""f"": ""لم نجد الراحة من كثرة العمل."", ""h"": ""ما لقينا العقبة من كثر الشغل.""}]",[],"[""daily life"", ""rest""]","الكلمة: اَلْعَقْبَة (العقبه)
الجذر: عقب
الفصحى: الراحة
المعنى: تستخدم بمعنى الراحة أو الاستراحة بعد تعب.
المرادفات: راحة
مثال: ما لقينا العقبة من كثر الشغل.
الوسوم: daily life، rest
ملاحظة: بضم العين"
585,عَارِض,عارض,3arD,عرض,Noun,time,بوادر المطر,بداية ظهور السحب الممطرة أو الأمطار القادمة من الأفق.,general,"[""نشو""]",[],,قاموس اللهجة الحضرمية - فهد بن هلابي - ص 90,"[{""f"": ""انظر إلى سحب المطر من جهة القبلة، الخير قادم."", ""h"": ""شوف العارض من جهة القبلة، الخير قادم.""}]",[],"[""nature"", ""weather"", ""cloud""]","الكلمة: عَارِض (عارض)
الجذر: عرض
الفصحى: بوادر المطر
المعنى: بداية ظهور السحب الممطرة أو الأمطار القادمة من الأفق.
المرادفات: نشو
مثال: شوف العارض من جهة القبلة، الخير قادم.
الوسوم: nature، weather، cloud"
586,عَفَاشَة,عفاشه,3fashh,عفش,Verb,action,عربدة,القيام بأعمال فيها استعراض للقوة أو فوضى وعدم انضباط.,general,"[""عربدة""]",[],,قاموس اللهجة الحضرمية - فهد بن هلابي - ص 90,[],[],"[""social"", ""daily life"", ""chaos""]","الكلمة: عَفَاشَة (عفاشه)
الجذر: عفش
الفصحى: عربدة
المعنى: القيام بأعمال فيها استعراض للقوة أو فوضى وعدم انضباط.
المرادفات: عربدة
الوسوم: social، daily life، chaos"
587,اَلْعُشَر,العشر,al3shr,عشر,Noun,object,نبات العشر,نبات بري سيقانه تحتوي على سائل أبيض سام، يستخدم في دباغة الجلود وبناء العريش لخفته.,general,[],[],الحذر من السائل الأبيض (اللبن) لأنه يؤذي العينين.,قاموس اللهجة الحضرمية - فهد بن هلابي - ص 90,"[{""f"": ""بنينا الكوخ الصيفي من خشب نبات العشر."", ""h"": ""بنينا العريش من حطب العشر.""}]",[],"[""nature"", ""plants"", ""plant""]","الكلمة: اَلْعُشَر (العشر)
الجذر: عشر
الفصحى: نبات العشر
المعنى: نبات بري سيقانه تحتوي على سائل أبيض سام، يستخدم في دباغة الجلود وبناء العريش لخفته.
مثال: بنينا العريش من حطب العشر.
الوسوم: nature، plants، plant
ملاحظة: الحذر من السائل الأبيض (اللبن) لأنه يؤذي العينين."
588,اَلْعَرُوْس,العروس,al3rws,عرس,Noun,object,جدار مركزي,جدار قوي يبنى في وسط الحصن أو البيت الطيني ليكون ركيزة أساسية يرتكز عليها السقف والمبنى.,general,[],[],يختلف معناه هنا عن (العروس) بمعنى المرأة المزفوفة.,قاموس اللهجة الحضرمية - فهد بن هلابي - ص 91,"[{""f"": ""جدار الحصن المركزي سميك ومبني بالجير."", ""h"": ""عروس الحصن عريضة ومبنية بنورة.""}]",[],"[""architecture"", ""building""]","الكلمة: اَلْعَرُوْس (العروس)
الجذر: عرس
الفصحى: جدار مركزي
المعنى: جدار قوي يبنى في وسط الحصن أو البيت الطيني ليكون ركيزة أساسية يرتكز عليها السقف والمبنى.
مثال: عروس الحصن عريضة ومبنية بنورة.
الوسوم: architecture، building
ملاحظة: يختلف معناه هنا عن (العروس) بمعنى المرأة المزفوفة."
589,اَلْعَامِل,العامل,al3aml,عمل,Noun,object,مساعد البناء,الشخص الذي يساعد البناء (المعلم) في نقل الحجر وتجهيز الطين والنورة.,general,[],[],,قاموس اللهجة الحضرمية - فهد بن هلابي - ص 91,"[{""f"": ""نادِ المساعد ليرفع الحجر للبناء."", ""h"": ""نادي العامل يرفع الحجر للمعلم.""}]",[],"[""jobs"", ""architecture"", ""building""]","الكلمة: اَلْعَامِل (العامل)
الجذر: عمل
الفصحى: مساعد البناء
المعنى: الشخص الذي يساعد البناء (المعلم) في نقل الحجر وتجهيز الطين والنورة.
مثال: نادي العامل يرفع الحجر للمعلم.
الوسوم: jobs، architecture، building"
590,اَلْعِلْب,العلب,al3lb,علب,Noun,object,شجرة السدر,الاسم المحلي الشائع لشجرة السدر في حضرموت.,general,"[""سدر""]",[],شجرة العلب مقدسة عند الحضارم لقيمتها (عسل، نبق، خشب).,قاموس اللهجة الحضرمية - فهد بن هلابي - ص 91,"[{""f"": ""جلسنا تحت شجرة سدر كبيرة في الحقل."", ""h"": ""جلسنا تحت علبة كبيرة في الجربة.""}]",[],"[""nature"", ""plants"", ""plant""]","الكلمة: اَلْعِلْب (العلب)
الجذر: علب
الفصحى: شجرة السدر
المعنى: الاسم المحلي الشائع لشجرة السدر في حضرموت.
المرادفات: سدر
مثال: جلسنا تحت علبة كبيرة في الجربة.
الوسوم: nature، plants، plant
ملاحظة: شجرة العلب مقدسة عند الحضارم لقيمتها (عسل، نبق، خشب)."
591,عَلْوَى,علوى,3lwa,علو,Noun,place,الجهة الغربية,تشير إلى الناحية الغربية من وادي حضرموت (أعالي الوادي).,general,"[""الغرب""]",[],يقابلها (حدر) للناحية الشرقية.,قاموس اللهجة الحضرمية - فهد بن هلابي - ص 91,"[{""f"": ""السيل تدفق من الجهة الغربية باتجاهنا."", ""h"": ""السيل شل من علوى وجاي.""}]",[],"[""nature"", ""geography"", ""west""]","الكلمة: عَلْوَى (علوى)
الجذر: علو
الفصحى: الجهة الغربية
المعنى: تشير إلى الناحية الغربية من وادي حضرموت (أعالي الوادي).
المرادفات: الغرب
مثال: السيل شل من علوى وجاي.
الوسوم: nature، geography، west
ملاحظة: يقابلها (حدر) للناحية الشرقية."
592,اَلْعَسْعَش,العسعش,al3s3sh,عسعش,Noun,object,فسائل النخيل الكثيفة,النخيل الصغير الذي ينبت بشكل كثيف وعشوائي حول جذع النخلة الأم.,general,[],[],يجب تنظيف النخلة من العسعش لتقوى.,قاموس اللهجة الحضرمية - فهد بن هلابي - ص 91,"[{""f"": ""هذه النخلة تحتاج لتنظيف من الفسائل العشوائية."", ""h"": ""النخلة هذي محتاجة تنظيف من العسعش.""}]",[],"[""agriculture"", ""palm tree""]","الكلمة: اَلْعَسْعَش (العسعش)
الجذر: عسعش
الفصحى: فسائل النخيل الكثيفة
المعنى: النخيل الصغير الذي ينبت بشكل كثيف وعشوائي حول جذع النخلة الأم.
مثال: النخلة هذي محتاجة تنظيف من العسعش.
الوسوم: agriculture، palm tree
ملاحظة: يجب تنظيف النخلة من العسعش لتقوى."
593,اَلْعِمَامَة,العمامة,al3mamh,عمم,Noun,object,الغترة أو الشماغ,غطاء الرأس الذي يرتديه الرجال.,general,"[""غترة"", ""شماغ""]",[],,قاموس اللهجة الحضرمية - فهد بن هلابي - ص 91,"[{""f"": ""رتب غطاء رأسك قبل أن تخرج."", ""h"": ""عدل عمامتك قبل ما تخرج.""}]",[],"[""clothing"", ""head""]","الكلمة: اَلْعِمَامَة (العمامة)
الجذر: عمم
الفصحى: الغترة أو الشماغ
المعنى: غطاء الرأس الذي يرتديه الرجال.
المرادفات: غترة، شماغ
مثال: عدل عمامتك قبل ما تخرج.
الوسوم: clothing، head"
594,اَلْعِيْدَة,العيده,al3ydh,عيد,Noun,object,سمك السردين الصغير,نوع من السمك الصغير جداً، يجفف غالباً ويستخدم كعلف للحيوانات أو سماد للنخيل.,coast,"[""وزف""]",[],تعتبر العيدة من أهم ركائز الاقتصاد الزراعي والحيواني في حضرموت.,قاموس اللهجة الحضرمية - فهد بن هلابي - ص 91,"[{""f"": ""اشتروا سمكاً صغيراً."", ""h"": ""اشتروا عيدة .""}]",[],"[""nature"", ""animals"", ""food"", ""fish""]","الكلمة: اَلْعِيْدَة (العيده)
الجذر: عيد
الفصحى: سمك السردين الصغير
المعنى: نوع من السمك الصغير جداً، يجفف غالباً ويستخدم كعلف للحيوانات أو سماد للنخيل.
المرادفات: وزف
مثال: اشتروا عيدة .
الوسوم: nature، animals، food، fish
ملاحظة: تعتبر العيدة من أهم ركائز الاقتصاد الزراعي والحيواني في حضرموت."
595,اَلْعَكْرَة,العكرة,al3krh,عكر,Noun,object,فتحة تهوية,فتحة صغيرة في السطح (الريم) أو أعلى الجدار لغرض التهوية وإدخال ضوء الشمس.,general,[],[],تساعد في تدوير الهواء داخل البيوت الطينية.,قاموس اللهجة الحضرمية - فهد بن هلابي - ص 91,"[{""f"": ""ضوء الشمس يدخل من فتحة التهوية."", ""h"": ""نور الشمس داخل من العكرة.""}]",[],"[""architecture"", ""ventilation""]","الكلمة: اَلْعَكْرَة (العكرة)
الجذر: عكر
الفصحى: فتحة تهوية
المعنى: فتحة صغيرة في السطح (الريم) أو أعلى الجدار لغرض التهوية وإدخال ضوء الشمس.
مثال: نور الشمس داخل من العكرة.
الوسوم: architecture، ventilation
ملاحظة: تساعد في تدوير الهواء داخل البيوت الطينية."
596,اَلْعِشْوَة,العشوة,al3shwh,عشو,Noun,person,حفل زفاف العروس,الحفل الذي يقام للعروس في بيت زوجها، حيث تظهر بكامل زينتها وتشارك في رقصة الزفين.,general,"[""البيت""]",[],تسمى في المناطق الغربية (البيت). بشد الشين,قاموس اللهجة الحضرمية - فهد بن هلابي - ص 92,"[{""f"": ""الليلة حفل زفاف آل فلان، الرقص سيبدأ باكراً."", ""h"": ""الليلة عشوة آل فلان، الزفين بيبدأ بدري.""}]",[],"[""social customs"", ""marriage"", ""wedding""]","الكلمة: اَلْعِشْوَة (العشوة)
الجذر: عشو
الفصحى: حفل زفاف العروس
المعنى: الحفل الذي يقام للعروس في بيت زوجها، حيث تظهر بكامل زينتها وتشارك في رقصة الزفين.
المرادفات: البيت
مثال: الليلة عشوة آل فلان، الزفين بيبدأ بدري.
الوسوم: social customs، marriage، wedding
ملاحظة: تسمى في المناطق الغربية (البيت). بشد الشين"
597,اَلْعَفَاش,العفاش,al3fash,عفش,Noun,time,جرف السيول,ما يجرفه السيل معه من بقايا الأشجار والأحجار والطين.,general,[],[],,قاموس اللهجة الحضرمية - فهد بن هلابي - ص 92,"[{""f"": ""السيل اليوم قوي جرف معه الكثير من البقايا."", ""h"": ""السيل اليوم قوي جاب عفاش كثير.""}]",[],"[""nature"", ""weather"", ""flood""]","الكلمة: اَلْعَفَاش (العفاش)
الجذر: عفش
الفصحى: جرف السيول
المعنى: ما يجرفه السيل معه من بقايا الأشجار والأحجار والطين.
مثال: السيل اليوم قوي جاب عفاش كثير.
الوسوم: nature، weather، flood"
598,اَلْعَجَم,العجم,al3jm,عجم,Noun,object,نوى التمر,البذرة الصلبة الموجودة داخل التمرة.,general,"[""فصم""]",[],يستخدم أحياناً كعلف بعد طحنه. وبعض المناطق يقولوا عيم بقلب الجيم ياء,قاموس اللهجة الحضرمية - فهد بن هلابي - ص 92,"[{""f"": ""لا ترمِ نوى التمر، نجمعه للغنم."", ""h"": ""لا ترمي العجم(عيم)، نجمعه للغنم.""}]","[{""f"": ""التربية الصالحة أساسها قوي كنوى التمر."", ""h"": ""الترباه تعقيد عجم.""}]","[""agriculture"", ""food""]","الكلمة: اَلْعَجَم (العجم)
الجذر: عجم
الفصحى: نوى التمر
المعنى: البذرة الصلبة الموجودة داخل التمرة.
المرادفات: فصم
مثال: لا ترمي العجم(عيم)، نجمعه للغنم.
الوسوم: agriculture، food
ملاحظة: يستخدم أحياناً كعلف بعد طحنه. وبعض المناطق يقولوا عيم بقلب الجيم ياء"
599,اَلْعَقْد,العقد,al3qd,عقد,Noun,person,عقد القرآن,مراسم كتب الكتاب وإعلان الزواج رسمياً.,general,"[""ملك""]",[],,قاموس اللهجة الحضرمية - فهد بن هلابي - ص 92,"[{""f"": ""عقد قران محمد غداً بعد صلاة العصر في المسجد."", ""h"": ""عقد محمد بكرة بعد صلاة العصر في المسجد.""}]",[],"[""social customs"", ""marriage"", ""wedding""]","الكلمة: اَلْعَقْد (العقد)
الجذر: عقد
الفصحى: عقد القرآن
المعنى: مراسم كتب الكتاب وإعلان الزواج رسمياً.
المرادفات: ملك
مثال: عقد محمد بكرة بعد صلاة العصر في المسجد.
الوسوم: social customs، marriage، wedding"
600,عُجْرَة,عجرة,3jrh,عجر,Noun,object,بذرة السدر,هي نفسها العُجرة (المدخل 563) وتطلق على بذرة ثمر السدر.,general,"[""عيرة""]",[],يسمى بالعيرة بقلب العير ياء,قاموس اللهجة الحضرمية - فهد بن هلابي - ص 92,[],[],"[""nature"", ""plants"", ""plant""]","الكلمة: عُجْرَة (عجرة)
الجذر: عجر
الفصحى: بذرة السدر
المعنى: هي نفسها العُجرة (المدخل 563) وتطلق على بذرة ثمر السدر.
المرادفات: عيرة
الوسوم: nature، plants، plant
ملاحظة: يسمى بالعيرة بقلب العير ياء"
601,اَلْعَفْر,العفر,al3fr,عفر,Verb,action,تجهيز الأرض للزراعة,عملية حرث وتجهيز الأرض قبل بذر بذور القمح (البر) أو الذرة.,general,[],[],مرحلة أساسية في التقويم الزراعي الحضرمي.,قاموس اللهجة الحضرمية - فهد بن هلابي - ص 92,"[{""f"": ""بدأنا تجهيز الأرض استعداداً للموسم الجديد."", ""h"": ""بدأنا العفر استعداداً للموسم الجديد.""}]",[],"[""agriculture"", ""farming""]","الكلمة: اَلْعَفْر (العفر)
الجذر: عفر
الفصحى: تجهيز الأرض للزراعة
المعنى: عملية حرث وتجهيز الأرض قبل بذر بذور القمح (البر) أو الذرة.
مثال: بدأنا العفر استعداداً للموسم الجديد.
الوسوم: agriculture، farming
ملاحظة: مرحلة أساسية في التقويم الزراعي الحضرمي."
602,اَلْعَدِي,العدي,al3dy,عدو,Noun,object,النقود,كلمة عامية تطلق على المال أو النقود السائلة.,general,"[""فلوس"", ""بيسات""]",[],,قاموس اللهجة الحضرمية - فهد بن هلابي - ص 92,"[{""f"": ""نفدت النقود التي كانت معي."", ""h"": ""خلصت العدي اللي معي.""}]",[],"[""daily life"", ""economy"", ""money""]","الكلمة: اَلْعَدِي (العدي)
الجذر: عدو
الفصحى: النقود
المعنى: كلمة عامية تطلق على المال أو النقود السائلة.
المرادفات: فلوس، بيسات
مثال: خلصت العدي اللي معي.
الوسوم: daily life، economy، money"
603,اَلْمِثْمَر,المثمر,almthmr,ثمر,Noun,object,عذق النخلة,غصن النخلة الذي يحمل الثمار (العذق)، وبعد جفافه يستخدم كمكنسة يدوية لشوارع القرية.,general,[],[],مثال على إعادة تدوير مخلفات النخيل في الحياة اليومية.,قاموس اللهجة الحضرمية - فهد بن هلابي - ص 92,"[{""f"": ""أحضر عذق النخلة الجاف لأكنس الفناء."", ""h"": ""هات المثمر باكنس الحوش.""}]",[],"[""agriculture"", ""home items"", ""cleaning""]","الكلمة: اَلْمِثْمَر (المثمر)
الجذر: ثمر
الفصحى: عذق النخلة
المعنى: غصن النخلة الذي يحمل الثمار (العذق)، وبعد جفافه يستخدم كمكنسة يدوية لشوارع القرية.
مثال: هات المثمر باكنس الحوش.
الوسوم: agriculture، home items، cleaning
ملاحظة: مثال على إعادة تدوير مخلفات النخيل في الحياة اليومية."
604,عَنْكَر,عنكر,3nkr,عنكر,Verb,action,عرقل,فعل بمعنى وضع عقبات أو عرقل شخصاً ما في مشيه أو في عمله.,general,"[""عكس"", ""عرقل""]",[],تستخدم في الألعاب الشعبية أيضاً.,قاموس اللهجة الحضرمية - فهد بن هلابي - ص 92,"[{""f"": ""لا تعرقل طريقي."", ""h"": ""لا تعنكر لي في طريقي.""}]",[],"[""verbs"", ""social"", ""game""]","الكلمة: عَنْكَر (عنكر)
الجذر: عنكر
الفصحى: عرقل
المعنى: فعل بمعنى وضع عقبات أو عرقل شخصاً ما في مشيه أو في عمله.
المرادفات: عكس، عرقل
مثال: لا تعنكر لي في طريقي.
الوسوم: verbs، social، game
ملاحظة: تستخدم في الألعاب الشعبية أيضاً."
605,اَلْعِرْقِدِي,العرقدي,al3rqdy,عرقد,Noun,object,نوع من التمر,صنف من أصناف التمور الحضرمية، يتميز بحلاوة طعمه ورقة قشرته الخارجية.,general,[],[],,قاموس اللهجة الحضرمية - فهد بن هلابي - ص 93,"[{""f"": ""تمر العرقدي أفضل نوع مع القهوة."", ""h"": ""تمر العرقدي أحسن نوع للقهوة.""}]",[],"[""agriculture"", ""food"", ""date""]","الكلمة: اَلْعِرْقِدِي (العرقدي)
الجذر: عرقد
الفصحى: نوع من التمر
المعنى: صنف من أصناف التمور الحضرمية، يتميز بحلاوة طعمه ورقة قشرته الخارجية.
مثال: تمر العرقدي أحسن نوع للقهوة.
الوسوم: agriculture، food، date"
606,اَلْعَلْيَاء,العلياء,al3lya',علو,Noun,time,نسمات باردة,الهواء العليل أو النسمات الباردة التي تهب بعد هطول الأمطار وتلطف الجو.,general,"[""براد""]",[],بشد اللام,قاموس اللهجة الحضرمية - فهد بن هلابي - ص 93,"[{""f"": ""ما أجمل النسمات الباردة اليوم، إنها تنعش الروح."", ""h"": ""ما شاء الله على العلياء اليوم ترد الروح.""}]",[],"[""nature"", ""weather"", ""rain""]","الكلمة: اَلْعَلْيَاء (العلياء)
الجذر: علو
الفصحى: نسمات باردة
المعنى: الهواء العليل أو النسمات الباردة التي تهب بعد هطول الأمطار وتلطف الجو.
المرادفات: براد
مثال: ما شاء الله على العلياء اليوم ترد الروح.
الوسوم: nature، weather، rain
ملاحظة: بشد اللام"
607,اَلْعَوَامِل,العوامل,al3waml,عمل,Noun,object,جِمال الحرث,الجمال (الإبل) المدربة التي تستخدم لجر المحاريث لزراعة الأراضي التي تروى بالسيول.,general,[],[],,قاموس اللهجة الحضرمية - فهد بن هلابي - ص 93,"[{""f"": ""جمال الحرث تعمل في الحقل منذ الصباح."", ""h"": ""العوامل تشتغل في الطين من الصبح.""}]",[],"[""agriculture"", ""animals"", ""horse""]","الكلمة: اَلْعَوَامِل (العوامل)
الجذر: عمل
الفصحى: جِمال الحرث
المعنى: الجمال (الإبل) المدربة التي تستخدم لجر المحاريث لزراعة الأراضي التي تروى بالسيول.
مثال: العوامل تشتغل في الطين من الصبح.
الوسوم: agriculture، animals، horse"
608,عُرُوْقُ اَلنَّخْلَة,عروق النخلة,3rwq alnkhlh,عرق,Noun,object,جذور النخلة,المجموع الجذري للنخلة الذي يمتد في باطن الأرض.,general,[],[],,قاموس اللهجة الحضرمية - فهد بن هلابي - ص 93,"[{""f"": ""جذور النخلة الجذرية المجموع ينمو في الأرض."", ""h"": ""عروق النخلة تنمو في الأرض.""}]",[],"[""agriculture"", ""nature"", ""tree""]","الكلمة: عُرُوْقُ اَلنَّخْلَة (عروق النخلة)
الجذر: عرق
الفصحى: جذور النخلة
المعنى: المجموع الجذري للنخلة الذي يمتد في باطن الأرض.
مثال: عروق النخلة تنمو في الأرض.
الوسوم: agriculture، nature، tree"
609,عِدَّةُ اَلشَّاهِي,عدة الشاهي,3dh alshahy,عدد,Noun,object,أدوات الشاي,مجموعة الأدوات المستخدمة لتحضير شاي البخاري (السماور، الأباريق، الفناجين، السكرية).,general,[],[],تحضير الشاي في حضرموت طقس اجتماعي يومي.,قاموس اللهجة الحضرمية - فهد بن هلابي - ص 93,"[{""f"": ""جهز أدوات الشاي لنقيم جلسة سمر."", ""h"": ""جهز عدة الشاهي با نسوي جلسة.""}]",[],"[""daily life"", ""food"", ""tea""]","الكلمة: عِدَّةُ اَلشَّاهِي (عدة الشاهي)
الجذر: عدد
الفصحى: أدوات الشاي
المعنى: مجموعة الأدوات المستخدمة لتحضير شاي البخاري (السماور، الأباريق، الفناجين، السكرية).
مثال: جهز عدة الشاهي با نسوي جلسة.
الوسوم: daily life، food، tea
ملاحظة: تحضير الشاي في حضرموت طقس اجتماعي يومي."
610,اَلْعَانَة,العانة,al3anh,عون,Noun,object,عملة قديمة,عملة نحاسية قديمة قليلة القيمة كانت تستخدم في جنوب اليمن، وهي جزء من القرش.,general,[],[],كانت العملات تشمل (العانة، الباولة، البيسة، الأردي).,قاموس اللهجة الحضرمية - فهد بن هلابي - ص 93,"[{""f"": ""لا يملك حتى فلساً واحداً في جيبه."", ""h"": ""ما معه ولا عانة في جيبه.""}]",[],"[""economy"", ""history"", ""money""]","الكلمة: اَلْعَانَة (العانة)
الجذر: عون
الفصحى: عملة قديمة
المعنى: عملة نحاسية قديمة قليلة القيمة كانت تستخدم في جنوب اليمن، وهي جزء من القرش.
مثال: ما معه ولا عانة في جيبه.
الوسوم: economy، history، money
ملاحظة: كانت العملات تشمل (العانة، الباولة، البيسة، الأردي)."
611,اَلْعَطْفَة,العطفة,al3Tfh,عطف,Noun,place,المنعطف,الشارع الملتوي أو الزاوية التي ينحني عندها الطريق.,general,"[""اللفة""]",[],,قاموس اللهجة الحضرمية - فهد بن هلابي - ص 93,"[{""f"": ""منزله بعد المنعطف الثاني."", ""h"": ""بيته بعد العطفة الثانية.""}]",[],"[""geography"", ""daily life"", ""street""]","الكلمة: اَلْعَطْفَة (العطفة)
الجذر: عطف
الفصحى: المنعطف
المعنى: الشارع الملتوي أو الزاوية التي ينحني عندها الطريق.
المرادفات: اللفة
مثال: بيته بعد العطفة الثانية.
الوسوم: geography، daily life، street"
612,اَلْعِضَاد,العضاد,al3Dad,عضد,Noun,object,سوار الزند,سوار من الفضة أو الحديد يلبسه الرجل في أعلى ساعده (الزند)، وجمعه (عِضَدَة).,general,[],[],كان يلبس قديماً كزينة أو كدلالة على القوة.,قاموس اللهجة الحضرمية - فهد بن هلابي - ص 93,"[{""f"": ""سوار الزند مصنوع من الفضة ومنقوش بزخارف قديمة."", ""h"": ""العضاد فضة ومنقوش بزخارف قديمة.""}]",[],"[""clothing"", ""history"", ""jewelry""]","الكلمة: اَلْعِضَاد (العضاد)
الجذر: عضد
الفصحى: سوار الزند
المعنى: سوار من الفضة أو الحديد يلبسه الرجل في أعلى ساعده (الزند)، وجمعه (عِضَدَة).
مثال: العضاد فضة ومنقوش بزخارف قديمة.
الوسوم: clothing، history، jewelry
ملاحظة: كان يلبس قديماً كزينة أو كدلالة على القوة."
613,عَفَنْدَش,عفندش,3fndsh,عفندش,Noun,object,نوع من الطيور,اسم يطلق محلياً على نوع من أنواع الطيور البرية الصغيرة.,general,[],[],,قاموس اللهجة الحضرمية - فهد بن هلابي - ص 94,"[{""f"": ""الطائر الصغير يزقزق فوق الشجرة."", ""h"": ""العفندش يزقزق فوق الشجرة.""}]",[],"[""nature"", ""animals"", ""bird""]","الكلمة: عَفَنْدَش (عفندش)
الجذر: عفندش
الفصحى: نوع من الطيور
المعنى: اسم يطلق محلياً على نوع من أنواع الطيور البرية الصغيرة.
مثال: العفندش يزقزق فوق الشجرة.
الوسوم: nature، animals، bird"
614,عُنْفَيْطَة,عنفيطه,3nfyTh,عنفط,Noun,object,مزمار / آلة نفخ موسيقية,آلة موسيقية شعبية بسيطة تخرج صوتاً عن طريق النفخ فيها، وغالباً ما يصنعها الأطفال من أغصان الأشجار أو البلاستيك.,general,"[""مزمار"", ""صفيطة""]",[],تستخدم عادة في الألعاب الشعبية للأطفال.,قاموس اللهجة الحضرمية - فهد بن هلابي - ص 94,"[{""f"": ""الطفل الصغير يلعب بالمزمار منذ الصباح."", ""h"": ""الزقر الصغير يلعب بالعنفيطة من الصبح.""}]",[],"[""daily life"", ""entertainment"", ""music""]","الكلمة: عُنْفَيْطَة (عنفيطه)
الجذر: عنفط
الفصحى: مزمار / آلة نفخ موسيقية
المعنى: آلة موسيقية شعبية بسيطة تخرج صوتاً عن طريق النفخ فيها، وغالباً ما يصنعها الأطفال من أغصان الأشجار أو البلاستيك.
المرادفات: مزمار، صفيطة
مثال: الزقر الصغير يلعب بالعنفيطة من الصبح.
الوسوم: daily life، entertainment، music
ملاحظة: تستخدم عادة في الألعاب الشعبية للأطفال."
615,اَلْعَتَم,العتم,al3tm,عتم,Noun,object,قناة ري صغرى,قناة الري الصغيرة التي تتفرع من الساقية الرئيسية لتوزيع الماء وسط الزرع وبين الأحواض.,general,"[""ساقية"", ""فلج صغير""]",[],يتم التحكم بفتح وإغلاق العتم بواسطة التراب لتوجيه الماء.,قاموس اللهجة الحضرمية - فهد بن هلابي - ص 94,"[{""f"": ""أغلق قناة الري بيدك حتى يمتلئ الحوض بالماء."", ""h"": ""سد العتم بيدك لما يمتلي الحوض.""}]",[],"[""agriculture"", ""water"", ""irrigation""]","الكلمة: اَلْعَتَم (العتم)
الجذر: عتم
الفصحى: قناة ري صغرى
المعنى: قناة الري الصغيرة التي تتفرع من الساقية الرئيسية لتوزيع الماء وسط الزرع وبين الأحواض.
المرادفات: ساقية، فلج صغير
مثال: سد العتم بيدك لما يمتلي الحوض.
الوسوم: agriculture، water، irrigation
ملاحظة: يتم التحكم بفتح وإغلاق العتم بواسطة التراب لتوجيه الماء."
616,اَلْعَيْزَا,العيزا,al3yza,عيز,Noun,object,طائر الحداة / الجوارح,طائر الحداة المعروفة بالخطف، ويطلق الاسم أحياناً في بعض مناطق حضرموت على الصقور والنسور بشكل عام.,general,"[""حداة"", ""صقر""]",[],تشتهر بخطف الفرائس بسرعة فائقة.,قاموس اللهجة الحضرمية - فهد بن هلابي - ص 94,"[{""f"": ""انظر إلى الحداة تحلق فوق الدواجن."", ""h"": ""شف العيزا تحوم فوق الدواجن.""}]",[],"[""nature"", ""birds"", ""animals"", ""bird""]","الكلمة: اَلْعَيْزَا (العيزا)
الجذر: عيز
الفصحى: طائر الحداة / الجوارح
المعنى: طائر الحداة المعروفة بالخطف، ويطلق الاسم أحياناً في بعض مناطق حضرموت على الصقور والنسور بشكل عام.
المرادفات: حداة، صقر
مثال: شف العيزا تحوم فوق الدواجن.
الوسوم: nature، birds، animals، bird
ملاحظة: تشتهر بخطف الفرائس بسرعة فائقة."
617,اَلْعِقَال,العقال,al3qal,عقل,Noun,object,العقال العربي,العقال المعروف الذي يوضع فوق الغترة، كان يلبسه البدو في حضرموت قديماً ثم انقرض استخدامه في اللباس الحضرمي التقليدي الحالي.,general,[],[],يعتبر الآن من الملابس التاريخية في المنطقة.,قاموس اللهجة الحضرمية - فهد بن هلابي - ص 94,"[{""f"": ""صور الأجداد تظهرهم وهم يرتدون العقال والمقصب."", ""h"": ""صور الجدود تظهرهم بالعقال والمقصب.""}]",[],"[""clothing"", ""history""]","الكلمة: اَلْعِقَال (العقال)
الجذر: عقل
الفصحى: العقال العربي
المعنى: العقال المعروف الذي يوضع فوق الغترة، كان يلبسه البدو في حضرموت قديماً ثم انقرض استخدامه في اللباس الحضرمي التقليدي الحالي.
مثال: صور الجدود تظهرهم بالعقال والمقصب.
الوسوم: clothing، history
ملاحظة: يعتبر الآن من الملابس التاريخية في المنطقة."
618,اَلْعَطَبِي,العطبي,al3Tby,عطب,Noun,object,رداء نسائي غليظ,نوع من أنواع الأردية النسائية (الروب) يتميز بكون قماشه غليظاً وثقيلاً.,general,[],[],يُلبس عادة للتدفئة أو كملابس منزلية رسمية قديماً.,قاموس اللهجة الحضرمية - فهد بن هلابي - ص 94,"[{""f"": ""المرأة ترتدي رداءها الغليظ وخرجت."", ""h"": ""المرة لابسة العطبي حقها وخرجن.""}]",[],"[""clothing"", ""women""]","الكلمة: اَلْعَطَبِي (العطبي)
الجذر: عطب
الفصحى: رداء نسائي غليظ
المعنى: نوع من أنواع الأردية النسائية (الروب) يتميز بكون قماشه غليظاً وثقيلاً.
مثال: المرة لابسة العطبي حقها وخرجن.
الوسوم: clothing، women
ملاحظة: يُلبس عادة للتدفئة أو كملابس منزلية رسمية قديماً."
619,عَاد,عاد,3ad,عود,Expression,expression,الوعيد / التهديد,كلمة تستخدم للسؤال الإنكاري أو للوعيد والتهديد، وتأتي بمعنى 'هل ستفعل؟' أو 'ويل لك'.,general,"[""وعيد""]",[],وردت في الشعر الشعبي كدلالة على العزيمة والتهديد.,قاموس اللهجة الحضرمية - فهد بن هلابي - ص 94,"[{""f"": ""ألديك الجرأة لتفعلها مرة أخرى؟ (تهديد)"", ""h"": ""عادك بتسويها مرة ثانية؟""}]",[],"[""expressions"", ""social interaction"", ""threat""]","الكلمة: عَاد (عاد)
الجذر: عود
الفصحى: الوعيد / التهديد
المعنى: كلمة تستخدم للسؤال الإنكاري أو للوعيد والتهديد، وتأتي بمعنى 'هل ستفعل؟' أو 'ويل لك'.
المرادفات: وعيد
مثال: عادك بتسويها مرة ثانية؟
الوسوم: expressions، social interaction، threat
ملاحظة: وردت في الشعر الشعبي كدلالة على العزيمة والتهديد."
620,اَلْعَوْل,العول,al3wl,عول,Noun,object,نوع من الحمام البري,نوع من الحمام يشبه الحمام العادي لكنه أكثر حذراً (وجاس) من البشر، ويطير لمسافات طويلة جداً.,general,"[""حمام بري""]",[],يصعب صيده بسبب شدة حذره.,قاموس اللهجة الحضرمية - فهد بن هلابي - ص 95,"[{""f"": ""هذا النوع من الحمام لا يستقر في مكان، طيرانه لمسافات بعيدة."", ""h"": ""العول ذا ما يقر في مكان، طياره بعيد.""}]",[],"[""nature"", ""birds""]","الكلمة: اَلْعَوْل (العول)
الجذر: عول
الفصحى: نوع من الحمام البري
المعنى: نوع من الحمام يشبه الحمام العادي لكنه أكثر حذراً (وجاس) من البشر، ويطير لمسافات طويلة جداً.
المرادفات: حمام بري
مثال: العول ذا ما يقر في مكان، طياره بعيد.
الوسوم: nature، birds
ملاحظة: يصعب صيده بسبب شدة حذره."
621,العجلة,العجلة,al3jlh,عجل,Noun,object,بكرة خشبية دائرية,أداة خشبية دائرية الشكل (عجلة) تستخدم كقاعدة أو وسيط توضع عليها 'الزانة' المعروفة في الأعمال الحرفية أو البناء.,general,"[""عجلة خشبية""]",[],من الأدوات التقليدية في النجارة والبناء القديم. يقلب الجيم ياء,قاموس اللهجة الحضرمية - فهد بن هلابي - ص 95,"[{""f"": ""ضع الأداة فوق البكرة الخشبية لكي تدور."", ""h"": ""حط الزانة فوق العجلة او العيله عشان تدور.""}]",[],"[""tools"", ""handicrafts"", ""woodworking""]","الكلمة: العجلة
الجذر: عجل
الفصحى: بكرة خشبية دائرية
المعنى: أداة خشبية دائرية الشكل (عجلة) تستخدم كقاعدة أو وسيط توضع عليها 'الزانة' المعروفة في الأعمال الحرفية أو البناء.
المرادفات: عجلة خشبية
مثال: حط الزانة فوق العجلة او العيله عشان تدور.
الوسوم: tools، handicrafts، woodworking
ملاحظة: من الأدوات التقليدية في النجارة والبناء القديم. يقلب الجيم ياء"
622,عَادَك,عادك,3adk,عود,Expression,expression,لا تزال / ما زلت,تستخدم للدلالة على استمرارية الحال، بمعنى 'ما زلت على وضعك'.,general,"[""ما زلت""]",[],وردت في البيت الشهير: 'عادك إلا صغير يا عشدلي عالقنامة'.,قاموس اللهجة الحضرمية - فهد بن هلابي - ص 95,"[{""f"": ""هل لا تزال تبحث عن المشاكل؟"", ""h"": ""عادك تدور وراء المشاكل؟""}, {""f"": ""ما زلت صغيراً على هذا الحديث."", ""h"": ""عادك إلا صغير على ذا الكلام.""}]",[],"[""expressions"", ""time"", ""continuity""]","الكلمة: عَادَك (عادك)
الجذر: عود
الفصحى: لا تزال / ما زلت
المعنى: تستخدم للدلالة على استمرارية الحال، بمعنى 'ما زلت على وضعك'.
المرادفات: ما زلت
مثال: عادك تدور وراء المشاكل؟
الوسوم: expressions، time، continuity
ملاحظة: وردت في البيت الشهير: 'عادك إلا صغير يا عشدلي عالقنامة'."
623,اَلْعَوَالَة,العوالة,al3walh,عول,Noun,object,نظام رعاية النخيل بدون تكليف,مصطلح اجتماعي زراعي يعني قيام شخص برعاية وحصاد نخل شخص آخر (بسبب سفره أو عجز المالك) دون توكيل رسمي، حفظاً للمال، وللمقوم بنصيبه المتعارف عليه.,general,[],[],يدل هذا المصطلح على التكافل الاجتماعي الحضرمي في حماية الأموال الغائبة.,قاموس اللهجة الحضرمية - فهد بن هلابي - ص 95,"[{""f"": ""فلان تولى رعاية وحصاد نخل جيرانه المسافرين تطوعاً وحفاظاً على الثمر."", ""h"": ""فلان قام بالعوالة في نخل جيرانه المسافرين.""}]",[],"[""agriculture"", ""traditions"", ""social""]","الكلمة: اَلْعَوَالَة (العوالة)
الجذر: عول
الفصحى: نظام رعاية النخيل بدون تكليف
المعنى: مصطلح اجتماعي زراعي يعني قيام شخص برعاية وحصاد نخل شخص آخر (بسبب سفره أو عجز المالك) دون توكيل رسمي، حفظاً للمال، وللمقوم بنصيبه المتعارف عليه.
مثال: فلان قام بالعوالة في نخل جيرانه المسافرين.
الوسوم: agriculture، traditions، social
ملاحظة: يدل هذا المصطلح على التكافل الاجتماعي الحضرمي في حماية الأموال الغائبة."
624,اَلْعُكَر,العكر,al3kr,عكر,Noun,object,كوى / فتحات تهوية ضيقة,فتحات ضيقة جداً في جدران الدور الأرضي أو الأول من المنازل الطينية، تستخدم للتهوية والإضاءة ولا يمكن للإنسان المرور منها. مفردها (عكْرة).,general,"[""منفس"", ""كوة""]",[],تصمم بهذا الضيق لدواعي أمنية وللحفاظ على خصوصية البيت.,قاموس اللهجة الحضرمية - فهد بن هلابي - ص 95,"[{""f"": ""يدخل الهواء البارد من فتحات التهوية وقت العصر."", ""h"": ""يدخل الهواء البارد من العكر وقت العصر.""}]",[],"[""architecture"", ""daily life""]","الكلمة: اَلْعُكَر (العكر)
الجذر: عكر
الفصحى: كوى / فتحات تهوية ضيقة
المعنى: فتحات ضيقة جداً في جدران الدور الأرضي أو الأول من المنازل الطينية، تستخدم للتهوية والإضاءة ولا يمكن للإنسان المرور منها. مفردها (عكْرة).
المرادفات: منفس، كوة
مثال: يدخل الهواء البارد من العكر وقت العصر.
الوسوم: architecture، daily life
ملاحظة: تصمم بهذا الضيق لدواعي أمنية وللحفاظ على خصوصية البيت."
625,عَا,عا,3a,على,Preposition,function,على,اختصار حرف الجر 'على' في اللهجة الحضرمية، وتستخدم بكثرة في الكلام اليومي والشعر.,general,"[""على""]",[],كثيراً ما تدمج مع الكلمة التي تليها في النطق.,قاموس اللهجة الحضرمية - فهد بن هلابي - ص 95,"[{""f"": ""ضع الكتاب على الطاولة."", ""h"": ""حط الكتاب عا الطاولة.""}, {""f"": ""صعدنا على كل جبل."", ""h"": ""مشينا عا كل جبل.""}]",[],"[""expressions"", ""grammar"", ""preposition""]","الكلمة: عَا (عا)
الجذر: على
الفصحى: على
المعنى: اختصار حرف الجر 'على' في اللهجة الحضرمية، وتستخدم بكثرة في الكلام اليومي والشعر.
المرادفات: على
مثال: حط الكتاب عا الطاولة.
الوسوم: expressions، grammar، preposition
ملاحظة: كثيراً ما تدمج مع الكلمة التي تليها في النطق."
626,عَادُه,عاده,3adh,عود,Expression,expression,لا يزال / لم يحن الوقت بعد,تستخدم للإشارة إلى أن الأمر لا يزال بعيد المنال أو أن الوقت لم يحن بعد.,general,"[""لسه"", ""ما زال""]",[],تستخدم أيضاً في سياق التفاؤل أو التحذير من تقلبات الزمن.,قاموس اللهجة الحضرمية - فهد بن هلابي - ص 95,"[{""f"": ""الزمن لا يزال سيدور والأيام ستتغير."", ""h"": ""الوقت عاده بايدور والايام تتبدل.""}, {""f"": ""لا يزال الوقت مبكراً على العشاء."", ""h"": ""عاده بدري على العشاء.""}]",[],"[""expressions"", ""time"", ""continuity""]","الكلمة: عَادُه (عاده)
الجذر: عود
الفصحى: لا يزال / لم يحن الوقت بعد
المعنى: تستخدم للإشارة إلى أن الأمر لا يزال بعيد المنال أو أن الوقت لم يحن بعد.
المرادفات: لسه، ما زال
مثال: الوقت عاده بايدور والايام تتبدل.
الوسوم: expressions، time، continuity
ملاحظة: تستخدم أيضاً في سياق التفاؤل أو التحذير من تقلبات الزمن."
627,غَوْطَل,غوطل,ghwTl,غطل,Noun,time,ضباب كثيف مختلط بالمطر,حالة جوية تتميز باختلاط الضباب الكثيف مع السحاب المنخفض ورذاذ المطر، مما يؤدي لانعدام الرؤية.,general,"[""ضباب"", ""غمة""]",[],تكثر هذه الحالة في المرتفعات الجبلية الحضرمية. بضم الغين والواو,قاموس اللهجة الحضرمية - فهد بن هلابي - ص 97,"[{""f"": ""الجو اليوم ضبابي كثيف لا نرى الجبل منه."", ""h"": ""اليوم الجو غوطل ما نشوف الجبل.""}]",[],"[""nature"", ""weather""]","الكلمة: غَوْطَل (غوطل)
الجذر: غطل
الفصحى: ضباب كثيف مختلط بالمطر
المعنى: حالة جوية تتميز باختلاط الضباب الكثيف مع السحاب المنخفض ورذاذ المطر، مما يؤدي لانعدام الرؤية.
المرادفات: ضباب، غمة
مثال: اليوم الجو غوطل ما نشوف الجبل.
الوسوم: nature، weather
ملاحظة: تكثر هذه الحالة في المرتفعات الجبلية الحضرمية. بضم الغين والواو"
628,اَلْغَدْرَة,الغدره,alghdrh,غدر,Noun,time,الظلمة الشديدة,الظلام الدامس أو الليل شديد السواد الذي لا يرى فيه المرء كفه.,general,"[""ظلمة"", ""ديجور""]",[],تستخدم لوصف الليل في الأماكن التي لا توجد بها إضاءة.,قاموس اللهجة الحضرمية - فهد بن هلابي - ص 97,"[{""f"": ""مشينا في الظلام الدامس ولم يكن معنا مصباح."", ""h"": ""سرينا في الغدرة وما معانا سراج.""}]",[],"[""nature"", ""time"", ""darkness""]","الكلمة: اَلْغَدْرَة (الغدره)
الجذر: غدر
الفصحى: الظلمة الشديدة
المعنى: الظلام الدامس أو الليل شديد السواد الذي لا يرى فيه المرء كفه.
المرادفات: ظلمة، ديجور
مثال: سرينا في الغدرة وما معانا سراج.
الوسوم: nature، time، darkness
ملاحظة: تستخدم لوصف الليل في الأماكن التي لا توجد بها إضاءة."
629,غَبَش,غبش,ghbsh,غبش,Noun/Verb,time,السير فجراً / وقت الغبش,بمعنى سار في وقت الفجر الباكر قبل طلوع الشمس. والغبشة هي الفترة الزمنية الفاصلة بين نهاية الليل وبداية الضوء.,general,"[""بكر"", ""أسحر""]",[],يقولون 'غُبش' أي قم وسر فجراً.,قاموس اللهجة الحضرمية - فهد بن هلابي - ص 97,"[{""f"": ""انطلقنا من المكلا فجراً والناس لا يزالون نياماً."", ""h"": ""غَبَشنا من المكلا والناس عادهم رقود.""}]",[],"[""daily life"", ""time"", ""travel""]","الكلمة: غَبَش (غبش)
الجذر: غبش
الفصحى: السير فجراً / وقت الغبش
المعنى: بمعنى سار في وقت الفجر الباكر قبل طلوع الشمس. والغبشة هي الفترة الزمنية الفاصلة بين نهاية الليل وبداية الضوء.
المرادفات: بكر، أسحر
مثال: غَبَشنا من المكلا والناس عادهم رقود.
الوسوم: daily life، time، travel
ملاحظة: يقولون 'غُبش' أي قم وسر فجراً."
630,اَلْغُبَّة,الغبه,alghbh,غبب,Noun,object,لجّة البحر / أعماق البحر,المناطق العميقة والبعيدة عن الشاطئ في وسط البحر.,coast,"[""لجة"", ""عرض البحر""]",[],تستخدم للدلالة على العمق والخطر في البحر.,قاموس اللهجة الحضرمية - فهد بن هلابي - ص 97,"[{""f"": ""تاهت السفينة في أعماق البحر العميقة."", ""h"": ""السفينة ضاعت وسط الغبة الغزيرة.""}]",[],"[""nature"", ""sea"", ""deep""]","الكلمة: اَلْغُبَّة (الغبه)
الجذر: غبب
الفصحى: لجّة البحر / أعماق البحر
المعنى: المناطق العميقة والبعيدة عن الشاطئ في وسط البحر.
المرادفات: لجة، عرض البحر
مثال: السفينة ضاعت وسط الغبة الغزيرة.
الوسوم: nature، sea، deep
ملاحظة: تستخدم للدلالة على العمق والخطر في البحر."
631,اَلْغِيَاض,الغياض,alghyaD,غوض,Noun,object,الأودية الخصيبة,الأودية التي تتوفر فيها المياه بكثرة وتشتهر بكثافة الأشجار والنخيل والمزروعات.,general,"[""روضة"", ""وادي خصب""]",[],مفردها غيضة وهي مجمع الشجر والماء. بكسر الغين والياء,قاموس اللهجة الحضرمية - فهد بن هلابي - ص 97,"[{""f"": ""وادي المسيلة فيه أودية خصيبة تسر الناظرين."", ""h"": ""وادي المسيلة فيه غياض تسر الخاطر.""}]",[],"[""agriculture"", ""nature"", ""river""]","الكلمة: اَلْغِيَاض (الغياض)
الجذر: غوض
الفصحى: الأودية الخصيبة
المعنى: الأودية التي تتوفر فيها المياه بكثرة وتشتهر بكثافة الأشجار والنخيل والمزروعات.
المرادفات: روضة، وادي خصب
مثال: وادي المسيلة فيه غياض تسر الخاطر.
الوسوم: agriculture، nature، river
ملاحظة: مفردها غيضة وهي مجمع الشجر والماء. بكسر الغين والياء"
632,اَلْغَرِيسَة,الغريسه,alghrysh,غرس,Noun,object,الفسيلة الصغيرة / القديمة,تطلق على فسيلة النخل الصغيرة عند غرسها، وتستخدم أحياناً في سياقات معينة لوصف الأشياء القديمة المرتبطة بالأرض.,general,"[""فسيلة""]",[],تحتاج الغريسة لعناية فائقة في سنواتها الأولى.,قاموس اللهجة الحضرمية - فهد بن هلابي - ص 97,"[{""f"": ""سقينا فسيلة النخل الصغيرة صباح اليوم."", ""h"": ""سقينا الغريسة اليوم الصبح.""}]",[],"[""agriculture"", ""nature""]","الكلمة: اَلْغَرِيسَة (الغريسه)
الجذر: غرس
الفصحى: الفسيلة الصغيرة / القديمة
المعنى: تطلق على فسيلة النخل الصغيرة عند غرسها، وتستخدم أحياناً في سياقات معينة لوصف الأشياء القديمة المرتبطة بالأرض.
المرادفات: فسيلة
مثال: سقينا الغريسة اليوم الصبح.
الوسوم: agriculture، nature
ملاحظة: تحتاج الغريسة لعناية فائقة في سنواتها الأولى."
633,اَلْغَلَق,الغلق,alghlq,غلق,Noun,object,مزلاج الباب الخشبي,ويسمى أيضاً (المرفاع)، وهو حبل أو أداة خشبية تستعمل لفتح وإغلاق الباب من الداخل.,general,"[""مرفاع"", ""مزلاج""]",[],من أدوات النجارة التقليدية في الأبواب الحضرمية القديمة.,قاموس اللهجة الحضرمية - فهد بن هلابي - ص 97,"[{""f"": ""اسحب المزلاج لكي ينفتح الباب."", ""h"": ""شد الغلق عشان ينفتح الباب.""}]",[],"[""tools"", ""architecture""]","الكلمة: اَلْغَلَق (الغلق)
الجذر: غلق
الفصحى: مزلاج الباب الخشبي
المعنى: ويسمى أيضاً (المرفاع)، وهو حبل أو أداة خشبية تستعمل لفتح وإغلاق الباب من الداخل.
المرادفات: مرفاع، مزلاج
مثال: شد الغلق عشان ينفتح الباب.
الوسوم: tools، architecture
ملاحظة: من أدوات النجارة التقليدية في الأبواب الحضرمية القديمة."
634,اَلْغَلْغَلَة,الغلغلة,alghlghlh,غلغل,Noun,object,الغرق / الانغماس في الماء,الوصول إلى أعماق الماء والانغماس فيه تماماً، وتستخدم لوصف الغرق أو التوغل في الشيء.,general,"[""غرق"", ""انغماس""]",[],تستخدم مجازياً للتوغل في المشاكل أو الأعمال.,قاموس اللهجة الحضرمية - فهد بن هلابي - ص 97,"[{""f"": ""تعب الولد من الانغماس في المسبح."", ""h"": ""الولد تعب من الغلغلة في المسبح.""}]",[],"[""daily life"", ""water"", ""swimming""]","الكلمة: اَلْغَلْغَلَة (الغلغلة)
الجذر: غلغل
الفصحى: الغرق / الانغماس في الماء
المعنى: الوصول إلى أعماق الماء والانغماس فيه تماماً، وتستخدم لوصف الغرق أو التوغل في الشيء.
المرادفات: غرق، انغماس
مثال: الولد تعب من الغلغلة في المسبح.
الوسوم: daily life، water، swimming
ملاحظة: تستخدم مجازياً للتوغل في المشاكل أو الأعمال."
635,اَلْغُلُب,الغلب,alghlb,غلب,Noun,object,غرفة التحصين في الحصن,جمعها (أغْلاب) أو (غلوب)، وهي غرفة تقع في أعلى نقطة بالحصن (السطح) وتعد خط الدفاع الأخير للمتحصنين.,general,"[""برج مراقبة"", ""غرفة علوية""]",[],تصمم بفتحات ضيقة للمراقبة والدفاع. بضم الغين,قاموس اللهجة الحضرمية - فهد بن هلابي - ص 97,"[{""f"": ""الجنود فوق غرفة التحصين العلوية يراقبون الطريق."", ""h"": ""العساكر فوق الغلب يراقبون الطريق.""}]",[],"[""architecture"", ""history"", ""defense""]","الكلمة: اَلْغُلُب (الغلب)
الجذر: غلب
الفصحى: غرفة التحصين في الحصن
المعنى: جمعها (أغْلاب) أو (غلوب)، وهي غرفة تقع في أعلى نقطة بالحصن (السطح) وتعد خط الدفاع الأخير للمتحصنين.
المرادفات: برج مراقبة، غرفة علوية
مثال: العساكر فوق الغلب يراقبون الطريق.
الوسوم: architecture، history، defense
ملاحظة: تصمم بفتحات ضيقة للمراقبة والدفاع. بضم الغين"
636,اَلْغُرَّة,الغرة,alghrh,غرر,Noun/Verb,time,تسريب ماء المطر من السقف,تنقيط ماء المطر من سقف البيت إلى الداخل نتيجة وجود شقوق أو خلل في 'التاوية' (السطح). والجمع (غرر).,general,"[""خرير"", ""تسريب""]",[],كانت مشكلة شائعة في البيوت الطينية القديمة عند اشتداد المطر.,قاموس اللهجة الحضرمية - فهد بن هلابي - ص 98,"[{""f"": ""سقف البيت سرب علينا الماء من مطر البارحة."", ""h"": ""البيت غرر علينا من مطر البارحة.""}]",[],"[""daily life"", ""architecture"", ""weather""]","الكلمة: اَلْغُرَّة (الغرة)
الجذر: غرر
الفصحى: تسريب ماء المطر من السقف
المعنى: تنقيط ماء المطر من سقف البيت إلى الداخل نتيجة وجود شقوق أو خلل في 'التاوية' (السطح). والجمع (غرر).
المرادفات: خرير، تسريب
مثال: البيت غرر علينا من مطر البارحة.
الوسوم: daily life، architecture، weather
ملاحظة: كانت مشكلة شائعة في البيوت الطينية القديمة عند اشتداد المطر."
637,اَلْغَشَب,الغشب,alghshb,غشب,Noun,object,غثاء السيل,ما يحمله السيل من أعواد وأشجار وزبد وأوساخ (قشاش) عند تدفقه في الأودية.,general,"[""غثاء"", ""زبد السيل""]",[],يستخدم الغشب بعد جفافه أحياناً كحطب ضعيف.,قاموس اللهجة الحضرمية - فهد بن هلابي - ص 98,"[{""f"": ""الوادي مليء بغثاء السيل بعد سيل الأمس."", ""h"": ""الوادي مليان غشب بعد سيل أمس.""}]",[],"[""nature"", ""water""]","الكلمة: اَلْغَشَب (الغشب)
الجذر: غشب
الفصحى: غثاء السيل
المعنى: ما يحمله السيل من أعواد وأشجار وزبد وأوساخ (قشاش) عند تدفقه في الأودية.
المرادفات: غثاء، زبد السيل
مثال: الوادي مليان غشب بعد سيل أمس.
الوسوم: nature، water
ملاحظة: يستخدم الغشب بعد جفافه أحياناً كحطب ضعيف."
638,اَلْغَيْلَة,الغيلة,alghylh,غيل,Noun,object,مخزن الحطب / مطبخ خارجي,غرفة صغيرة تكون عادة في (الضيقة) أو عند السطوح، تستخدم لتخزين الحطب أو كغرفة للطبخ البدائي باستخدام الخشب.,general,"[""مخزن"", ""ديمة""]",[],في بعض المناطق تطلق على المطبخ الصغير واحيانا بخص. بكسر الغين,قاموس اللهجة الحضرمية - فهد بن هلابي - ص 98,"[{""f"": ""احضري الحطب من المخزن لكي نطبخ."", ""h"": ""شلي الحطب من الغيلة عشان نطبخ.""}]",[],"[""daily life"", ""architecture"", ""cooking""]","الكلمة: اَلْغَيْلَة (الغيلة)
الجذر: غيل
الفصحى: مخزن الحطب / مطبخ خارجي
المعنى: غرفة صغيرة تكون عادة في (الضيقة) أو عند السطوح، تستخدم لتخزين الحطب أو كغرفة للطبخ البدائي باستخدام الخشب.
المرادفات: مخزن، ديمة
مثال: شلي الحطب من الغيلة عشان نطبخ.
الوسوم: daily life، architecture، cooking
ملاحظة: في بعض المناطق تطلق على المطبخ الصغير واحيانا بخص. بكسر الغين"
639,غَذَق,غذق,ghdhq,غذق,Noun,time,سحاب ممطر أسود,وصف للسحاب الكثيف الأسود الذي يبشر بهطول مطر غزير.,general,"[""مزن"", ""عارض""]",[],يستبشر الناس برؤية الغذق في السماء.,قاموس اللهجة الحضرمية - فهد بن هلابي - ص 98,"[{""f"": ""الجو غائم والسحاب الممطر الأسود يملأ السماء."", ""h"": ""الجو مغيم والغذق مالي السماء.""}]",[],"[""nature"", ""weather"", ""rain""]","الكلمة: غَذَق (غذق)
الجذر: غذق
الفصحى: سحاب ممطر أسود
المعنى: وصف للسحاب الكثيف الأسود الذي يبشر بهطول مطر غزير.
المرادفات: مزن، عارض
مثال: الجو مغيم والغذق مالي السماء.
الوسوم: nature، weather، rain
ملاحظة: يستبشر الناس برؤية الغذق في السماء."
640,اَلْغَسَّة,الغسة,alghsh,غسس,Noun,object,مسحوق أوراق السدر (النبق),أوراق شجر النبق (السدر) بعد تجفيفها وطحنها، كانت تستخدم قديماً كبديل للصابون والشامبو لغسل الشعر والجسم.,general,"[""سدر مطحون""]",[],يقال في المثل: 'إنفْشِي وغُسي والتعب منسِي' دلالة على العناية بالنفس.,قاموس اللهجة الحضرمية - فهد بن هلابي - ص 98,"[{""f"": ""النساء قديماً كنّ يغسلن شعورهن بمسحوق السدر."", ""h"": ""الحريم زمان يغسلن شعورهن بالغسة.""}]","[""إنفْشِي وغُسي والتعب منسِي""]","[""daily life"", ""traditions"", ""health"", ""cleaning""]","الكلمة: اَلْغَسَّة (الغسة)
الجذر: غسس
الفصحى: مسحوق أوراق السدر (النبق)
المعنى: أوراق شجر النبق (السدر) بعد تجفيفها وطحنها، كانت تستخدم قديماً كبديل للصابون والشامبو لغسل الشعر والجسم.
المرادفات: سدر مطحون
مثال: الحريم زمان يغسلن شعورهن بالغسة.
الوسوم: daily life، traditions، health، cleaning
ملاحظة: يقال في المثل: 'إنفْشِي وغُسي والتعب منسِي' دلالة على العناية بالنفس."
641,اَلْغَرْب,الغرب,alghrb,غرب,Noun,object,الدلو الجلدي الكبير,دلو كبير جداً مصنوع من جلد الحيوانات، يستخدم لاستخراج الماء من الآبار العميقة بواسطة السواني (الجمال أو الثيران).,general,"[""دلو سواني""]",[],يتميز بسعته الكبيرة لنقل كميات وافرة من الماء للري.,قاموس اللهجة الحضرمية - فهد بن هلابي - ص 98,"[{""f"": ""الدلو الجلدي الكبير ممتلئ بالماء لري الزرع."", ""h"": ""الغرب مليان ماء يسقي الزرع.""}]",[],"[""agriculture"", ""tools"", ""water""]","الكلمة: اَلْغَرْب (الغرب)
الجذر: غرب
الفصحى: الدلو الجلدي الكبير
المعنى: دلو كبير جداً مصنوع من جلد الحيوانات، يستخدم لاستخراج الماء من الآبار العميقة بواسطة السواني (الجمال أو الثيران).
المرادفات: دلو سواني
مثال: الغرب مليان ماء يسقي الزرع.
الوسوم: agriculture، tools، water
ملاحظة: يتميز بسعته الكبيرة لنقل كميات وافرة من الماء للري."
642,اَلْغَاسِي,الغاسي,alghasy,غسو,Noun,object,البلح الأخضر الصلب,مرحلة من مراحل نضوج التمر، يكون فيها البلح أخضر اللون وصلباً قبل أن يبدأ في التحول إلى اللون الأصفر أو الأحمر (البسر).,general,"[""بلح أخضر""]",[],لا يؤكل الغاسي عادة لمرارة طعمه وصلابته.,قاموس اللهجة الحضرمية - فهد بن هلابي - ص 98,"[{""f"": ""تمر النخل لا يزال أخضر صلباً ولم يبدأ بالنضوج بعد."", ""h"": ""النخل عاده غاسي ما قد فضح.""}]",[],"[""agriculture"", ""food"", ""green""]","الكلمة: اَلْغَاسِي (الغاسي)
الجذر: غسو
الفصحى: البلح الأخضر الصلب
المعنى: مرحلة من مراحل نضوج التمر، يكون فيها البلح أخضر اللون وصلباً قبل أن يبدأ في التحول إلى اللون الأصفر أو الأحمر (البسر).
المرادفات: بلح أخضر
مثال: النخل عاده غاسي ما قد فضح.
الوسوم: agriculture، food، green
ملاحظة: لا يؤكل الغاسي عادة لمرارة طعمه وصلابته."
643,فَسِل,فسل,fsl,فسل,Adjective,emotion,نذل / رديء / غير كفؤ,وصف للشخص الذي لا خير فيه، أو غير الصالح للمهمات، وتطلق أيضاً على الشيء الرديء الجودة.,general,"[""رذيل"", ""رديء""]",[],تعد من كلمات الذم في العرف الاجتماعي. بكسر السين,قاموس اللهجة الحضرمية - فهد بن هلابي - ص 99,"[{""f"": ""لم أتوقع هذا منه، تبين أنه رجل غير كفؤ (نذل)."", ""h"": ""ما توقعتها منه، طلع رجال فسل.""}]",[],"[""emotions"", ""social interaction"", ""bad""]","الكلمة: فَسِل (فسل)
الجذر: فسل
الفصحى: نذل / رديء / غير كفؤ
المعنى: وصف للشخص الذي لا خير فيه، أو غير الصالح للمهمات، وتطلق أيضاً على الشيء الرديء الجودة.
المرادفات: رذيل، رديء
مثال: ما توقعتها منه، طلع رجال فسل.
الوسوم: emotions، social interaction، bad
ملاحظة: تعد من كلمات الذم في العرف الاجتماعي. بكسر السين"
644,فَلَّت,فلت,flt,فلت,Verb,action,أسرع / انطلق بسرعة,بمعنى انطلق بسرعة فائقة أو هرب مسرعاً. وبفتح الفاء واللام المشددة.,general,"[""أسرع"", ""هج""]",[],تستخدم أيضاً بمعنى 'هرب' أو 'أفلت' في سياقات أخرى.,قاموس اللهجة الحضرمية - فهد بن هلابي - ص 99,"[{""f"": ""انطلق الولد مسرعاً عندما رأى الكلب."", ""h"": ""فلت الولد لما شاف الكلب.""}]",[],"[""daily life"", ""movement"", ""running""]","الكلمة: فَلَّت (فلت)
الجذر: فلت
الفصحى: أسرع / انطلق بسرعة
المعنى: بمعنى انطلق بسرعة فائقة أو هرب مسرعاً. وبفتح الفاء واللام المشددة.
المرادفات: أسرع، هج
مثال: فلت الولد لما شاف الكلب.
الوسوم: daily life، movement، running
ملاحظة: تستخدم أيضاً بمعنى 'هرب' أو 'أفلت' في سياقات أخرى."
645,فَسْو,فسو,fsw,فسو,Noun,object,فساء,خروج الريح من الدبر بدون صوت.,general,"[""ريح""]",[],كلمة تستخدم في السياق الحيوي اليومي.,قاموس اللهجة الحضرمية - فهد بن هلابي - ص 99,"[{""f"": ""رائحة هذا الريح تؤذي الناس."", ""h"": ""ريح الفسو ذا يؤذي الناس.""}]",[],"[""daily life"", ""health"", ""smell""]","الكلمة: فَسْو (فسو)
الجذر: فسو
الفصحى: فساء
المعنى: خروج الريح من الدبر بدون صوت.
المرادفات: ريح
مثال: ريح الفسو ذا يؤذي الناس.
الوسوم: daily life، health، smell
ملاحظة: كلمة تستخدم في السياق الحيوي اليومي."
646,يَفْحَق,يفحق,yfHq,فحق,Verb,action,يقشر / يزيل القشور,عملية إزالة القشور الخارجية عن الحبوب (مثل البر أو الشعير) أو الثمار.,general,"[""يقشر""]",[],وردت في المثل: 'إذا شفِت مولى العملْ يفْحق فحق وطير' أي شاركه العمل.,قاموس اللهجة الحضرمية - فهد بن هلابي - ص 99,"[{""f"": ""يزيل قشور الحبوب قبل طحنها."", ""h"": ""يفحق الحب قبل ما يطحنه.""}]","[""إذا شفِت مولى العملْ يفْحق فحق وطير""]","[""agriculture"", ""daily life"", ""peeling""]","الكلمة: يَفْحَق (يفحق)
الجذر: فحق
الفصحى: يقشر / يزيل القشور
المعنى: عملية إزالة القشور الخارجية عن الحبوب (مثل البر أو الشعير) أو الثمار.
المرادفات: يقشر
مثال: يفحق الحب قبل ما يطحنه.
الوسوم: agriculture، daily life، peeling
ملاحظة: وردت في المثل: 'إذا شفِت مولى العملْ يفْحق فحق وطير' أي شاركه العمل."
647,فَرْش,فرش,frsh,فرش,Noun,object,فراش / بساط,كل ما يُبسط على الأرض للجلوس أو النوم عليه من مفارش وأبسطة.,general,"[""بساط"", ""لحاف""]",[],تستخدم الكلمة للدلالة على أثاث البيت القماشي.,قاموس اللهجة الحضرمية - فهد بن هلابي - ص 99,"[{""f"": ""نظفوا مفارش غرفة الجلوس."", ""h"": ""نظفوا الفرش حق المجلس.""}]",[],"[""daily life"", ""home"", ""cleaning""]","الكلمة: فَرْش (فرش)
الجذر: فرش
الفصحى: فراش / بساط
المعنى: كل ما يُبسط على الأرض للجلوس أو النوم عليه من مفارش وأبسطة.
المرادفات: بساط، لحاف
مثال: نظفوا الفرش حق المجلس.
الوسوم: daily life، home، cleaning
ملاحظة: تستخدم الكلمة للدلالة على أثاث البيت القماشي."
648,اَلْفقر,الفقر,alfqr,فقر,Noun,object,الباب الجانبي / باب خلفي,الباب الفرعي أو الجانبي للمنزل، ويستخدم عادة لدخول أهل البيت بعيداً عن باب الضيوف الرئيسي.,general,"[""باب صغير"", ""خوخة""]",[],يؤمن الخصوصية لسكان البيت. بكسر الفاء والقاف,قاموس اللهجة الحضرمية - فهد بن هلابي - ص 99,"[{""f"": ""ادخل من الباب الجانبي لكي لا تزعج الضيوف."", ""h"": ""ادخل من الفقر عشان ما تزعج الضيوف.""}]",[],"[""architecture"", ""daily life"", ""privacy""]","الكلمة: اَلْفقر (الفقر)
الجذر: فقر
الفصحى: الباب الجانبي / باب خلفي
المعنى: الباب الفرعي أو الجانبي للمنزل، ويستخدم عادة لدخول أهل البيت بعيداً عن باب الضيوف الرئيسي.
المرادفات: باب صغير، خوخة
مثال: ادخل من الفقر عشان ما تزعج الضيوف.
الوسوم: architecture، daily life، privacy
ملاحظة: يؤمن الخصوصية لسكان البيت. بكسر الفاء والقاف"
649,اَلْفَرْخ,الفرخ,alfrkh,فرخ,Noun,object,خوخة الباب / باب صغير,باب صغير جداً يكون مدمجاً وسط 'السدة' (الباب الكبير)، يسمح بمرور الأشخاص دون الحاجة لفتح الباب الكبير بالكامل.,general,"[""خوخة""]",[],تستخدم لتسهيل الحركة اليومية وحماية هيبة الباب الكبير. بسكون الراء,قاموس اللهجة الحضرمية - فهد بن هلابي - ص 99,"[{""f"": ""افتح الباب الصغير المدمج وادخل البيت."", ""h"": ""افتح الفرخ وادخل الدار.""}]",[],"[""architecture"", ""daily life""]","الكلمة: اَلْفَرْخ (الفرخ)
الجذر: فرخ
الفصحى: خوخة الباب / باب صغير
المعنى: باب صغير جداً يكون مدمجاً وسط 'السدة' (الباب الكبير)، يسمح بمرور الأشخاص دون الحاجة لفتح الباب الكبير بالكامل.
المرادفات: خوخة
مثال: افتح الفرخ وادخل الدار.
الوسوم: architecture، daily life
ملاحظة: تستخدم لتسهيل الحركة اليومية وحماية هيبة الباب الكبير. بسكون الراء"
650,اَلْفَتَّة,الفتة,alfth,فتت,Noun,object,ثريد / فتة حضرمية,أكلة شعبية تصنع من خبز البر الذي يخبز بطريقة معينة، ثم يدق ويفتت ويضاف إليه المرق أو اللبن أو العسل والسمن.,general,"[""ثريد""]",[],تعد من الوجبات الرئيسية والمغذية في حضرموت. بشد التاء,قاموس اللهجة الحضرمية - فهد بن هلابي - ص 99,"[{""f"": ""فتة المرق هي أفضل عشاء في الجو البارد."", ""h"": ""فتة المرق أحسن عشاء في البرد.""}]",[],"[""food"", ""traditions""]","الكلمة: اَلْفَتَّة (الفتة)
الجذر: فتت
الفصحى: ثريد / فتة حضرمية
المعنى: أكلة شعبية تصنع من خبز البر الذي يخبز بطريقة معينة، ثم يدق ويفتت ويضاف إليه المرق أو اللبن أو العسل والسمن.
المرادفات: ثريد
مثال: فتة المرق أحسن عشاء في البرد.
الوسوم: food، traditions
ملاحظة: تعد من الوجبات الرئيسية والمغذية في حضرموت. بشد التاء"
651,فَاضِلَة,فاضلة,faDlh,فضل,Noun,object,غرفة / حجرة,مصطلح يطلق على الغرفة في البيت، وفي بعض السياقات تطلق على الغرفة الواسعة أو المميزة.,general,"[""غرفة"", ""حجرة""]",[],تستخدم في وصف تقاسيم البيت الحضرمي القديم.,قاموس اللهجة الحضرمية - فهد بن هلابي - ص 100,"[{""f"": ""رتبنا الغرفة من أجل الضيوف."", ""h"": ""رتبنا الفاضلة عشان الخطار.""}]",[],"[""architecture"", ""home"", ""room""]","الكلمة: فَاضِلَة (فاضلة)
الجذر: فضل
الفصحى: غرفة / حجرة
المعنى: مصطلح يطلق على الغرفة في البيت، وفي بعض السياقات تطلق على الغرفة الواسعة أو المميزة.
المرادفات: غرفة، حجرة
مثال: رتبنا الفاضلة عشان الخطار.
الوسوم: architecture، home، room
ملاحظة: تستخدم في وصف تقاسيم البيت الحضرمي القديم."
652,فَرَاسِلَة,فراسله,fraslh,فرسل,Noun,object,وحدة وزن قديمة,وحدة موازين تقليدية كانت تستخدم في التجارة، وتساوي تقريباً 20 رطلاً (حوالي 9 كيلوجرام). جمعها (فراسل).,general,[],[],كانت تستخدم لوزن التمور والبن والأسماك المجففة.,قاموس اللهجة الحضرمية - فهد بن هلابي - ص 100,"[{""f"": ""بعنا خمس وحدات (فراسلة) من التمر اليوم."", ""h"": ""بعنا خمس فراسل تمر اليوم.""}]",[],"[""daily life"", ""trade"", ""measurements"", ""weight""]","الكلمة: فَرَاسِلَة (فراسله)
الجذر: فرسل
الفصحى: وحدة وزن قديمة
المعنى: وحدة موازين تقليدية كانت تستخدم في التجارة، وتساوي تقريباً 20 رطلاً (حوالي 9 كيلوجرام). جمعها (فراسل).
مثال: بعنا خمس فراسل تمر اليوم.
الوسوم: daily life، trade، measurements، weight
ملاحظة: كانت تستخدم لوزن التمور والبن والأسماك المجففة."
653,اَلْفَاقَة,الفاقه,alfaqh,فوق,Noun,emotion,الشهية / الرغبة في الأكل,بمعنى الشهية للطعام أو الرغبة الشديدة في شيء ما.,general,"[""شهية"", ""نفس""]",[],يقولون 'مالي فاقة' أي ليس لي رغبة أو شهية.,قاموس اللهجة الحضرمية - فهد بن هلابي - ص 100,"[{""f"": ""أحضرتم طعاماً طيباً وفتحتم شهيتي."", ""h"": ""جبتوا أكل زين ورديتوا لي الفاقة.""}]",[],"[""emotions"", ""food"", ""desire""]","الكلمة: اَلْفَاقَة (الفاقه)
الجذر: فوق
الفصحى: الشهية / الرغبة في الأكل
المعنى: بمعنى الشهية للطعام أو الرغبة الشديدة في شيء ما.
المرادفات: شهية، نفس
مثال: جبتوا أكل زين ورديتوا لي الفاقة.
الوسوم: emotions، food، desire
ملاحظة: يقولون 'مالي فاقة' أي ليس لي رغبة أو شهية."
654,فِتِر,فتر,ftr,فتر,Noun,object,وحدة قياس (فتر),وحدة قياس طول يدوية، وهي المسافة بين طرف الإبهام وطرف السبابة عند فتحهما لأقصى حد (حوالي 18 سم). جمعها (أفتار).,general,[],[],تستخدم لقياس الأشياء الصغيرة والمنسوجات.,قاموس اللهجة الحضرمية - فهد بن هلابي - ص 100,"[{""f"": ""طول هذه الخشبة 'فتران' وزيادة."", ""h"": ""طول الخشبة ذي فترين وزيادة.""}]",[],"[""daily life"", ""measurements"", ""length""]","الكلمة: فِتِر (فتر)
الجذر: فتر
الفصحى: وحدة قياس (فتر)
المعنى: وحدة قياس طول يدوية، وهي المسافة بين طرف الإبهام وطرف السبابة عند فتحهما لأقصى حد (حوالي 18 سم). جمعها (أفتار).
مثال: طول الخشبة ذي فترين وزيادة.
الوسوم: daily life، measurements، length
ملاحظة: تستخدم لقياس الأشياء الصغيرة والمنسوجات."
655,اَلْفَزْحَمِي,الفزحمي,alfzHmy,فزحم,Noun,object,نوع من التمر,نوع من أنواع التمور يتميز بحجمه الكبير ولونه الأحمر وحلاوته الشديدة، لكنه لا يعتبر من التمور الجيدة للتخزين الطويل.,general,[],[],يؤكل غالباً وهو رطب.,قاموس اللهجة الحضرمية - فهد بن هلابي - ص 100,"[{""f"": ""أكلنا تمر الفزحمي من نخل الوادي."", ""h"": ""أكلنا فزحمي من نخل الوادي.""}]",[],"[""agriculture"", ""food"", ""date""]","الكلمة: اَلْفَزْحَمِي (الفزحمي)
الجذر: فزحم
الفصحى: نوع من التمر
المعنى: نوع من أنواع التمور يتميز بحجمه الكبير ولونه الأحمر وحلاوته الشديدة، لكنه لا يعتبر من التمور الجيدة للتخزين الطويل.
مثال: أكلنا فزحمي من نخل الوادي.
الوسوم: agriculture، food، date
ملاحظة: يؤكل غالباً وهو رطب."
656,اَلْفِرِيم,الفريم,alfrym,فريم,Noun,object,إطار / برواز,الإطار الذي يوضع للصور أو المرايا (كلمة معربة من الإنجليزية Frame).,general,"[""برواز"", ""إطار""]",[],تستخدم بكثرة في الكلام الدارج لوصف إطارات النظارات أيضاً.,قاموس اللهجة الحضرمية - فهد بن هلابي - ص 100,"[{""f"": ""انكسر إطار المرآة."", ""h"": ""انكسر الفريم حق المراية.""}]",[],"[""daily life"", ""home"", ""frame""]","الكلمة: اَلْفِرِيم (الفريم)
الجذر: فريم
الفصحى: إطار / برواز
المعنى: الإطار الذي يوضع للصور أو المرايا (كلمة معربة من الإنجليزية Frame).
المرادفات: برواز، إطار
مثال: انكسر الفريم حق المراية.
الوسوم: daily life، home، frame
ملاحظة: تستخدم بكثرة في الكلام الدارج لوصف إطارات النظارات أيضاً."
657,اَلْفَقُوز,الفقوز,alfqwz,فقز,Noun,object,نوع من القثاء / الكوسة,نوع من أنواع الخضروات ينتمي لفصيلة القرعيات (يشبه الكوسة أو القثاء الطويل).,general,"[""قثاء""]",[],يزرع في المزارع المنزلية والوديان.,قاموس اللهجة الحضرمية - فهد بن هلابي - ص 100,"[{""f"": ""زرعنا نوعاً من القثاء في بستاننا."", ""h"": ""زرعنا فقوز في الحيط حقنا.""}]",[],"[""agriculture"", ""food"", ""vegetable""]","الكلمة: اَلْفَقُوز (الفقوز)
الجذر: فقز
الفصحى: نوع من القثاء / الكوسة
المعنى: نوع من أنواع الخضروات ينتمي لفصيلة القرعيات (يشبه الكوسة أو القثاء الطويل).
المرادفات: قثاء
مثال: زرعنا فقوز في الحيط حقنا.
الوسوم: agriculture، food، vegetable
ملاحظة: يزرع في المزارع المنزلية والوديان."
658,فَنَاجِين,فناجين,fnajyn,فنجن,Noun,object,أقداح القهوة الطينية,أقداح صغيرة كانت تصنع قديماً من الطين المحروق والمنقوش، تستخدم لشرب القهوة المرة.,general,"[""فناجيل""]",[],تعد من الحرف الفخارية التقليدية القديمة.,قاموس اللهجة الحضرمية - فهد بن هلابي - ص 100,"[{""f"": ""القهوة العربية لا تطيب إلا بأقداح الطين."", ""h"": ""قهوة الشاذلية ما تحلى إلا بالفناجين الطين.""}]",[],"[""daily life"", ""traditions"", ""handicrafts"", ""coffee""]","الكلمة: فَنَاجِين (فناجين)
الجذر: فنجن
الفصحى: أقداح القهوة الطينية
المعنى: أقداح صغيرة كانت تصنع قديماً من الطين المحروق والمنقوش، تستخدم لشرب القهوة المرة.
المرادفات: فناجيل
مثال: قهوة الشاذلية ما تحلى إلا بالفناجين الطين.
الوسوم: daily life، traditions، handicrafts، coffee
ملاحظة: تعد من الحرف الفخارية التقليدية القديمة."
659,اَلْفَخْسُوس,الفخسوس,alfkhsws,فخس,Noun,object,حشرة سوداء صغيرة,نوع من الحشرات الصغيرة سوداء اللون التي تتواجد في الأماكن الرطبة أو القديمة.,general,[],[],اشتق منها مصطلح (فخسسة) للدلالة على التذلل.,قاموس اللهجة الحضرمية - فهد بن هلابي - ص 101,"[{""f"": ""احذر من تلك الحشرة السوداء تحت الحجر."", ""h"": ""انتبه من الفخسوس تحت الحجر.""}]",[],"[""nature"", ""insects""]","الكلمة: اَلْفَخْسُوس (الفخسوس)
الجذر: فخس
الفصحى: حشرة سوداء صغيرة
المعنى: نوع من الحشرات الصغيرة سوداء اللون التي تتواجد في الأماكن الرطبة أو القديمة.
مثال: انتبه من الفخسوس تحت الحجر.
الوسوم: nature، insects
ملاحظة: اشتق منها مصطلح (فخسسة) للدلالة على التذلل."
660,اَلْفَلِينَة,الفلينة,alflynh,فلن,Noun,object,فانيلة / قميص داخلي,القميص القطني الداخلي الذي يلبسه الرجال تحت الثوب.,general,"[""علاكي"", ""قميص داخلي""]",[],كلمة معربة شائعة الاستخدام.,قاموس اللهجة الحضرمية - فهد بن هلابي - ص 101,"[{""f"": ""اشتريت قميصاً داخلياً قطنياً جديداً."", ""h"": ""اشتريت فلينة قطنية جديدة.""}]",[],"[""clothing"", ""daily life"", ""shirt""]","الكلمة: اَلْفَلِينَة (الفلينة)
الجذر: فلن
الفصحى: فانيلة / قميص داخلي
المعنى: القميص القطني الداخلي الذي يلبسه الرجال تحت الثوب.
المرادفات: علاكي، قميص داخلي
مثال: اشتريت فلينة قطنية جديدة.
الوسوم: clothing، daily life، shirt
ملاحظة: كلمة معربة شائعة الاستخدام."
661,اَلْقَحَارَة,القحارة,alqHarh,قحر,Noun,object,قحف النخلة / قاعدة الكرب,الجزء العريض والصلب من قاعدة سعف النخلة الذي يتصل بالجذع.,general,"[""قحف""]",[],تستخدم القحارة بعد جفافها كوقود قوي للنار. بضم القاف وشد الخاء,قاموس اللهجة الحضرمية - فهد بن هلابي - ص 101,"[{""f"": ""اجمع قواعد السعف اليابسة لنوقد الفرن."", ""h"": ""جمع القحارة عشان نوقد التنار.""}]",[],"[""agriculture"", ""nature"", ""fuel""]","الكلمة: اَلْقَحَارَة (القحارة)
الجذر: قحر
الفصحى: قحف النخلة / قاعدة الكرب
المعنى: الجزء العريض والصلب من قاعدة سعف النخلة الذي يتصل بالجذع.
المرادفات: قحف
مثال: جمع القحارة عشان نوقد التنار.
الوسوم: agriculture، nature، fuel
ملاحظة: تستخدم القحارة بعد جفافها كوقود قوي للنار. بضم القاف وشد الخاء"
662,اَلْفَضْح,الفضح,alfDH,فضح,Noun,object,بداية تلون البلح,المرحلة التي يبدأ فيها البلح الأخضر (الغاسي) بتغيير لونه إلى الأصفر أو الأحمر، وهي أولى علامات النضوج.,general,"[""تشقير""]",[],يقال 'نخل فلان فضّح' أي بدأ نضوجه.,قاموس اللهجة الحضرمية - فهد بن هلابي - ص 101,"[{""f"": ""الحمد لله، بدأت علامات النضوج تظهر في النخيل."", ""h"": ""الحمد لله، الفضح بان في النخل.""}]",[],"[""agriculture"", ""nature"", ""green""]","الكلمة: اَلْفَضْح (الفضح)
الجذر: فضح
الفصحى: بداية تلون البلح
المعنى: المرحلة التي يبدأ فيها البلح الأخضر (الغاسي) بتغيير لونه إلى الأصفر أو الأحمر، وهي أولى علامات النضوج.
المرادفات: تشقير
مثال: الحمد لله، الفضح بان في النخل.
الوسوم: agriculture، nature، green
ملاحظة: يقال 'نخل فلان فضّح' أي بدأ نضوجه."
663,فَزَع,فزع,fz3,فزع,Noun/Verb,emotion,خاف / خوف,بفتح الزاي (فَزَع) تعني الخوف، وبكسر الزاي (فَزِع) تعني خاف. ويفزع أي يخاف.,general,"[""خوف"", ""رهبة""]",[],تستخدم أيضاً بمعنى 'النجدة' في سياقات أخرى (فزعة).,قاموس اللهجة الحضرمية - فهد بن هلابي - ص 101,"[{""f"": ""لا تخف، أنا معك."", ""h"": ""لا تفزع، أنا معك.""}]",[],"[""emotions"", ""fear""]","الكلمة: فَزَع (فزع)
الجذر: فزع
الفصحى: خاف / خوف
المعنى: بفتح الزاي (فَزَع) تعني الخوف، وبكسر الزاي (فَزِع) تعني خاف. ويفزع أي يخاف.
المرادفات: خوف، رهبة
مثال: لا تفزع، أنا معك.
الوسوم: emotions، fear
ملاحظة: تستخدم أيضاً بمعنى 'النجدة' في سياقات أخرى (فزعة)."
664,فَتْكَه,فتكه,ftkh,فتك,Noun,object,قطعة,جزء أو قطعة من الشيء.,general,"[""وصلة"", ""كسرة""]",[],سكون التاء,قاموس اللهجة الحضرمية - فهد بن هلابي - ص 99,"[{""f"": ""قطعة على الحديد."", ""h"": ""فتكه على الحديد.""}]",[],"[""general"", ""piece""]","الكلمة: فَتْكَه (فتكه)
الجذر: فتك
الفصحى: قطعة
المعنى: جزء أو قطعة من الشيء.
المرادفات: وصلة، كسرة
مثال: فتكه على الحديد.
الوسوم: general، piece
ملاحظة: سكون التاء"
665,اَلْفُقِشْ,الفقش,alfqsh,فقش,Noun,object,قطعة طين مستديرة,قطعة من الطين تكون مدورة، تستخدم لأغراض الاستنجاء من النجاستين المخففة والمغلظة وهي ناعمة، وأحياناً يغطى بها الحب (البر).,general,[],[],تستخدم في الأواني الفخارية أيضاً لتغطيتها,قاموس اللهجة الحضرمية - فهد بن هلابي - ص 100,"[{""f"": ""لا تحذفه بالقطعة المستديرة من الطين"", ""h"": ""لا تحذفه بالفقش""}]",[],"[""tools"", ""traditional""]","الكلمة: اَلْفُقِشْ (الفقش)
الجذر: فقش
الفصحى: قطعة طين مستديرة
المعنى: قطعة من الطين تكون مدورة، تستخدم لأغراض الاستنجاء من النجاستين المخففة والمغلظة وهي ناعمة، وأحياناً يغطى بها الحب (البر).
مثال: لا تحذفه بالفقش
الوسوم: tools، traditional
ملاحظة: تستخدم في الأواني الفخارية أيضاً لتغطيتها"
666,فَرَقَزَ,فرقز,frqz,فرقز,Verb,action,وسّع أو فتح عيونه,فتح عيونه بقوة أو وسع نظرته لشيء ما.,general,"[""بحلق"", ""فتح""]",[],تستخدم غالباً مع العينين,قاموس اللهجة الحضرمية - فهد بن هلابي - ص 101,"[{""f"": ""فتح عيونه واسعاً من الصدمة."", ""h"": ""فرقز عيونه من الصدمة.""}, {""f"": ""لا تنظر إليّ بعيون مفتوحة بغضب."", ""h"": ""لا تفرقز بي عيونك هكذا.""}]",[],"[""actions"", ""body language"", ""eye""]","الكلمة: فَرَقَزَ (فرقز)
الجذر: فرقز
الفصحى: وسّع أو فتح عيونه
المعنى: فتح عيونه بقوة أو وسع نظرته لشيء ما.
المرادفات: بحلق، فتح
مثال: فرقز عيونه من الصدمة.
الوسوم: actions، body language، eye
ملاحظة: تستخدم غالباً مع العينين"
667,فَخْسَسَه,فخسسه,fkhssh,فخس,Noun,object,التذلل والمسكنة,إظهار الضعف والمسكنة لاستعطاف الآخرين، وهي مشتقة من حشرة (الفخسوس).,general,"[""تسمكن"", ""تذلل""]",[],وصف للشخص الذي يتظاهر بالضعف,قاموس اللهجة الحضرمية - فهد بن هلابي - ص 101,"[{""f"": ""توقف عن التذلل، كن قوياً."", ""h"": ""بطل الفخسسه، خليك قوي.""}]",[],"[""personality traits"", ""behavior"", ""weakness""]","الكلمة: فَخْسَسَه (فخسسه)
الجذر: فخس
الفصحى: التذلل والمسكنة
المعنى: إظهار الضعف والمسكنة لاستعطاف الآخرين، وهي مشتقة من حشرة (الفخسوس).
المرادفات: تسمكن، تذلل
مثال: بطل الفخسسه، خليك قوي.
الوسوم: personality traits، behavior، weakness
ملاحظة: وصف للشخص الذي يتظاهر بالضعف"
668,فَتْلَه,فتله,ftlh,فتل,Noun,object,خيط الغزل,الخيوط المبرومة التي تستخدم في الخياطة أو الغزل.,general,"[""خيط""]",[],بكسر الفاء,قاموس اللهجة الحضرمية - فهد بن هلابي - ص 101,"[{""f"": ""أحضر الخيط لنصلح الثوب."", ""h"": ""هات الفتله نصلح الثوب.""}]",[],"[""tools"", ""clothing"", ""sewing""]","الكلمة: فَتْلَه (فتله)
الجذر: فتل
الفصحى: خيط الغزل
المعنى: الخيوط المبرومة التي تستخدم في الخياطة أو الغزل.
المرادفات: خيط
مثال: هات الفتله نصلح الثوب.
الوسوم: tools، clothing، sewing
ملاحظة: بكسر الفاء"
669,فُكَّه,فكه,fkh,فكك,Verb,action,دعه أو اتركه,طلب لترك شخص ما وشأنه، و'فُكَّني' تعني اتركني.,general,"[""اتركه"", ""سيبه""]",[],فعل أمر بضم الفاء,قاموس اللهجة الحضرمية - فهد بن هلابي - ص 101,"[{""f"": ""اتركه وشأنه ولا تؤذه."", ""h"": ""فكه من شرك.""}, {""f"": ""يا أخي اتركني الآن."", ""h"": ""يا أخي فُكني الحين.""}]",[],"[""daily life"", ""imperative"", ""leave""]","الكلمة: فُكَّه (فكه)
الجذر: فكك
الفصحى: دعه أو اتركه
المعنى: طلب لترك شخص ما وشأنه، و'فُكَّني' تعني اتركني.
المرادفات: اتركه، سيبه
مثال: فكه من شرك.
الوسوم: daily life، imperative، leave
ملاحظة: فعل أمر بضم الفاء"
670,اَلْفَخْطَه,الفخطه,alfkhTh,فخط,Noun,object,طلع النخيل (للتلقيح),ما يخرج من فحل النخل ويستخدم لتلقيح النخيل المثمرة.,general,"[""القراف"", ""اللقاح""]",[],مصطلح زراعي,قاموس اللهجة الحضرمية - فهد بن هلابي - ص 101,"[{""f"": ""اليوم لقّحنا النخلة بطلع الفحل."", ""h"": ""اليوم فخطنا النخله.""}]",[],"[""agriculture"", ""palm trees""]","الكلمة: اَلْفَخْطَه (الفخطه)
الجذر: فخط
الفصحى: طلع النخيل (للتلقيح)
المعنى: ما يخرج من فحل النخل ويستخدم لتلقيح النخيل المثمرة.
المرادفات: القراف، اللقاح
مثال: اليوم فخطنا النخله.
الوسوم: agriculture، palm trees
ملاحظة: مصطلح زراعي"
671,اَلْقَرّ,القر,alqr,قرر,Noun,time,البرد الشديد,البرودة القارسة في الجو.,general,"[""برد"", ""صقيع""]",[],بضم القاف,قاموس اللهجة الحضرمية - فهد بن هلابي - ص 102,"[{""f"": ""البرد اليوم شديد جداً."", ""h"": ""اليوم القر يكسر العظام.""}]",[],"[""weather"", ""nature"", ""cold""]","الكلمة: اَلْقَرّ (القر)
الجذر: قرر
الفصحى: البرد الشديد
المعنى: البرودة القارسة في الجو.
المرادفات: برد، صقيع
مثال: اليوم القر يكسر العظام.
الوسوم: weather، nature، cold
ملاحظة: بضم القاف"
672,قَتَم,قتم,qtm,قتم,Noun,time,غبار,الأتربة المثارة في الجو بفعل الرياح.,general,"[""عجاج"", ""غبار""]",[],,قاموس اللهجة الحضرمية - فهد بن هلابي - ص 102,"[{""f"": ""الجو مليء بالغبار اليوم."", ""h"": ""الجو كله قتم اليوم.""}]",[],"[""weather"", ""nature"", ""dust""]","الكلمة: قَتَم (قتم)
الجذر: قتم
الفصحى: غبار
المعنى: الأتربة المثارة في الجو بفعل الرياح.
المرادفات: عجاج، غبار
مثال: الجو كله قتم اليوم.
الوسوم: weather، nature، dust"
673,قَتَب,قتب,qtb,قتب,Noun,object,إكاف الدابة,ما يوضع على ظهر البعير أو الحمير تحت الأحمال لحمايتها.,general,[],[],فتح التاء والقاف,قاموس اللهجة الحضرمية - فهد بن هلابي - ص 102,"[{""f"": ""ثبّت الإكاف على ظهر الحمار."", ""h"": ""شد القتب على الحمار.""}]",[],"[""tools"", ""animals""]","الكلمة: قَتَب (قتب)
الجذر: قتب
الفصحى: إكاف الدابة
المعنى: ما يوضع على ظهر البعير أو الحمير تحت الأحمال لحمايتها.
مثال: شد القتب على الحمار.
الوسوم: tools، animals
ملاحظة: فتح التاء والقاف"
674,قَاق,قاق,qaq,قوق,Expression,expression,لفظ للاستسلام,كلمة تقال عند اليأس أو العجز أو الاستسلام التام للشيء.,general,[],[],,قاموس اللهجة الحضرمية - فهد بن هلابي - ص 102,"[{""f"": ""لم أستطع هزيمته، فاستسلمت."", ""h"": ""ما قدرت عليه، قلت قاق.""}]",[],"[""daily life"", ""expressions"", ""submission""]","الكلمة: قَاق (قاق)
الجذر: قوق
الفصحى: لفظ للاستسلام
المعنى: كلمة تقال عند اليأس أو العجز أو الاستسلام التام للشيء.
مثال: ما قدرت عليه، قلت قاق.
الوسوم: daily life، expressions، submission"
675,قَبْصَه,قبصه,qbSh,قبص,Noun,object,قرصة أو لدغة,لدغ الحشرات أو الضغط على الجلد بالأصابع.,general,"[""قرصة""]",[],سكون الباء,قاموس اللهجة الحضرمية - فهد بن هلابي - ص 102,"[{""f"": ""لدغتني النحلة."", ""h"": ""قبصتني النوبة (النحلة).""}]","[""قبصة في قرن ثور.""]","[""daily life"", ""nature""]","الكلمة: قَبْصَه (قبصه)
الجذر: قبص
الفصحى: قرصة أو لدغة
المعنى: لدغ الحشرات أو الضغط على الجلد بالأصابع.
المرادفات: قرصة
مثال: قبصتني النوبة (النحلة).
الوسوم: daily life، nature
ملاحظة: سكون الباء"
676,قُمْرِي,قمري,qmry,قمر,Noun,object,ذكر طيور الحمام (العول),يطلق على ذكر الحمام البري أو طيور العول.,general,[],[],,قاموس اللهجة الحضرمية - فهد بن هلابي - ص 105,"[{""f"": ""سمعت صوت ذكر الحمام يغرد."", ""h"": ""سمعت صوت القمري يغرد.""}]",[],"[""nature"", ""birds""]","الكلمة: قُمْرِي (قمري)
الجذر: قمر
الفصحى: ذكر طيور الحمام (العول)
المعنى: يطلق على ذكر الحمام البري أو طيور العول.
مثال: سمعت صوت القمري يغرد.
الوسوم: nature، birds"
677,قُبَّه,قبه,qbh,قبب,Noun,object,قبة المعلم أو الضريح,بناء مخروطي الشكل يبنى فوق الأضرحة أو الأماكن التاريخية.,general,[],[],,قاموس اللهجة الحضرمية - فهد بن هلابي - ص 102,"[{""f"": ""بنى قبة فوق قبر جده."", ""h"": ""بنى قبه على قبر جده.""}]",[],"[""architecture"", ""culture""]","الكلمة: قُبَّه (قبه)
الجذر: قبب
الفصحى: قبة المعلم أو الضريح
المعنى: بناء مخروطي الشكل يبنى فوق الأضرحة أو الأماكن التاريخية.
مثال: بنى قبه على قبر جده.
الوسوم: architecture، culture"
678,قَهَاوِل,قهاول,qhawl,قهل,Noun,object,مكيال حضرمي,أداة قديمة تستخدم كمعيار للكيل والوزن في الأسواق.,general,[],[],أصغر من الربع أو المكيال الكبير,قاموس اللهجة الحضرمية - فهد بن هلابي - ص 102,"[{""f"": ""زِن لي مكيالاً من القمح."", ""h"": ""كِل لي قهاول من البر.""}]",[],"[""tools"", ""trade""]","الكلمة: قَهَاوِل (قهاول)
الجذر: قهل
الفصحى: مكيال حضرمي
المعنى: أداة قديمة تستخدم كمعيار للكيل والوزن في الأسواق.
مثال: كِل لي قهاول من البر.
الوسوم: tools، trade
ملاحظة: أصغر من الربع أو المكيال الكبير"
679,اَلْقَوَارَه,القواره,alqwarh,قور,Noun,object,العناد,الإصرار على الرأي والتمسك به حتى في الخطأ.,general,"[""عناد""]",[],,قاموس اللهجة الحضرمية - فهد بن هلابي - ص 102,"[{""f"": ""اترك العناد واستمع للنصيحة."", ""h"": ""بطل القواره وسمع الكلام.""}]",[],"[""personality traits"", ""persistence""]","الكلمة: اَلْقَوَارَه (القواره)
الجذر: قور
الفصحى: العناد
المعنى: الإصرار على الرأي والتمسك به حتى في الخطأ.
المرادفات: عناد
مثال: بطل القواره وسمع الكلام.
الوسوم: personality traits، persistence"
680,قِطْبَه,قطبه,qTbh,قطب,Noun,object,قطعة,جزء مقطوع من شيء ما.,general,"[""وصلة"", ""فتكة""]",[],,قاموس اللهجة الحضرمية - فهد بن هلابي - ص 103,"[{""f"": ""أعطني قطعة من اللحم."", ""h"": ""أعطني قطبه من اللحم.""}]","[""الجبر قِطْبه من الخنثْ.""]","[""general"", ""pieces""]","الكلمة: قِطْبَه (قطبه)
الجذر: قطب
الفصحى: قطعة
المعنى: جزء مقطوع من شيء ما.
المرادفات: وصلة، فتكة
مثال: أعطني قطبه من اللحم.
الوسوم: general، pieces"
681,قُدَّامِي,قدامي,qdamy,قدم,Preposition,function,أمامي,ظرف مكان يعني في الجهة المقابلة لوجه الشخص.,general,"[""قبلي""]",[],بشد الدال,قاموس اللهجة الحضرمية - فهد بن هلابي - ص 103,"[{""f"": ""امشِ أمامي."", ""h"": ""امشِ قدامي.""}]",[],"[""general"", ""directions"", ""front""]","الكلمة: قُدَّامِي (قدامي)
الجذر: قدم
الفصحى: أمامي
المعنى: ظرف مكان يعني في الجهة المقابلة لوجه الشخص.
المرادفات: قبلي
مثال: امشِ قدامي.
الوسوم: general، directions، front
ملاحظة: بشد الدال"
682,قُرُوْح,قروح,qrwH,قرح,Noun,object,أصوات الانفجار أو البنادق,صوت دوي الرصاص أو المفرقعات.,general,"[""انفجار""]",[],,قاموس اللهجة الحضرمية - فهد بن هلابي - ص 103,"[{""f"": ""سمعنا صوت إطلاق رصاص في العرس."", ""h"": ""سمعنا قروح بنادق في العرس.""}]",[],"[""daily life"", ""explosions""]","الكلمة: قُرُوْح (قروح)
الجذر: قرح
الفصحى: أصوات الانفجار أو البنادق
المعنى: صوت دوي الرصاص أو المفرقعات.
المرادفات: انفجار
مثال: سمعنا قروح بنادق في العرس.
الوسوم: daily life، explosions"
683,اَلْقُرَاف,القراف,alqraf,قرف,Noun,object,تلقيح النخل,عملية وضع طلع الفحل في العذوق لتلقيحها.,general,"[""فخطة""]",[],,قاموس اللهجة الحضرمية - فهد بن هلابي - ص 103,"[{""f"": ""جاء وقت تلقيح النخيل."", ""h"": ""جاء وقت القراف.""}]",[],"[""agriculture"", ""flower""]","الكلمة: اَلْقُرَاف (القراف)
الجذر: قرف
الفصحى: تلقيح النخل
المعنى: عملية وضع طلع الفحل في العذوق لتلقيحها.
المرادفات: فخطة
مثال: جاء وقت القراف.
الوسوم: agriculture، flower"
684,اَلْقَبْع,القبع,alqb3,قبع,Noun,object,الضرب,توجيه ضربة قوية لشخص ما.,general,"[""لطم"", ""ضرب""]",[],,قاموس اللهجة الحضرمية - فهد بن هلابي - ص 103,"[{""f"": ""ضربه على رأسه."", ""h"": ""قبعه على راسه.""}]",[],"[""actions"", ""beating""]","الكلمة: اَلْقَبْع (القبع)
الجذر: قبع
الفصحى: الضرب
المعنى: توجيه ضربة قوية لشخص ما.
المرادفات: لطم، ضرب
مثال: قبعه على راسه.
الوسوم: actions، beating"
685,اَلْقَزَازَة,القزازة,alqzazh,قزز,Noun,object,الزجاجة,أي وعاء مصنوع من مادة الزجاج.,general,"[""زجاج""]",[],,قاموس اللهجة الحضرمية - فهد بن هلابي - ص 103,"[{""f"": ""انكسرت الزجاجة."", ""h"": ""انكسرت القزازة.""}]",[],"[""tools"", ""glass""]","الكلمة: اَلْقَزَازَة (القزازة)
الجذر: قزز
الفصحى: الزجاجة
المعنى: أي وعاء مصنوع من مادة الزجاج.
المرادفات: زجاج
مثال: انكسرت القزازة.
الوسوم: tools، glass"
686,اَلْقَصِيْرَة,القصيرة,alqSyrh,قصر,Noun,object,الجنبية,اسم يطلق أحياناً على الجنبية (الخنجر الحضرمي) لقصر طولها.,general,"[""جنبية""]",[],وصف مجازي,قاموس اللهجة الحضرمية - فهد بن هلابي - ص 103,"[{""f"": ""لبس الجنبية وخرج."", ""h"": ""لبس القصيرة وخرج.""}]",[],"[""culture"", ""clothing"", ""short""]","الكلمة: اَلْقَصِيْرَة (القصيرة)
الجذر: قصر
الفصحى: الجنبية
المعنى: اسم يطلق أحياناً على الجنبية (الخنجر الحضرمي) لقصر طولها.
المرادفات: جنبية
مثال: لبس القصيرة وخرج.
الوسوم: culture، clothing، short
ملاحظة: وصف مجازي"
687,قَرْقَعَه,قرقعه,qrq3h,قرقع,Noun,object,طراقة الباب (الجرس القديم),قطعة معدنية تثبت على الباب الخشبي تُضرب باليد لإعلام أهل البيت بوجود طارق.,general,[],[],,قاموس اللهجة الحضرمية - فهد بن هلابي - ص 103,"[{""f"": ""طرق طراقة الباب بقوة."", ""h"": ""دق القرقعه بقوة.""}]",[],"[""tools"", ""home"", ""door""]","الكلمة: قَرْقَعَه (قرقعه)
الجذر: قرقع
الفصحى: طراقة الباب (الجرس القديم)
المعنى: قطعة معدنية تثبت على الباب الخشبي تُضرب باليد لإعلام أهل البيت بوجود طارق.
مثال: دق القرقعه بقوة.
الوسوم: tools، home، door"
688,اَلْقَامِزِي,القامزي,alqamzy,قمز,Noun,object,البارود,المادة المتفجرة التي تستخدم في البنادق القديمة.,general,"[""بارود""]",[],,قاموس اللهجة الحضرمية - فهد بن هلابي - ص 104,"[{""f"": ""ملأ البندقية بالبارود."", ""h"": ""عبّ البندق بالقامزي.""}]",[],"[""tools"", ""explosive""]","الكلمة: اَلْقَامِزِي (القامزي)
الجذر: قمز
الفصحى: البارود
المعنى: المادة المتفجرة التي تستخدم في البنادق القديمة.
المرادفات: بارود
مثال: عبّ البندق بالقامزي.
الوسوم: tools، explosive"
689,قَعَتْ,قعت,q3t,وقع,Verb,action,صارت أو أصبحت,فعل ماضي للمؤنث بمعنى تحول الشيء إلى حالة أخرى.,general,"[""وقعت"", ""صارت""]",[],,قاموس اللهجة الحضرمية - فهد بن هلابي - ص 104,"[{""f"": ""صارت الدنيا تمطر."", ""h"": ""قعت الدنيا مطر.""}]",[],"[""actions"", ""changed""]","الكلمة: قَعَتْ (قعت)
الجذر: وقع
الفصحى: صارت أو أصبحت
المعنى: فعل ماضي للمؤنث بمعنى تحول الشيء إلى حالة أخرى.
المرادفات: وقعت، صارت
مثال: قعت الدنيا مطر.
الوسوم: actions، changed"
690,اَلْقشَار,القشار,alqshar,قشر,Noun,object,أحجار بحرية كبيرة,مجموعة من الصخور الضخمة الموجودة في قاع البحر أو على سطحه.,coast,[],[],,قاموس اللهجة الحضرمية - فهد بن هلابي - ص 104,"[{""f"": ""اقتربت السفينة من الصخور البحرية."", ""h"": ""قربت السفينة من القشار.""}]",[],"[""nature"", ""sea""]","الكلمة: اَلْقشَار (القشار)
الجذر: قشر
الفصحى: أحجار بحرية كبيرة
المعنى: مجموعة من الصخور الضخمة الموجودة في قاع البحر أو على سطحه.
مثال: قربت السفينة من القشار.
الوسوم: nature، sea"
691,اَلْقَاسِم,القاسم,alqasm,قسم,Noun,object,أعمدة السقف,الأعمدة الأساسية (الجسور الخشبية) التي يقوم عليها سقف البيت.,general,[],[],جمعها: قواسم,قاموس اللهجة الحضرمية - فهد بن هلابي - ص 104,"[{""f"": ""أصلح عمود سقف الغرفة."", ""h"": ""عرب القاسم حق الغرفة.""}]",[],"[""architecture"", ""home"", ""columns""]","الكلمة: اَلْقَاسِم (القاسم)
الجذر: قسم
الفصحى: أعمدة السقف
المعنى: الأعمدة الأساسية (الجسور الخشبية) التي يقوم عليها سقف البيت.
مثال: عرب القاسم حق الغرفة.
الوسوم: architecture، home، columns
ملاحظة: جمعها: قواسم"
692,اَلْقُبُوْع,القبوع,alqbw3,قبع,Noun,object,زخارف معمارية مذبذبة,هياكل صغيرة تبنى على أطراف أسطح المساجد أو الحصون للزينة.,general,[],[],,قاموس اللهجة الحضرمية - فهد بن هلابي - ص 104,"[{""f"": ""هذه الزخارف تعطي الحصن منظراً جميلاً."", ""h"": ""القبوع تعطي الحصن منظر زين.""}]",[],"[""architecture"", ""decorations"", ""beauty""]","الكلمة: اَلْقُبُوْع (القبوع)
الجذر: قبع
الفصحى: زخارف معمارية مذبذبة
المعنى: هياكل صغيرة تبنى على أطراف أسطح المساجد أو الحصون للزينة.
مثال: القبوع تعطي الحصن منظر زين.
الوسوم: architecture، decorations، beauty"
693,قَفَا,قفا,qfa,قفو,Preposition,function,خلف أو وراء,ظرف مكان يعني الجهة الخلفية، و'قفاك' تعني وراءك.,general,"[""خلف""]",[],,قاموس اللهجة الحضرمية - فهد بن هلابي - ص 104,"[{""f"": ""ابحث عن القلم خلف الباب."", ""h"": ""دور القلم قفا الباب.""}]",[],"[""directions"", ""back""]","الكلمة: قَفَا (قفا)
الجذر: قفو
الفصحى: خلف أو وراء
المعنى: ظرف مكان يعني الجهة الخلفية، و'قفاك' تعني وراءك.
المرادفات: خلف
مثال: دور القلم قفا الباب.
الوسوم: directions، back"
694,اَلْقِبَاض,القباض,alqbaD,قبض,Noun,person,الخطوبة الرسمية (دفع المهر),مناسبة اجتماعية يتم فيها تسليم المهر لأهل العروس وتثبيت الخطبة.,general,"[""المداد""]",[],,قاموس اللهجة الحضرمية - فهد بن هلابي - ص 104,"[{""f"": ""الليلة موعد تسليم مهر فلان لخطيبته."", ""h"": ""الليلة قباض فلان.""}]",[],"[""social customs"", ""marriage"", ""wedding""]","الكلمة: اَلْقِبَاض (القباض)
الجذر: قبض
الفصحى: الخطوبة الرسمية (دفع المهر)
المعنى: مناسبة اجتماعية يتم فيها تسليم المهر لأهل العروس وتثبيت الخطبة.
المرادفات: المداد
مثال: الليلة قباض فلان.
الوسوم: social customs، marriage، wedding"
695,اَلْقَلْبَه,القلبة,alqlbh,قلب,Noun,object,قلب النخلة,الجريد الصغير الأبيض الذي يظهر حديثاً من وسط رأس النخلة.,general,[],[],,قاموس اللهجة الحضرمية - فهد بن هلابي - ص 104,"[{""f"": ""جريد قلب النخلة بدأ بالظهور."", ""h"": ""قلبة النخلة طالعة جديدة.""}]",[],"[""agriculture"", ""palm trees"", ""leaf""]","الكلمة: اَلْقَلْبَه (القلبة)
الجذر: قلب
الفصحى: قلب النخلة
المعنى: الجريد الصغير الأبيض الذي يظهر حديثاً من وسط رأس النخلة.
مثال: قلبة النخلة طالعة جديدة.
الوسوم: agriculture، palm trees، leaf"
696,اَلْقَسّ,القس,alqs,قسس,Noun,object,مفتاح الكهرباء,الزر أو المفتاح المستخدم لتشغيل أو إطفاء الضوء.,general,[],[],سكون السين,قاموس اللهجة الحضرمية - فهد بن هلابي - ص 104,"[{""f"": ""اضغط المفتاح لإطفاء المصباح."", ""h"": ""اضغط القس طفي السراج.""}]",[],"[""tools"", ""daily life"", ""light""]","الكلمة: اَلْقَسّ (القس)
الجذر: قسس
الفصحى: مفتاح الكهرباء
المعنى: الزر أو المفتاح المستخدم لتشغيل أو إطفاء الضوء.
مثال: اضغط القس طفي السراج.
الوسوم: tools، daily life، light
ملاحظة: سكون السين"
697,اَلْقَسّ,القس,alqs,قسس,Noun,object,التمر اليابس,التمر الذي جف تماماً وأصبح صلباً وقاسياً.,general,"[""صلب""]",[],شد السين,قاموس اللهجة الحضرمية - فهد بن هلابي - ص 105,"[{""f"": ""هذا التمر أصبح جافاً وقاسياً."", ""h"": ""هذا التمر رجع قس.""}]",[],"[""food"", ""dry""]","الكلمة: اَلْقَسّ (القس)
الجذر: قسس
الفصحى: التمر اليابس
المعنى: التمر الذي جف تماماً وأصبح صلباً وقاسياً.
المرادفات: صلب
مثال: هذا التمر رجع قس.
الوسوم: food، dry
ملاحظة: شد السين"
698,اَلْقَوْقَرَه,القوقرة,alqwqrh,قوقر,Noun,object,تنورة داخلية,قطعة من الملابس الداخلية كانت تلبسها المرأة الحضرمية تحت الفستان.,general,[],[],,قاموس اللهجة الحضرمية - فهد بن هلابي - ص 105,"[{""f"": ""ملابس المرأة قديماً كانت تتضمن التنورة الداخلية."", ""h"": ""ملابس المرة قديماً فيها القوقرة.""}]",[],"[""clothing"", ""culture"", ""underwear""]","الكلمة: اَلْقَوْقَرَه (القوقرة)
الجذر: قوقر
الفصحى: تنورة داخلية
المعنى: قطعة من الملابس الداخلية كانت تلبسها المرأة الحضرمية تحت الفستان.
مثال: ملابس المرة قديماً فيها القوقرة.
الوسوم: clothing، culture، underwear"
699,اَلْقِنْفَان,القنفان,alqnfan,قنف,Noun,time,السحاب المتراكم,الغيوم الكثيفة المتراكمة فوق بعضها والتي تنذر بالمطر.,general,"[""سحاب"", ""مزن""]",[],,قاموس اللهجة الحضرمية - فهد بن هلابي - ص 105,"[{""f"": ""انظر للسحاب المتراكم في السماء."", ""h"": ""شوف القنفان في السماء.""}]",[],"[""nature"", ""weather"", ""cloud""]","الكلمة: اَلْقِنْفَان (القنفان)
الجذر: قنف
الفصحى: السحاب المتراكم
المعنى: الغيوم الكثيفة المتراكمة فوق بعضها والتي تنذر بالمطر.
المرادفات: سحاب، مزن
مثال: شوف القنفان في السماء.
الوسوم: nature، weather، cloud"
700,قُوْز,قوز,qwz,قوز,Noun,object,تلة رملية,الجبل الصغير المكون من الرمال.,general,"[""كثيب""]",[],,قاموس اللهجة الحضرمية - فهد بن هلابي - ص 105,"[{""f"": ""صعدنا فوق التلة الرملية الكبيرة."", ""h"": ""طلعنا فوق القوز الكبير.""}]",[],"[""nature"", ""sand""]","الكلمة: قُوْز (قوز)
الجذر: قوز
الفصحى: تلة رملية
المعنى: الجبل الصغير المكون من الرمال.
المرادفات: كثيب
مثال: طلعنا فوق القوز الكبير.
الوسوم: nature، sand"
701,قَفْلَه,قفله,qflh,قفل,Noun,object,وحدة وزن صغيرة,وحدة وزن تساوي تقريباً 2-3 غرامات، تستخدم لوزن الذهب والسلع الثمينة.,general,[],[],جمعها: قفال,قاموس اللهجة الحضرمية - فهد بن هلابي - ص 105,"[{""f"": ""وزنت الذهب بوحدة القفلة."", ""h"": ""وزنت الذهب بالقفال.""}]",[],"[""trade"", ""weights"", ""gold""]","الكلمة: قَفْلَه (قفله)
الجذر: قفل
الفصحى: وحدة وزن صغيرة
المعنى: وحدة وزن تساوي تقريباً 2-3 غرامات، تستخدم لوزن الذهب والسلع الثمينة.
مثال: وزنت الذهب بالقفال.
الوسوم: trade، weights، gold
ملاحظة: جمعها: قفال"
702,قَابْلَه,قابله,qablh,قبل,Noun,time,ليلة غد,الوقت الذي سيأتي في مساء اليوم التالي (عكس البارحة).,general,"[""بكرة""]",[],,قاموس اللهجة الحضرمية - فهد بن هلابي - ص 105,"[{""f"": ""موعدنا ليلة غد."", ""h"": ""موعدنا ليلة القابله.""}]",[],"[""time"", ""morning""]","الكلمة: قَابْلَه (قابله)
الجذر: قبل
الفصحى: ليلة غد
المعنى: الوقت الذي سيأتي في مساء اليوم التالي (عكس البارحة).
المرادفات: بكرة
مثال: موعدنا ليلة القابله.
الوسوم: time، morning"
703,قِرْبَه,قربه,qrbh,قرب,Noun,object,وعاء جلدي للماء,وعاء مصنوع من جلد الحيوان لحفظ وتبريد الماء.,general,[],[],,قاموس اللهجة الحضرمية - فهد بن هلابي - ص 105,"[{""f"": ""ماء الوعاء الجلدي بارد."", ""h"": ""ماء القربة بارد.""}]",[],"[""tools"", ""nature"", ""water""]","الكلمة: قِرْبَه (قربه)
الجذر: قرب
الفصحى: وعاء جلدي للماء
المعنى: وعاء مصنوع من جلد الحيوان لحفظ وتبريد الماء.
مثال: ماء القربة بارد.
الوسوم: tools، nature، water"
704,اَلْقَلْت,القلت,alqlt,قلت,Noun,object,صهاريج جبلية طبيعية,حفر في الجبال تحفظ مياه السيول لفترات طويلة.,general,"[""مجلجل""]",[],جمعها: قلوت,قاموس اللهجة الحضرمية - فهد بن هلابي - ص 105,"[{""f"": ""شربنا من ماء الصهاريج الجبلية."", ""h"": ""شربنا من ماء القلت.""}]",[],"[""nature"", ""water"", ""well""]","الكلمة: اَلْقَلْت (القلت)
الجذر: قلت
الفصحى: صهاريج جبلية طبيعية
المعنى: حفر في الجبال تحفظ مياه السيول لفترات طويلة.
المرادفات: مجلجل
مثال: شربنا من ماء القلت.
الوسوم: nature، water، well
ملاحظة: جمعها: قلوت"
705,اَلْقَمِيْص,القميص,alqmyS,قمص,Noun,object,الثوب الأبيض,الثوب الطويل الذي يلبسه الرجل الحضرمي.,general,"[""ثوب""]",[],,قاموس اللهجة الحضرمية - فهد بن هلابي - ص 106,"[{""f"": ""لبس ثوبه الجديد."", ""h"": ""لبس قميصه الجديد.""}]",[],"[""clothing"", ""white""]","الكلمة: اَلْقَمِيْص (القميص)
الجذر: قمص
الفصحى: الثوب الأبيض
المعنى: الثوب الطويل الذي يلبسه الرجل الحضرمي.
المرادفات: ثوب
مثال: لبس قميصه الجديد.
الوسوم: clothing، white"
706,اَلْقَنَاقِن,القناقن,alqnaqn,قنكن,Noun,object,أجراس صغيرة,كرات نحاسية صغيرة مجوفة تصدر صوتاً، توضع في خلاخيل الأطفال أو النساء.,general,[],[],,قاموس اللهجة الحضرمية - فهد بن هلابي - ص 106,"[{""f"": ""اسمع صوت الأجراس الصغيرة."", ""h"": ""اسمع حس القناقن.""}]",[],"[""jewelry"", ""culture""]","الكلمة: اَلْقَنَاقِن (القناقن)
الجذر: قنكن
الفصحى: أجراس صغيرة
المعنى: كرات نحاسية صغيرة مجوفة تصدر صوتاً، توضع في خلاخيل الأطفال أو النساء.
مثال: اسمع حس القناقن.
الوسوم: jewelry، culture"
707,قَاع,قاع,qa3,قوع,Noun,object,الأرض,سطح الأرض أو القاع.,general,"[""أرض""]",[],,قاموس اللهجة الحضرمية - فهد بن هلابي - ص 106,"[{""f"": ""اجلس على الأرض."", ""h"": ""اجلس على القاع.""}]","[""الحصاه من القاع والدم من ضرسك.""]","[""general"", ""ground""]","الكلمة: قَاع (قاع)
الجذر: قوع
الفصحى: الأرض
المعنى: سطح الأرض أو القاع.
المرادفات: أرض
مثال: اجلس على القاع.
الوسوم: general، ground"
708,اَلْقَبِيْل,القبيل,alqbyl,قبل,Noun,object,مساعد المعلم,الشخص الذي يساعد المعلم (البناء) في العمل ليتعلم المهنة.,general,"[""مساعد""]",[],,قاموس اللهجة الحضرمية - فهد بن هلابي - ص 106,"[{""f"": ""هذا الولد مساعد للمبّني (المعمار)."", ""h"": ""هذا الولد قبيل عند المعلم.""}]",[],"[""jobs"", ""teacher"", ""assistant""]","الكلمة: اَلْقَبِيْل (القبيل)
الجذر: قبل
الفصحى: مساعد المعلم
المعنى: الشخص الذي يساعد المعلم (البناء) في العمل ليتعلم المهنة.
المرادفات: مساعد
مثال: هذا الولد قبيل عند المعلم.
الوسوم: jobs، teacher، assistant"
709,اَلْقَرْع,القرع,alqr3,قرع,Noun,object,بسر بدأ ينضج,ثمرة النخيل التي نضج نصفها وأصبح تمراً وبقي نصفها الآخر بسراً.,general,"[""منصف""]",[],,قاموس اللهجة الحضرمية - فهد بن هلابي - ص 106,"[{""f"": ""وجدنا تمراً بدأ بالنضج في العذق."", ""h"": ""لقينا قرع في العذق.""}]",[],"[""agriculture"", ""food"", ""palm tree""]","الكلمة: اَلْقَرْع (القرع)
الجذر: قرع
الفصحى: بسر بدأ ينضج
المعنى: ثمرة النخيل التي نضج نصفها وأصبح تمراً وبقي نصفها الآخر بسراً.
المرادفات: منصف
مثال: لقينا قرع في العذق.
الوسوم: agriculture، food، palm tree"
710,قَشْعَه,قشعه,qsh3h,قشع,Adjective,descriptor,مؤدب ومطيع,وصف يطلق غالباً على الطفل الذي يسمع الكلام ولا يثير المشاكل.,general,"[""هادئ"", ""مطيع""]",[],,قاموس اللهجة الحضرمية - فهد بن هلابي - ص 106,"[{""f"": ""ابنه مؤدب ومطيع جداً."", ""h"": ""ولده قشعه ما شاء الله.""}]",[],"[""personality traits"", ""children"", ""quiet""]","الكلمة: قَشْعَه (قشعه)
الجذر: قشع
الفصحى: مؤدب ومطيع
المعنى: وصف يطلق غالباً على الطفل الذي يسمع الكلام ولا يثير المشاكل.
المرادفات: هادئ، مطيع
مثال: ولده قشعه ما شاء الله.
الوسوم: personality traits، children، quiet"
711,اَلْقَضْب,القضب,alqDb,قضب,Noun,object,البرسيم,نبات يستخدم كعلف للحيوانات.,general,"[""قت""]",[],,قاموس اللهجة الحضرمية - فهد بن هلابي - ص 106,"[{""f"": ""اشترِ برسيماً للأغنام."", ""h"": ""اشترِ قضب للغنم.""}]",[],"[""agriculture"", ""animals"", ""grass""]","الكلمة: اَلْقَضْب (القضب)
الجذر: قضب
الفصحى: البرسيم
المعنى: نبات يستخدم كعلف للحيوانات.
المرادفات: قت
مثال: اشترِ قضب للغنم.
الوسوم: agriculture، animals، grass"
712,اَلْقَمْبَر,القمبر,alqmbr,قمبر,Noun,object,الإطار أو البرواز,البرواز الذي توضع فيه الصور أو المرايا.,general,"[""برواز""]",[],,قاموس اللهجة الحضرمية - فهد بن هلابي - ص 106,"[{""f"": ""هذا الإطار الخاص بالصورة جميل."", ""h"": ""هذا القمبر حق الصورة زين.""}]",[],"[""tools"", ""home"", ""frame""]","الكلمة: اَلْقَمْبَر (القمبر)
الجذر: قمبر
الفصحى: الإطار أو البرواز
المعنى: البرواز الذي توضع فيه الصور أو المرايا.
المرادفات: برواز
مثال: هذا القمبر حق الصورة زين.
الوسوم: tools، home، frame"
713,اَلْقَلَامَه,القلامه,alqlamh,قلم,Noun,object,تشذيب النخل,عملية قص السعف اليابس وتكريب النخلة.,general,"[""تكريب""]",[],,قاموس اللهجة الحضرمية - فهد بن هلابي - ص 106,"[{""f"": ""العامل منشغل بتشذيب النخلة."", ""h"": ""المعلم يشتغل في القلامه.""}]",[],"[""agriculture"", ""palm trees"", ""branch""]","الكلمة: اَلْقَلَامَه (القلامه)
الجذر: قلم
الفصحى: تشذيب النخل
المعنى: عملية قص السعف اليابس وتكريب النخلة.
المرادفات: تكريب
مثال: المعلم يشتغل في القلامه.
الوسوم: agriculture، palm trees، branch"
714,قَنَص,قنص,qnS,قنص,Noun,object,رحلة الصيد,الخروج لصيد الوعول أو الطيور.,general,"[""قنيص""]",[],,قاموس اللهجة الحضرمية - فهد بن هلابي - ص 107,"[{""f"": ""ذهب الشباب في رحلة صيد."", ""h"": ""راحوا الشباب للقنص.""}]",[],"[""daily life"", ""traditions"", ""fishing""]","الكلمة: قَنَص (قنص)
الجذر: قنص
الفصحى: رحلة الصيد
المعنى: الخروج لصيد الوعول أو الطيور.
المرادفات: قنيص
مثال: راحوا الشباب للقنص.
الوسوم: daily life، traditions، fishing"
715,اَلْقَامَة,القامة,alqamh,قوم,Noun,object,معيار طول (ارتفاع الماء),مقياس لطول الإنسان تقريباً، يستخدم لقياس عمق الآبار أو ارتفاع مياه السيول.,general,[],[],,قاموس اللهجة الحضرمية - فهد بن هلابي - ص 107,"[{""f"": ""البئر عمقها عشر قامات."", ""h"": ""البير عمقها عشر قامت.""}, {""f"": ""ارتفاع السيل وصل لمقدار طول الإنسان."", ""h"": ""السيل طلع قامة.""}]",[],"[""weights"", ""water"", ""depth""]","الكلمة: اَلْقَامَة (القامة)
الجذر: قوم
الفصحى: معيار طول (ارتفاع الماء)
المعنى: مقياس لطول الإنسان تقريباً، يستخدم لقياس عمق الآبار أو ارتفاع مياه السيول.
مثال: البير عمقها عشر قامت.
الوسوم: weights، water، depth"
716,اَلْقَصَب,القصب,alqSb,قصب,Noun,object,سيقان الذرة,عيدان الذرة أو سيقانها الجافة التي تستخدم غالباً كعلف للحيوانات أو في بناء العشش.,general,[],[],يستخدم القصب في المناطق الريفية كغذاء رئيسي للمواشي بعد حصاد حبوب الذرة.,قاموس اللهجة الحضرمية - فهد بن هلابي - ص 107,"[{""f"": ""ضع سيقان الذرة للبقرة."", ""h"": ""حط القصب للبقرة.""}, {""f"": ""جفف عيدان الذرة في الشمس."", ""h"": ""يبس القصب في الشمس.""}]",[],"[""daily life"", ""agriculture"", ""corn""]","الكلمة: اَلْقَصَب (القصب)
الجذر: قصب
الفصحى: سيقان الذرة
المعنى: عيدان الذرة أو سيقانها الجافة التي تستخدم غالباً كعلف للحيوانات أو في بناء العشش.
مثال: حط القصب للبقرة.
الوسوم: daily life، agriculture، corn
ملاحظة: يستخدم القصب في المناطق الريفية كغذاء رئيسي للمواشي بعد حصاد حبوب الذرة."
717,اَلْقَرْشَط,القرشط,alqrshT,قرشط,Noun,object,نعل بلاستيكي,نوع من الأحذية البلاستيكية البسيطة المعروفة بـ (الزنوبة) أو (الشبشب).,general,"[""زنوبة""]",[],كلمة شائعة جداً لوصف الأحذية المنزلية الخفيفة.,قاموس اللهجة الحضرمية - فهد بن هلابي - ص 107,"[{""f"": ""أضعت نعلي البلاستيكي في المسجد."", ""h"": ""ضيعت قرشطي في المسجد.""}, {""f"": ""اشترِ لي نعلاً بلاستيكياً جديداً."", ""h"": ""اشتر لي قرشط جديد.""}]",[],"[""clothing"", ""daily life"", ""plastic""]","الكلمة: اَلْقَرْشَط (القرشط)
الجذر: قرشط
الفصحى: نعل بلاستيكي
المعنى: نوع من الأحذية البلاستيكية البسيطة المعروفة بـ (الزنوبة) أو (الشبشب).
المرادفات: زنوبة
مثال: ضيعت قرشطي في المسجد.
الوسوم: clothing، daily life، plastic
ملاحظة: كلمة شائعة جداً لوصف الأحذية المنزلية الخفيفة."
718,اَلْقَدُوم,القدوم,alqdwm,قدم,Noun,object,المعول / آلة نجارة,أداة حادة من الحديد تستخدم للحفر أو لتشذيب الخشب، تمتاز برأس حاد ومدلق بشكل أفقي.,general,[],[],تختلف عن الفأس بأن نصلها يكون عرضياً بالنسبة للمقبض.,قاموس اللهجة الحضرمية - فهد بن هلابي - ص 107,"[{""f"": ""أحضر المعول لأقوم بتكسير هذه الخشبة."", ""h"": ""هات القدوم باكسر ذي الخشبة.""}, {""f"": ""معول النجار حاد جداً."", ""h"": ""القدوم حق النجار حاد.""}]",[],"[""tools"", ""handicrafts"", ""wood""]","الكلمة: اَلْقَدُوم (القدوم)
الجذر: قدم
الفصحى: المعول / آلة نجارة
المعنى: أداة حادة من الحديد تستخدم للحفر أو لتشذيب الخشب، تمتاز برأس حاد ومدلق بشكل أفقي.
مثال: هات القدوم باكسر ذي الخشبة.
الوسوم: tools، handicrafts، wood
ملاحظة: تختلف عن الفأس بأن نصلها يكون عرضياً بالنسبة للمقبض."
719,قَرْبَعَة,قربعة,qrb3h,قربع,Noun,object,ضوضاء / ضجيج,إحداث صوت صاخب أو جلبة نتيجة تحريك الأشياء أو اصطدامها ببعضها.,general,"[""لجة"", ""غوشة""]",[],تستخدم عادة لوصف الأصوات المزعجة الصادرة من المطبخ أو عند نقل الأثاث.,قاموس اللهجة الحضرمية - فهد بن هلابي - ص 107,"[{""f"": ""توقف عن إحداث ضجيج بالأطباق."", ""h"": ""بطل قربعة بالصحون.""}, {""f"": ""سمعت صوت ضوضاء في الفناء."", ""h"": ""سمعت قربعة في الحوش.""}]",[],"[""daily life"", ""sounds"", ""noise""]","الكلمة: قَرْبَعَة (قربعة)
الجذر: قربع
الفصحى: ضوضاء / ضجيج
المعنى: إحداث صوت صاخب أو جلبة نتيجة تحريك الأشياء أو اصطدامها ببعضها.
المرادفات: لجة، غوشة
مثال: بطل قربعة بالصحون.
الوسوم: daily life، sounds، noise
ملاحظة: تستخدم عادة لوصف الأصوات المزعجة الصادرة من المطبخ أو عند نقل الأثاث."
720,اَلْقَرْمَة,القرمة,alqrmh,قرم,Noun,object,القميص الداخلي,الفانيلا الداخلية التي يرتديها الرجال تحت الثياب.,general,"[""كاني""]",[],تعتبر من قطع الملابس الأساسية في اللباس الحضرمي التقليدي تحت (الشميز).,قاموس اللهجة الحضرمية - فهد بن هلابي - ص 107,"[{""f"": ""هل غسلت القميص الداخلي أم ليس بعد؟"", ""h"": ""القرمة غسلتها ولا عادها؟""}, {""f"": ""اشتريت قميصاً داخلياً قطنياً."", ""h"": ""اشتريت قرمة قطن.""}]",[],"[""clothing"", ""daily life"", ""cotton""]","الكلمة: اَلْقَرْمَة (القرمة)
الجذر: قرم
الفصحى: القميص الداخلي
المعنى: الفانيلا الداخلية التي يرتديها الرجال تحت الثياب.
المرادفات: كاني
مثال: القرمة غسلتها ولا عادها؟
الوسوم: clothing، daily life، cotton
ملاحظة: تعتبر من قطع الملابس الأساسية في اللباس الحضرمي التقليدي تحت (الشميز)."
721,اَلْقِوَام,القوام,alqwam,قوم,Noun,object,قائمة الباب,الخشبة الرأسية الجانبية في إطار الباب (إما يميناً أو يساراً)، والجمع قوامين.,general,[],[],في العمارة الطينية الحضرمية، يتم تزيين القوامين بنقوش خشبية دقيقة.,قاموس اللهجة الحضرمية - فهد بن هلابي - ص 107,"[{""f"": ""انكسرت قائمة الباب الرأسية."", ""h"": ""الباب انكسر قوامه.""}, {""f"": ""صبغت قائمتي الباب الخاصتين بالغرفة."", ""h"": ""دهنت القوامين حق الغرفة.""}]",[],"[""architecture"", ""construction"", ""wood""]","الكلمة: اَلْقِوَام (القوام)
الجذر: قوم
الفصحى: قائمة الباب
المعنى: الخشبة الرأسية الجانبية في إطار الباب (إما يميناً أو يساراً)، والجمع قوامين.
مثال: الباب انكسر قوامه.
الوسوم: architecture، construction، wood
ملاحظة: في العمارة الطينية الحضرمية، يتم تزيين القوامين بنقوش خشبية دقيقة."
722,اَلذَّبْذَب,الذبذب,aldhbdhb,ذبذب,Noun,object,زهور النخيل,زهور التمر في مراحلها الأولى قبل أن تتحول إلى (غاسي)، تمتاز بمذاق حلو وهشاشة في البداية قبل أن تتغير للمرارة.,general,[],[],تؤكل هذه الزهور في موسم التلقيح كنوع من الفاكهة الخفيفة.,قاموس اللهجة الحضرمية - فهد بن هلابي - ص 107,"[{""f"": ""زهور التمر طعمها حلو هذا العام."", ""h"": ""الذبذب طعمه حالي السنة.""}, {""f"": ""أطفالك يحبون أكل زهور النخيل."", ""h"": ""عيالك يحبون الذبذب.""}]",[],"[""nature"", ""palm trees"", ""food""]","الكلمة: اَلذَّبْذَب (الذبذب)
الجذر: ذبذب
الفصحى: زهور النخيل
المعنى: زهور التمر في مراحلها الأولى قبل أن تتحول إلى (غاسي)، تمتاز بمذاق حلو وهشاشة في البداية قبل أن تتغير للمرارة.
مثال: الذبذب طعمه حالي السنة.
الوسوم: nature، palm trees، food
ملاحظة: تؤكل هذه الزهور في موسم التلقيح كنوع من الفاكهة الخفيفة."
723,اَلْقُدْمَة,القدمة,alqdmh,قدم,Noun,time,مقدمة السيل / الروث,تطلق على أول السيل القادم المحمل بالأوساخ والأغصان وروث الماشية (البعر).,general,[],[],يقول الحضارم (القدمة بعر) دلالة على أن بداية السيل تكون محملة بالفضلات.,قاموس اللهجة الحضرمية - فهد بن هلابي - ص 108,"[{""f"": ""جاء السيل وكانت مقدمته محملة بالكثير من العوالق."", ""h"": ""جاء السيل وقدمته كبيرة.""}, {""f"": ""احذر من مقدمة السيل لكي لا تغرقك."", ""h"": ""انتبه من القدمة لا تغرقك.""}]",[],"[""nature"", ""weather"", ""river""]","الكلمة: اَلْقُدْمَة (القدمة)
الجذر: قدم
الفصحى: مقدمة السيل / الروث
المعنى: تطلق على أول السيل القادم المحمل بالأوساخ والأغصان وروث الماشية (البعر).
مثال: جاء السيل وقدمته كبيرة.
الوسوم: nature، weather، river
ملاحظة: يقول الحضارم (القدمة بعر) دلالة على أن بداية السيل تكون محملة بالفضلات."
724,اَلْقَعَادَة,القعادة,alq3adh,قعد,Noun,object,السرير الخشبي,سرير تقليدي مصنوع من الخشب المنسوج بالحبال أو الجلد، ويستخدم للنوم أو الجلوس.,general,"[""منزلة""]",[],تشتهر القعادة الحضرمية بكونها مريحة وتسمح بمرور الهواء في الصيف. بشد العين,قاموس اللهجة الحضرمية - فهد بن هلابي - ص 108,"[{""f"": ""نم على السرير الخشبي في الفناء."", ""h"": ""نم عل القعادة في الحوش.""}, {""f"": ""انكسر السرير الخشبي."", ""h"": ""القعادة انكسرت .""}]",[],"[""furniture"", ""daily life"", ""wood""]","الكلمة: اَلْقَعَادَة (القعادة)
الجذر: قعد
الفصحى: السرير الخشبي
المعنى: سرير تقليدي مصنوع من الخشب المنسوج بالحبال أو الجلد، ويستخدم للنوم أو الجلوس.
المرادفات: منزلة
مثال: نم عل القعادة في الحوش.
الوسوم: furniture، daily life، wood
ملاحظة: تشتهر القعادة الحضرمية بكونها مريحة وتسمح بمرور الهواء في الصيف. بشد العين"
725,اَلْقَلْب,القلب,alqlb,قلب,Noun,object,مصباح صغير,مصباح (لمبة) كهربائي صغير جداً، يستخدم عادة في الكشافات اليدوية القديمة.,general,[],[],يسمى قلباً لأنه يقع في مركز الكشاف. بضم القاف,قاموس اللهجة الحضرمية - فهد بن هلابي - ص 108,"[{""f"": ""تعطل المصباح الصغير الخاص بالكشاف."", ""h"": ""احترق قلب الكشاف.""}, {""f"": ""هل لديك مصباح صغير للفانوس؟"", ""h"": ""معك قلب حق تريك؟""}]",[],"[""tools"", ""daily life"", ""light""]","الكلمة: اَلْقَلْب (القلب)
الجذر: قلب
الفصحى: مصباح صغير
المعنى: مصباح (لمبة) كهربائي صغير جداً، يستخدم عادة في الكشافات اليدوية القديمة.
مثال: احترق قلب الكشاف.
الوسوم: tools، daily life، light
ملاحظة: يسمى قلباً لأنه يقع في مركز الكشاف. بضم القاف"
726,قَطْب,قطب,qTb,قطب,Noun,object,ثغرة في السد,انهيار أو فتحة في الأسوام (السدود الترابية) لا يمكن ردمها أثناء جريان الماء.,general,"[""مكسر""]",[],يسبب القطب ضياع ماء الري وخروجه عن مسار الساقية المخطط له.,قاموس اللهجة الحضرمية - فهد بن هلابي - ص 108,"[{""f"": ""حدثت ثغرة في السد الترابي الخاص بنا."", ""h"": ""وقع قطب في السوم حقنا.""}, {""f"": ""تسرب الماء كله من خلال الفتحة في السد."", ""h"": ""الماء كله خرج من القطب.""}]",[],"[""agriculture"", ""water management"", ""leak""]","الكلمة: قَطْب (قطب)
الجذر: قطب
الفصحى: ثغرة في السد
المعنى: انهيار أو فتحة في الأسوام (السدود الترابية) لا يمكن ردمها أثناء جريان الماء.
المرادفات: مكسر
مثال: وقع قطب في السوم حقنا.
الوسوم: agriculture، water management، leak
ملاحظة: يسبب القطب ضياع ماء الري وخروجه عن مسار الساقية المخطط له."
727,اَلْقَعَّار,القعار,alq3ar,قعر,Noun,object,النمل الأسود الكبير,نوع من النمل الأسود ذو حجم كبير نسبياً، يمتاز بلسعة قوية ومؤلمة.,general,"[""قعرور"", ""القعر""]",[],يكثر القعار في المناطق الزراعية والبيوت القديمة.,قاموس اللهجة الحضرمية - فهد بن هلابي - ص 108,"[{""f"": ""لدغني النمل الأسود الكبير في رجلي."", ""h"": ""قرصني القعار في رجلي.""}, {""f"": ""مستعمرة النمل الأسود تحت شجرة السدر."", ""h"": ""بيت القعار تحت السدرة.""}]",[],"[""nature"", ""insects"", ""ant""]","الكلمة: اَلْقَعَّار (القعار)
الجذر: قعر
الفصحى: النمل الأسود الكبير
المعنى: نوع من النمل الأسود ذو حجم كبير نسبياً، يمتاز بلسعة قوية ومؤلمة.
المرادفات: قعرور، القعر
مثال: قرصني القعار في رجلي.
الوسوم: nature، insects، ant
ملاحظة: يكثر القعار في المناطق الزراعية والبيوت القديمة."
728,اَلْقَاذُوف,القاذوف,alqadhwf,قذف,Noun,object,قمع التمرة,الجزء الصغير الذي يغطي رأس التمرة ويربطها بالشمراخ.,general,"[""قمع""]",[],يتم إزالة القاذوف عادة قبل أكل التمر أو كبسه.,قاموس اللهجة الحضرمية - فهد بن هلابي - ص 108,"[{""f"": ""أزل الأقماع من التمر."", ""h"": ""قرش القاذوف من التمر.""}, {""f"": ""التمر ممتلئ بالأقماع."", ""h"": ""التمر مليان قواذيف.""}]",[],"[""agriculture"", ""palm trees""]","الكلمة: اَلْقَاذُوف (القاذوف)
الجذر: قذف
الفصحى: قمع التمرة
المعنى: الجزء الصغير الذي يغطي رأس التمرة ويربطها بالشمراخ.
المرادفات: قمع
مثال: قرش القاذوف من التمر.
الوسوم: agriculture، palm trees
ملاحظة: يتم إزالة القاذوف عادة قبل أكل التمر أو كبسه."
729,قَارَة,قارة,qarh,قور,Noun,place,التل / الجبل الصغير,الجبل الصغير أو الأكمة المرتفعة عما حولها من الأرض.,general,"[""أكمة""]",[],تستخدم الكلمة كثيراً في أسماء القرى والمدن مثل (قارة بن هويد).,قاموس اللهجة الحضرمية - فهد بن هلابي - ص 108,"[{""f"": ""صعدنا فوق التل وقت الغروب."", ""h"": ""طلعنا فوق القارة وقت المغرب.""}, {""f"": ""منزله على طرف التل المرتفع."", ""h"": ""بيته على خشم القارة.""}]",[],"[""nature"", ""geography"", ""hill""]","الكلمة: قَارَة (قارة)
الجذر: قور
الفصحى: التل / الجبل الصغير
المعنى: الجبل الصغير أو الأكمة المرتفعة عما حولها من الأرض.
المرادفات: أكمة
مثال: طلعنا فوق القارة وقت المغرب.
الوسوم: nature، geography، hill
ملاحظة: تستخدم الكلمة كثيراً في أسماء القرى والمدن مثل (قارة بن هويد)."
730,اَلْقَرْقَرَة,القرقرة,alqrqrh,قرقر,Noun,object,قرقرة البطن,الصوت الصادر من البطن نتيجة الجوع أو حركة الغازات.,general,[],[],يرتبط في الأمثال الشعبية بكشف المستور أو الجوع الشديد.,قاموس اللهجة الحضرمية - فهد بن هلابي - ص 108,"[{""f"": ""بطني تصدر أصواتاً من شدة الجوع."", ""h"": ""بطني تقرقر من الجوع.""}, {""f"": ""أسمع صوتاً في بطنك، يبدو أنك مريض."", ""h"": ""اسمع قرقرة في بطنك، شكلك مريض.""}]","[""بطن السارق تقرقِر""]","[""daily life"", ""health""]","الكلمة: اَلْقَرْقَرَة (القرقرة)
الجذر: قرقر
الفصحى: قرقرة البطن
المعنى: الصوت الصادر من البطن نتيجة الجوع أو حركة الغازات.
مثال: بطني تقرقر من الجوع.
الوسوم: daily life، health
ملاحظة: يرتبط في الأمثال الشعبية بكشف المستور أو الجوع الشديد."
731,كَنَّك,كنك,knk,كنك,Expression,expression,ما بك؟ / ماذا دهاك؟,سؤال استنكاري أو استفساري عن حال الشخص أو سبب تصرفه.,general,"[""إيش فيك""]",[],كلمة مختصرة وشائعة جداً في لغة الشارع.,قاموس اللهجة الحضرمية - فهد بن هلابي - ص 110,"[{""f"": ""ما بك صامت لا تتحدث؟"", ""h"": ""كنك ساكت ما تتكلم؟""}, {""f"": ""ماذا بك يا سعيد غاضب؟"", ""h"": ""كنك يا سعيد معصب؟""}]",[],"[""daily life"", ""language"", ""question""]","الكلمة: كَنَّك (كنك)
الجذر: كنك
الفصحى: ما بك؟ / ماذا دهاك؟
المعنى: سؤال استنكاري أو استفساري عن حال الشخص أو سبب تصرفه.
المرادفات: إيش فيك
مثال: كنك ساكت ما تتكلم؟
الوسوم: daily life، language، question
ملاحظة: كلمة مختصرة وشائعة جداً في لغة الشارع."
732,كَمَاك / كَمَاش,كماك,kmak  kmash,كما,Expression,expression,مثلك / مثلكِ,أداة تشبيه تستخدم للمخاطب؛ (كماك) للرجل و (كماش) للمرأة.,general,"[""مثلك""]",[],كثير الاستخدام في المحادثات اليومية الحضرمية.,قاموس اللهجة الحضرمية - فهد بن هلابي - ص 109,"[{""f"": ""لا يوجد أحد مثلك في الكرم."", ""h"": ""ما حد كماك في الكرم.""}, {""f"": ""هي طويلة مثلكِ تماماً."", ""h"": ""هي كماش طويلة.""}]","[""ما حد كما حد""]","[""daily life"", ""language"", ""comparison""]","الكلمة: كَمَاك / كَمَاش (كماك)
الجذر: كما
الفصحى: مثلك / مثلكِ
المعنى: أداة تشبيه تستخدم للمخاطب؛ (كماك) للرجل و (كماش) للمرأة.
المرادفات: مثلك
مثال: ما حد كماك في الكرم.
الوسوم: daily life، language، comparison
ملاحظة: كثير الاستخدام في المحادثات اليومية الحضرمية."
733,اَلْكِيس,الكيس,alkys,كيس,Noun,object,الجيب,جيب القميص أو الثوب، وبشكل خاص جيب (الشميز).,general,"[""جيب""]",[],ينطق بكسر الكاف وتسكين الياء.,قاموس اللهجة الحضرمية - فهد بن هلابي - ص 109,"[{""f"": ""ضع النقود في جيبك."", ""h"": ""حط العدي في كيسك.""}, {""f"": ""جيب القميص تمزق."", ""h"": ""الكيس حق الشميز انشعق.""}]",[],"[""clothing"", ""daily life"", ""pocket""]","الكلمة: اَلْكِيس (الكيس)
الجذر: كيس
الفصحى: الجيب
المعنى: جيب القميص أو الثوب، وبشكل خاص جيب (الشميز).
المرادفات: جيب
مثال: حط العدي في كيسك.
الوسوم: clothing، daily life، pocket
ملاحظة: ينطق بكسر الكاف وتسكين الياء."
734,اَلْكَدْم,الكدم,alkdm,كدم,Noun,object,اللكم / الضرب,توجيه ضربة بقبضة اليد.,general,"[""لكم""]",[],تستخدم عادة في سياق العراك.,قاموس اللهجة الحضرمية - فهد بن هلابي - ص 109,"[{""f"": ""لكمه في وجهه."", ""h"": ""كدمه في وجهه.""}, {""f"": ""توقف عن الضرب والصراخ."", ""h"": ""بطل كدم وصياح.""}]",[],"[""daily life"", ""actions"", ""punch""]","الكلمة: اَلْكَدْم (الكدم)
الجذر: كدم
الفصحى: اللكم / الضرب
المعنى: توجيه ضربة بقبضة اليد.
المرادفات: لكم
مثال: كدمه في وجهه.
الوسوم: daily life، actions، punch
ملاحظة: تستخدم عادة في سياق العراك."
735,اَلْكَانِي,الكاني,alkany,كني,Noun,object,القميص الداخلي,مرادف آخر لـ (القرمة)، وهي الفانيلا الداخلية، ومنها أنواع كـ (كاني صوف) أو (كاني مكرعة) أي بدون أكمام.,general,"[""القرمة""]",[],تستخدم الكلمة في بعض مناطق وادي حضرموت أكثر من غيرها.,قاموس اللهجة الحضرمية - فهد بن هلابي - ص 109,"[{""f"": ""ارتدِ القميص الداخلي فالجو بارد."", ""h"": ""البس الكاني الدنيا برد.""}, {""f"": ""القميص الداخلي بدون أكمام أفضل في الصيف."", ""h"": ""كاني مكرعة أحسن في الصيف.""}]",[],"[""clothing"", ""daily life"", ""shirt""]","الكلمة: اَلْكَانِي (الكاني)
الجذر: كني
الفصحى: القميص الداخلي
المعنى: مرادف آخر لـ (القرمة)، وهي الفانيلا الداخلية، ومنها أنواع كـ (كاني صوف) أو (كاني مكرعة) أي بدون أكمام.
المرادفات: القرمة
مثال: البس الكاني الدنيا برد.
الوسوم: clothing، daily life، shirt
ملاحظة: تستخدم الكلمة في بعض مناطق وادي حضرموت أكثر من غيرها."
736,اَلْكَاوس,الكاوس,alkaws,كوس,Noun,object,الجورب,الشراب أو الجوارب التي تلبس في القدم.,general,"[""شراب""]",[],كلمة قديمة نسبياً ولا تزال تستخدم عند كبار السن.,قاموس اللهجة الحضرمية - فهد بن هلابي - ص 109,"[{""f"": ""أين جواربي؟"", ""h"": ""أين الكاوس حقي؟""}, {""f"": ""ارتدِ الجوارب مع الحذاء."", ""h"": ""البس الكاوس مع الصباط.""}]",[],"[""clothing"", ""daily life"", ""socks""]","الكلمة: اَلْكَاوس (الكاوس)
الجذر: كوس
الفصحى: الجورب
المعنى: الشراب أو الجوارب التي تلبس في القدم.
المرادفات: شراب
مثال: أين الكاوس حقي؟
الوسوم: clothing، daily life، socks
ملاحظة: كلمة قديمة نسبياً ولا تزال تستخدم عند كبار السن."
737,اَلْكَبْش,الكبش,alkbsh,كبش,Noun,object,قطعة خشبية مزخرفة,قطعة سميكة من الخشب توضع عرضياً فوق الأعمدة أو الأسهم في البناء، وغالباً ما تكون مزخرفة بنقوش حضرمية.,general,[],[],يعتبر الكبش عنصراً جمالياً وإنشائياً في السقوف الخشبية القديمة.,قاموس اللهجة الحضرمية - فهد بن هلابي - ص 109,"[{""f"": ""القطعة الخشبية في السقف نقوشها جميلة."", ""h"": ""الكبش حق السقف نقشه زين.""}, {""f"": ""وضعوا القطعة الخشبية فوق العمود."", ""h"": ""ركبوا الكبش فوق العمود.""}]",[],"[""architecture"", ""construction"", ""art"", ""wood""]","الكلمة: اَلْكَبْش (الكبش)
الجذر: كبش
الفصحى: قطعة خشبية مزخرفة
المعنى: قطعة سميكة من الخشب توضع عرضياً فوق الأعمدة أو الأسهم في البناء، وغالباً ما تكون مزخرفة بنقوش حضرمية.
مثال: الكبش حق السقف نقشه زين.
الوسوم: architecture، construction، art، wood
ملاحظة: يعتبر الكبش عنصراً جمالياً وإنشائياً في السقوف الخشبية القديمة."
738,اَلْكِير,الكير,alkyr,كير,Noun,object,فرن الجير,الأفران المخصصة لحرق الأحجار الجيرية لإنتاج (النورة) المستخدمة في طلاء البيوت.,general,[],[],مهنة حرق الكير كانت من المهن الشاقة والمهمة في العمارة الحضرمية.,قاموس اللهجة الحضرمية - فهد بن هلابي - ص 109,"[{""f"": ""الدخان يتصاعد من فرن الجير."", ""h"": ""الدخان طالع من الكير.""}, {""f"": ""عمل في فرن الجير لمدة عشر سنوات."", ""h"": ""اشتغل في الكير عشر سنين.""}]",[],"[""industry"", ""construction"", ""furnace""]","الكلمة: اَلْكِير (الكير)
الجذر: كير
الفصحى: فرن الجير
المعنى: الأفران المخصصة لحرق الأحجار الجيرية لإنتاج (النورة) المستخدمة في طلاء البيوت.
مثال: الدخان طالع من الكير.
الوسوم: industry، construction، furnace
ملاحظة: مهنة حرق الكير كانت من المهن الشاقة والمهمة في العمارة الحضرمية."
739,اَلْكَمْبَار,الكمبار,alkmbar,كمبر,Noun,object,المرحاض القديم,المكان المخصص لقضاء الحاجة في البيوت التقليدية، ويقابله في تسميات أخرى (الدرنش).,general,"[""درنش"", ""حميمة""]",[],كان الكمبار في العمارة الطينية يصمم بنظام عزل الفضلات الصلبة عن السائلة.,قاموس اللهجة الحضرمية - فهد بن هلابي - ص 109,"[{""f"": ""قاموا بتنظيف المرحاض اليوم."", ""h"": ""نظفوا الكمبار اليوم.""}, {""f"": ""المرحاض يقع في طرف الفناء."", ""h"": ""الكمبار في طرف الحوش.""}]",[],"[""architecture"", ""daily life"", ""bathroom""]","الكلمة: اَلْكَمْبَار (الكمبار)
الجذر: كمبر
الفصحى: المرحاض القديم
المعنى: المكان المخصص لقضاء الحاجة في البيوت التقليدية، ويقابله في تسميات أخرى (الدرنش).
المرادفات: درنش، حميمة
مثال: نظفوا الكمبار اليوم.
الوسوم: architecture، daily life، bathroom
ملاحظة: كان الكمبار في العمارة الطينية يصمم بنظام عزل الفضلات الصلبة عن السائلة."
740,اَلْكَنْشَلِي,الكنشلي,alknshly,كنشل,Noun,object,حمالة الصدر,لباس داخلي نسائي (السنتيانة).,general,"[""سنتيانة""]",[],كلمة تستخدم في سياق الملابس النسائية الداخلية.,قاموس اللهجة الحضرمية - فهد بن هلابي - ص 109,"[{""f"": ""اشتريت حمالة صدر جديدة."", ""h"": ""اشتريت كنشلي جديد.""}]",[],"[""clothing"", ""women""]","الكلمة: اَلْكَنْشَلِي (الكنشلي)
الجذر: كنشل
الفصحى: حمالة الصدر
المعنى: لباس داخلي نسائي (السنتيانة).
المرادفات: سنتيانة
مثال: اشتريت كنشلي جديد.
الوسوم: clothing، women
ملاحظة: كلمة تستخدم في سياق الملابس النسائية الداخلية."
741,كُمّ,كم,km,كمم,Noun,object,رُدن القميص," وهو نهايغ القميص , جزء القميص الذي يغطي الذراع.",general,"[""ردن""]",[],ينطق بضم الكاف.,قاموس اللهجة الحضرمية - فهد بن هلابي - ص 109,"[{""f"": ""ارفع أكمامك لنبدأ العمل."", ""h"": ""شمر كمومك با نشتغل.""}, {""f"": ""كم الثوب طويل جداً."", ""h"": ""الكم حق الثوب طويل.""}]","[""جوابك في كمك ما هو عند أمك""]","[""clothing"", ""daily life"", ""shirt""]","الكلمة: كُمّ (كم)
الجذر: كمم
الفصحى: رُدن القميص
المعنى: وهو نهايغ القميص , جزء القميص الذي يغطي الذراع.
المرادفات: ردن
مثال: شمر كمومك با نشتغل.
الوسوم: clothing، daily life، shirt
ملاحظة: ينطق بضم الكاف."
742,كُرَاع,كراع,kra3,كرع,Noun,object,الذراع / اليد,تطلق في حضرموت على اليد كاملة أو الساعد، وفي اللغة الفصحى تطلق على الساق.,general,"[""يد""]",[],من الكلمات التي اختلف معناها بين العامية والفصحى.,قاموس اللهجة الحضرمية - فهد بن هلابي - ص 110,"[{""f"": ""آلمني ساعدي من كثرة العمل."", ""h"": ""وجعني كراعي من الشغل.""}, {""f"": ""أمسك الولد من يده."", ""h"": ""امسك الولد من كراعه.""}]",[],"[""body parts"", ""daily life"", ""arm""]","الكلمة: كُرَاع (كراع)
الجذر: كرع
الفصحى: الذراع / اليد
المعنى: تطلق في حضرموت على اليد كاملة أو الساعد، وفي اللغة الفصحى تطلق على الساق.
المرادفات: يد
مثال: وجعني كراعي من الشغل.
الوسوم: body parts، daily life، arm
ملاحظة: من الكلمات التي اختلف معناها بين العامية والفصحى."
743,كَزّ,كز,kz,كزز,Verb,action,أشعل / أوقد,إشعال النار أو زيادة لهبها.,general,"[""شب"", ""وقد""]",[],تستخدم كثيراً عند الحديث عن التنور أو الحطب.,قاموس اللهجة الحضرمية - فهد بن هلابي - ص 110,"[{""f"": ""أشعل النار في الفرن التقليدي."", ""h"": ""كز النار في الموفى.""}, {""f"": ""أوقد النار لنصنع الشاي."", ""h"": ""كز الضوء با نسوي شاهي.""}]",[],"[""daily life"", ""actions"", ""fire""]","الكلمة: كَزّ (كز)
الجذر: كزز
الفصحى: أشعل / أوقد
المعنى: إشعال النار أو زيادة لهبها.
المرادفات: شب، وقد
مثال: كز النار في الموفى.
الوسوم: daily life، actions، fire
ملاحظة: تستخدم كثيراً عند الحديث عن التنور أو الحطب."
744,اَلْكَمَر,الكمر,alkmr,كمر,Noun,object,حزام النقود,حزام عريض يلبس حول الخصر، يحتوي على جيوب مخفية لحفظ المال.,general,"[""حزام""]",[],كان يلبسه المسافرون قديماً لحماية أموالهم من السرقة.,قاموس اللهجة الحضرمية - فهد بن هلابي - ص 110,"[{""f"": ""وضع الرجل العجوز ذهبه في حزام النقود."", ""h"": ""الشايب حط ذهبه في الكمر.""}, {""f"": ""اربط الحزام حول خصرك جيداً."", ""h"": ""شد الكمر على وسطك.""}]",[],"[""clothing"", ""daily life"", ""money"", ""belt""]","الكلمة: اَلْكَمَر (الكمر)
الجذر: كمر
الفصحى: حزام النقود
المعنى: حزام عريض يلبس حول الخصر، يحتوي على جيوب مخفية لحفظ المال.
المرادفات: حزام
مثال: الشايب حط ذهبه في الكمر.
الوسوم: clothing، daily life، money، belt
ملاحظة: كان يلبسه المسافرون قديماً لحماية أموالهم من السرقة."
745,اَلْكَبَت,الكبت,alkbt,كبت,Noun,object,الدولاب / الخزانة,خزانة خشبية أو حديدية تستخدم لحفظ الملابس والأدوات المنزلية.,general,"[""دولاب"", ""خزانة""]",[],كلمة مستخدمة بكثرة في الحياة اليومية.,قاموس اللهجة الحضرمية - فهد بن هلابي - ص 110,"[{""f"": ""ضع الملابس في الخزانة يا ولد."", ""h"": ""حط الملابس في الكبت يا ولد.""}, {""f"": ""خزانتنا مليئة بالأغراض."", ""h"": ""الكبت حقنا مليان غراض.""}]",[],"[""daily life"", ""furniture"", ""cabinet""]","الكلمة: اَلْكَبَت (الكبت)
الجذر: كبت
الفصحى: الدولاب / الخزانة
المعنى: خزانة خشبية أو حديدية تستخدم لحفظ الملابس والأدوات المنزلية.
المرادفات: دولاب، خزانة
مثال: حط الملابس في الكبت يا ولد.
الوسوم: daily life، furniture، cabinet
ملاحظة: كلمة مستخدمة بكثرة في الحياة اليومية."
746,كُزْمَة,كزمه,kzmh,كزم,Noun,object,أجزاء صغيرة من الخبز,قطع صغيرة مفتتة من قرص الخبز الجاف، وغالباً ما تؤكل مع الحليب أو المرق.,general,"[""فتات"", ""قطع""]",[],تطلق على الخبز الحاف الناشف.,قاموس اللهجة الحضرمية - فهد بن هلابي - ص 110,"[{""f"": ""فتت لي الخبز في الحليب."", ""h"": ""سوي لي كزمه في الحليب.""}]",[],"[""food"", ""daily life""]","الكلمة: كُزْمَة (كزمه)
الجذر: كزم
الفصحى: أجزاء صغيرة من الخبز
المعنى: قطع صغيرة مفتتة من قرص الخبز الجاف، وغالباً ما تؤكل مع الحليب أو المرق.
المرادفات: فتات، قطع
مثال: سوي لي كزمه في الحليب.
الوسوم: food، daily life
ملاحظة: تطلق على الخبز الحاف الناشف."
747,اَلْكِرْزَام,الكرزام,alkrzam,كرزم,Noun,object,جمّار النخلة,قلب النخلة الأبيض الإسفنجي الحلو، وهو جذر العرجون (المرعاد) ويكون ليناً ويؤكل.,general,"[""مرعاد"", ""جمار""]",[],يقال: أزال الكرب حتى بلغ الكرزام.,قاموس اللهجة الحضرمية - فهد بن هلابي - ص 110,"[{""f"": ""قلب النخلة طعمه حلو وطري."", ""h"": ""الكرزام طعمه حالي ولين.""}]",[],"[""agriculture"", ""nature""]","الكلمة: اَلْكِرْزَام (الكرزام)
الجذر: كرزم
الفصحى: جمّار النخلة
المعنى: قلب النخلة الأبيض الإسفنجي الحلو، وهو جذر العرجون (المرعاد) ويكون ليناً ويؤكل.
المرادفات: مرعاد، جمار
مثال: الكرزام طعمه حالي ولين.
الوسوم: agriculture، nature
ملاحظة: يقال: أزال الكرب حتى بلغ الكرزام."
748,كَرْكَرَة,كركره,krkrh,كركر,Verb,emotion,الضحك والابتهاج,الضحك بصوت مسموع والابتهاج، ويقال يكركر أي يضحك بكثرة.,general,"[""ضحك"", ""قهقهة""]",[],,قاموس اللهجة الحضرمية - فهد بن هلابي - ص 111,"[{""f"": ""ما هذا الضحك الذي في الصالة؟"", ""h"": ""إيش ذي الكركره اللي في الصالة؟""}]",[],"[""emotions"", ""actions"", ""laugh""]","الكلمة: كَرْكَرَة (كركره)
الجذر: كركر
الفصحى: الضحك والابتهاج
المعنى: الضحك بصوت مسموع والابتهاج، ويقال يكركر أي يضحك بكثرة.
المرادفات: ضحك، قهقهة
مثال: إيش ذي الكركره اللي في الصالة؟
الوسوم: emotions، actions، laugh"
749,اَلْكُورَة,الكوره,alkwrh,كور,Noun,object,نوع من الأرز,نوع من أنواع الأرز كان يشتهر به الحضارم قديماً.,general,"[""رز""]",[],كانت تستخدم في الولائم القديمة. بضم الكاف والواو,قاموس اللهجة الحضرمية - فهد بن هلابي - ص 111,"[{""f"": ""طبخوا نوعاً من الأرز في الوليمة."", ""h"": ""طبخوا كوره في العزيمة.""}]",[],"[""food"", ""rice""]","الكلمة: اَلْكُورَة (الكوره)
الجذر: كور
الفصحى: نوع من الأرز
المعنى: نوع من أنواع الأرز كان يشتهر به الحضارم قديماً.
المرادفات: رز
مثال: طبخوا كوره في العزيمة.
الوسوم: food، rice
ملاحظة: كانت تستخدم في الولائم القديمة. بضم الكاف والواو"
750,كَمِين,كمين,kmyn,كم,Expression,expression,كم وكم / الكثير,تعبير يستخدم للمبالغة والتدليل على الكثرة، بمعنى 'يا كثر'.,general,"[""يا كم"", ""كثير""]",[],تستخدم كثيراً في الشعر الشعبي. بشد الميم,قاموس اللهجة الحضرمية - فهد بن هلابي - ص 111,"[{""f"": ""يا لكثرة السيول التي مرت من الوادي."", ""h"": ""يا كمين سيل قد مر من الوادي.""}]",[],"[""expressions""]","الكلمة: كَمِين (كمين)
الجذر: كم
الفصحى: كم وكم / الكثير
المعنى: تعبير يستخدم للمبالغة والتدليل على الكثرة، بمعنى 'يا كثر'.
المرادفات: يا كم، كثير
مثال: يا كمين سيل قد مر من الوادي.
الوسوم: expressions
ملاحظة: تستخدم كثيراً في الشعر الشعبي. بشد الميم"
751,اَلْكَسْرَة,الكسرة,alksrh,كسر,Noun,object,حركة في الرقص الشعبي,حركة معينة في رقصة الشرح أو الدراج، حيث يجثو الراقص على ركبة واحدة ويضرب الأرض بيده ثم يقوم.,general,"[""دراج""]",[],تعتبر من مهارات الراقص في الفنون الشعبية.,قاموس اللهجة الحضرمية - فهد بن هلابي - ص 111,"[{""f"": ""الراقص أدى حركة (كسرة) رائعة."", ""h"": ""الراقص جاب كسرة فنانة.""}]",[],"[""social customs"", ""arts"", ""dance""]","الكلمة: اَلْكَسْرَة (الكسرة)
الجذر: كسر
الفصحى: حركة في الرقص الشعبي
المعنى: حركة معينة في رقصة الشرح أو الدراج، حيث يجثو الراقص على ركبة واحدة ويضرب الأرض بيده ثم يقوم.
المرادفات: دراج
مثال: الراقص جاب كسرة فنانة.
الوسوم: social customs، arts، dance
ملاحظة: تعتبر من مهارات الراقص في الفنون الشعبية."
752,اَلْكرَاث,الكراث,alkrath,كرث,Noun,object,الكرات,نبات الكرات الأخضر المعروف، ويؤكل عادة بجانب الوجبات الرئيسية.,general,"[""بقل""]",[],بكسر الكاف,قاموس اللهجة الحضرمية - فهد بن هلابي - ص 111,"[{""f"": ""اشتر لنا حزمة كرات من السوق."", ""h"": ""اشتر لنا ربطة كراث من السوق.""}]",[],"[""nature"", ""food""]","الكلمة: اَلْكرَاث (الكراث)
الجذر: كرث
الفصحى: الكرات
المعنى: نبات الكرات الأخضر المعروف، ويؤكل عادة بجانب الوجبات الرئيسية.
المرادفات: بقل
مثال: اشتر لنا ربطة كراث من السوق.
الوسوم: nature، food
ملاحظة: بكسر الكاف"
753,اَلْكُوت,الكوت,alkwt,كوت,Noun,object,برج حراسة صغير,بناء صغير بنوافذ ضيقة يقبع فيه العسكر للحراسة، يوجد عادة على رؤوس الجبال.,general,"[""مُركز"", ""نوبة""]",[],يسمى في بعض المناطق بالمركز.,قاموس اللهجة الحضرمية - فهد بن هلابي - ص 111,"[{""f"": ""الجنود في برج الحراسة فوق الجبل."", ""h"": ""العسكر في الكوت فوق الجبل.""}]",[],"[""buildings"", ""history"", ""guard""]","الكلمة: اَلْكُوت (الكوت)
الجذر: كوت
الفصحى: برج حراسة صغير
المعنى: بناء صغير بنوافذ ضيقة يقبع فيه العسكر للحراسة، يوجد عادة على رؤوس الجبال.
المرادفات: مُركز، نوبة
مثال: العسكر في الكوت فوق الجبل.
الوسوم: buildings، history، guard
ملاحظة: يسمى في بعض المناطق بالمركز."
754,كَامْبَه,كامبه,kambh,كامبه,Noun,object,عمود الكهرباء,العمود الخشبي أو الحديدي الذي يحمل أسلاك الكهرباء في الشوارع.,general,"[""عمود""]",[],كلمة دخيلة (الإنجليزية: Lamp post / Camp). بشد الباء,قاموس اللهجة الحضرمية - فهد بن هلابي - ص 111,"[{""f"": ""السيارة اصطدمت بعمود الكهرباء."", ""h"": ""السيارة صدمت في الكامبه.""}]",[],"[""daily life"", ""electricity""]","الكلمة: كَامْبَه (كامبه)
الجذر: كامبه
الفصحى: عمود الكهرباء
المعنى: العمود الخشبي أو الحديدي الذي يحمل أسلاك الكهرباء في الشوارع.
المرادفات: عمود
مثال: السيارة صدمت في الكامبه.
الوسوم: daily life، electricity
ملاحظة: كلمة دخيلة (الإنجليزية: Lamp post / Camp). بشد الباء"
755,اَلْكَعْشُوش,الكعشوش,alk3shwsh,كعش,Noun,object,الشعر المنفوش,الشعر الطويل الكثيف وغير المرتب أو المنفوش.,general,"[""شوشة""]",[],,قاموس اللهجة الحضرمية - فهد بن هلابي - ص 111,"[{""f"": ""سرح شعرك المنفوش قبل أن تخرج."", ""h"": ""مشط كعشوشك قبل ما تخرج.""}]",[],"[""daily life"", ""appearance"", ""hair""]","الكلمة: اَلْكَعْشُوش (الكعشوش)
الجذر: كعش
الفصحى: الشعر المنفوش
المعنى: الشعر الطويل الكثيف وغير المرتب أو المنفوش.
المرادفات: شوشة
مثال: مشط كعشوشك قبل ما تخرج.
الوسوم: daily life، appearance، hair"
756,اَلْكُوبَرَة,الكوبره,alkwbrh,كوبر,Noun,object,المزينة / الكوافيرة,المرأة التي تقوم بتجهيز العروس وتزيينها ليلة الزفاف.,general,"[""مزينة""]",[],يقال في المثل: إيش تلقي الكوبره بالوجه الشئوم.,قاموس اللهجة الحضرمية - فهد بن هلابي - ص 112,"[{""f"": ""المزينة جاءت مبكراً عند العروس."", ""h"": ""الكوبره جت من بدري عند العروسة.""}]","[""إيش تلقي الكوبره بالوجه الشئوم""]","[""social customs"", ""women""]","الكلمة: اَلْكُوبَرَة (الكوبره)
الجذر: كوبر
الفصحى: المزينة / الكوافيرة
المعنى: المرأة التي تقوم بتجهيز العروس وتزيينها ليلة الزفاف.
المرادفات: مزينة
مثال: الكوبره جت من بدري عند العروسة.
الوسوم: social customs، women
ملاحظة: يقال في المثل: إيش تلقي الكوبره بالوجه الشئوم."
757,كِرْسُوع,كرسوع,krsw3,كرسع,Noun,object,الساعد / الكوع,جزء من الذراع، وتحديداً الساعد أو المنطقة المحيطة بالكوع.,general,"[""ساعد""]",[],,قاموس اللهجة الحضرمية - فهد بن هلابي - ص 112,"[{""f"": ""جُرحت في ساعدي وأنا ألعب."", ""h"": ""تعورت في كرسوعي وأنا ألعب.""}]",[],"[""body"", ""arm""]","الكلمة: كِرْسُوع (كرسوع)
الجذر: كرسع
الفصحى: الساعد / الكوع
المعنى: جزء من الذراع، وتحديداً الساعد أو المنطقة المحيطة بالكوع.
المرادفات: ساعد
مثال: تعورت في كرسوعي وأنا ألعب.
الوسوم: body، arm"
758,اَلْكُوَه,الكواه,alkwh,كوه,Noun,object,المدخنة / الفتحة الجدارية,فتحة في الجدار لخروج الدخان، أو كوة يوضع فيها السراج (الفانوس).,general,"[""مدخنة"", ""فتحة""]",[],توجد عادة فوق التنور في المطبخ.,قاموس اللهجة الحضرمية - فهد بن هلابي - ص 112,"[{""f"": ""الدخان يخرج من فتحة المدخنة."", ""h"": ""الدخان يخرج من الكواه.""}]",[],"[""buildings""]","الكلمة: اَلْكُوَه (الكواه)
الجذر: كوه
الفصحى: المدخنة / الفتحة الجدارية
المعنى: فتحة في الجدار لخروج الدخان، أو كوة يوضع فيها السراج (الفانوس).
المرادفات: مدخنة، فتحة
مثال: الدخان يخرج من الكواه.
الوسوم: buildings
ملاحظة: توجد عادة فوق التنور في المطبخ."
759,اَلْكِفَّة,الكفة,alkfh,كفف,Noun,object,كفة الميزان,إحدى جهتي الميزان التي يوضع فيها الموزون أو الأثقال.,general,"[""كفة""]",[],بشد الفاء,قاموس اللهجة الحضرمية - فهد بن هلابي - ص 112,"[{""f"": ""وزن هذه الكفة أكثر من الأخرى."", ""h"": ""وزن الكفة ذي أكثر من ذي.""}]",[],"[""daily life"", ""tools"", ""scale""]","الكلمة: اَلْكِفَّة (الكفة)
الجذر: كفف
الفصحى: كفة الميزان
المعنى: إحدى جهتي الميزان التي يوضع فيها الموزون أو الأثقال.
المرادفات: كفة
مثال: وزن الكفة ذي أكثر من ذي.
الوسوم: daily life، tools، scale
ملاحظة: بشد الفاء"
760,اَلْكَف,الكف,alkf,كفف,Noun,object,المسطرين / أداة بناء,أداة حديدية يستخدمها البناء لتوزيع الأسمنت بين الأحجار.,general,"[""مسطرين""]",[],أداة أساسية في مهنة البناء التقليدية.,قاموس اللهجة الحضرمية - فهد بن هلابي - ص 112,"[{""f"": ""البنّاء يمسك أداة البناء بيده."", ""h"": ""المعلم يمسك الكف بيده.""}]",[],"[""tools"", ""occupations"", ""builder""]","الكلمة: اَلْكَف (الكف)
الجذر: كفف
الفصحى: المسطرين / أداة بناء
المعنى: أداة حديدية يستخدمها البناء لتوزيع الأسمنت بين الأحجار.
المرادفات: مسطرين
مثال: المعلم يمسك الكف بيده.
الوسوم: tools، occupations، builder
ملاحظة: أداة أساسية في مهنة البناء التقليدية."
761,اَلْكِرَى,الكرى,alkra,كري,Noun,object,الأجرة,المبلغ المدفوع مقابل خدمة أو استئجار شيء (سيارة، منزل، عامل).,general,"[""أجرة""]",[],الكرية هي العاملة بالأجرة.,قاموس اللهجة الحضرمية - فهد بن هلابي - ص 112,"[{""f"": ""كم أجرة السيارة إلى المكلا؟"", ""h"": ""كم كرى السيارة للمكلا؟""}]","[""أم العمل ما هي كما الكرية""]","[""finance"", ""daily life"", ""worker""]","الكلمة: اَلْكِرَى (الكرى)
الجذر: كري
الفصحى: الأجرة
المعنى: المبلغ المدفوع مقابل خدمة أو استئجار شيء (سيارة، منزل، عامل).
المرادفات: أجرة
مثال: كم كرى السيارة للمكلا؟
الوسوم: finance، daily life، worker
ملاحظة: الكرية هي العاملة بالأجرة."
762,اَلْكَلَان,الكلان,alklan,كلن,Noun,person,العريس,لفظ يطلق على الرجل في ليلة زفافه.,general,"[""عريس""]",[],,قاموس اللهجة الحضرمية - فهد بن هلابي - ص 112,"[{""f"": ""العريس وصل إلى المسجد."", ""h"": ""الكلان وصل المسجد.""}]",[],"[""social customs"", ""marriage""]","الكلمة: اَلْكَلَان (الكلان)
الجذر: كلن
الفصحى: العريس
المعنى: لفظ يطلق على الرجل في ليلة زفافه.
المرادفات: عريس
مثال: الكلان وصل المسجد.
الوسوم: social customs، marriage"
763,اَلْكارة,الكارة,alkarh,كور,Noun,object,إزار أبيض رخيص,نسيج أبيض بسيط ورخيص الثمن يتزر به الرجال، يغطي النصف الأسفل من الجسم.,general,"[""إزار""]",[],كان يلبس قديماً بكثرة لبساطته.,قاموس اللهجة الحضرمية - فهد بن هلابي - ص 112,"[{""f"": ""اشترى له إزاراً أبيض جديداً."", ""h"": ""اشترى له كارة جديدة.""}]",[],"[""clothing"", ""blanket""]","الكلمة: اَلْكارة (الكارة)
الجذر: كور
الفصحى: إزار أبيض رخيص
المعنى: نسيج أبيض بسيط ورخيص الثمن يتزر به الرجال، يغطي النصف الأسفل من الجسم.
المرادفات: إزار
مثال: اشترى له كارة جديدة.
الوسوم: clothing، blanket
ملاحظة: كان يلبس قديماً بكثرة لبساطته."
764,كمْبَل,كمبل,kmbl,كمبل,Noun,object,البطانية,غطاء صوفي سميك يستخدم للتدفئة أثناء النوم.,general,"[""بطانية"", ""سليمود""]",[],,قاموس اللهجة الحضرمية - فهد بن هلابي - ص 112,"[{""f"": ""تغط بالبطانية الجو بارد."", ""h"": ""تغط بالكمبل الدنيا برد.""}]",[],"[""daily life"", ""furniture""]","الكلمة: كمْبَل (كمبل)
الجذر: كمبل
الفصحى: البطانية
المعنى: غطاء صوفي سميك يستخدم للتدفئة أثناء النوم.
المرادفات: بطانية، سليمود
مثال: تغط بالكمبل الدنيا برد.
الوسوم: daily life، furniture"
765,كُلِّين,كلين,klyn,كلل,Noun,expression,كل واحد / الجميع,لفظ بمعنى كل شخص أو كل فرد على حدة.,general,"[""كل واحد""]",[],تستخدم في الشعر والأمثال كثيراً.,قاموس اللهجة الحضرمية - فهد بن هلابي - ص 113,"[{""f"": ""كل واحد يفتخر بما عنده."", ""h"": ""كلين يعرض بخيله.""}]",[],"[""daily life"", ""expressions"", ""everyone""]","الكلمة: كُلِّين (كلين)
الجذر: كلل
الفصحى: كل واحد / الجميع
المعنى: لفظ بمعنى كل شخص أو كل فرد على حدة.
المرادفات: كل واحد
مثال: كلين يعرض بخيله.
الوسوم: daily life، expressions، everyone
ملاحظة: تستخدم في الشعر والأمثال كثيراً."
766,اَلْكَعْلَة,الكعلة,alk3lh,كعل,Noun,object,المصباح الصغير,المصباح الكهربائي الصغير (اللمبة).,general,"[""لمبة""]",[],,قاموس اللهجة الحضرمية - فهد بن هلابي - ص 113,"[{""f"": ""أطفئ المصباح قبل أن تنام."", ""h"": ""طفي الكعلة قبل ما تنام.""}]",[],"[""daily life"", ""tools"", ""light""]","الكلمة: اَلْكَعْلَة (الكعلة)
الجذر: كعل
الفصحى: المصباح الصغير
المعنى: المصباح الكهربائي الصغير (اللمبة).
المرادفات: لمبة
مثال: طفي الكعلة قبل ما تنام.
الوسوم: daily life، tools، light"
767,اَلْكُعَال,الكعال,alk3al,كعل,Noun,object,الخصيتين,لفظ يطلق على الخصيتين، ومفردها كُعله.,general,[],[],,قاموس اللهجة الحضرمية - فهد بن هلابي - ص 113,[],[],"[""body""]","الكلمة: اَلْكُعَال (الكعال)
الجذر: كعل
الفصحى: الخصيتين
المعنى: لفظ يطلق على الخصيتين، ومفردها كُعله.
الوسوم: body"
768,كَسْعَة,كسعه,ks3h,كسع,Noun,object,محفظة نقود,محفظة صغيرة جداً تستخدمها لحفظ العملات المعدنية والورقية.,general,"[""بوك"", ""محفظة""]",[],,قاموس اللهجة الحضرمية - فهد بن هلابي - ص 113,"[{""f"": ""وضعت النقود في المحفظة الصغيرة."", ""h"": ""حطيت الفلوس في الكسعة.""}]",[],"[""daily life"", ""wallet"", ""money""]","الكلمة: كَسْعَة (كسعه)
الجذر: كسع
الفصحى: محفظة نقود
المعنى: محفظة صغيرة جداً تستخدمها لحفظ العملات المعدنية والورقية.
المرادفات: بوك، محفظة
مثال: حطيت الفلوس في الكسعة.
الوسوم: daily life، wallet، money"
769,كُور,كور,kwr,كور,Noun,object,الرأس / البليد,بمعنى الرأس، وتطلق أيضاً مجازاً على الشخص الذي لا يفهم أو استيعابه بطيء.,general,"[""رأس""]",[],يقال: فلان كوره يابس.,قاموس اللهجة الحضرمية - فهد بن هلابي - ص 113,"[{""f"": ""يا بليد، افهم ما يقال."", ""h"": ""يا كور، افهم الكلام.""}]",[],"[""body"", ""appearance"", ""head""]","الكلمة: كُور (كور)
الجذر: كور
الفصحى: الرأس / البليد
المعنى: بمعنى الرأس، وتطلق أيضاً مجازاً على الشخص الذي لا يفهم أو استيعابه بطيء.
المرادفات: رأس
مثال: يا كور، افهم الكلام.
الوسوم: body، appearance، head
ملاحظة: يقال: فلان كوره يابس."
770,اَلْكَزَّابَة,الكزابة,alkzabh,كزب,Noun,object,جوز الهند,ثمرة جوز الهند (النارجيل).,general,"[""نارجيل""]",[],تستخدم في المثل: بطيخة ولا كزابة.,قاموس اللهجة الحضرمية - فهد بن هلابي - ص 113,"[{""f"": ""شربت ماء جوز الهند."", ""h"": ""شربت ماء الكزابة.""}]","[""بطيخة ولا كزابة""]","[""nature"", ""food"", ""coconut""]","الكلمة: اَلْكَزَّابَة (الكزابة)
الجذر: كزب
الفصحى: جوز الهند
المعنى: ثمرة جوز الهند (النارجيل).
المرادفات: نارجيل
مثال: شربت ماء الكزابة.
الوسوم: nature، food، coconut
ملاحظة: تستخدم في المثل: بطيخة ولا كزابة."
771,اَلْكُوفِيَّة,الكوفيه,alkwfyh,كوف,Noun,object,الطاقية,غطاء الرأس الذي يلبس تحت العمامة، وأفخمها الزنجبارية أو السواحلية.,general,"[""طاقية"", ""قلنسوة""]",[],تحمي من العرق وحرارة الشمس.,قاموس اللهجة الحضرمية - فهد بن هلابي - ص 113,"[{""f"": ""لبس الطاقية الزنجبارية في حفل الزفاف."", ""h"": ""لبس الكوفية الزنجبارية في العرس.""}]",[],"[""clothing"", ""social customs"", ""hat""]","الكلمة: اَلْكُوفِيَّة (الكوفيه)
الجذر: كوف
الفصحى: الطاقية
المعنى: غطاء الرأس الذي يلبس تحت العمامة، وأفخمها الزنجبارية أو السواحلية.
المرادفات: طاقية، قلنسوة
مثال: لبس الكوفية الزنجبارية في العرس.
الوسوم: clothing، social customs، hat
ملاحظة: تحمي من العرق وحرارة الشمس."
772,كَعْوِيلَة,كعويله,k3wylh,كعول,Noun,object,حلوى الأعواد,نوع من أنواع الحلوى التقليدية التي تكون على شكل أعواد (مليم عود).,general,"[""حلاوة""]",[],,قاموس اللهجة الحضرمية - فهد بن هلابي - ص 113,"[{""f"": ""الأطفال يحبون حلوى الأعواد."", ""h"": ""السقل  يحبون الكعويلة.""}]",[],"[""food"", ""daily life"", ""sweet""]","الكلمة: كَعْوِيلَة (كعويله)
الجذر: كعول
الفصحى: حلوى الأعواد
المعنى: نوع من أنواع الحلوى التقليدية التي تكون على شكل أعواد (مليم عود).
المرادفات: حلاوة
مثال: السقل  يحبون الكعويلة.
الوسوم: food، daily life، sweet"
773,اَلْكُمَّة,الكمه,alkmh,كمم,Noun,object,غطاء رأس صوفي,غطاء صوفي يغطي الرأس والأذنين في الشتاء للرجال، أو غطاء رأس للأطفال حديثي الولادة.,general,"[""قبعة شتوية""]",[],تخاط عادة من بقايا الأقمشة ولها بطانة.,قاموس اللهجة الحضرمية - فهد بن هلابي - ص 114,"[{""f"": ""البس قبعة الشتاء الجو بارد جداً."", ""h"": ""البس الكمه البرد قارس.""}]",[],"[""clothing"", ""daily life"", ""hat""]","الكلمة: اَلْكُمَّة (الكمه)
الجذر: كمم
الفصحى: غطاء رأس صوفي
المعنى: غطاء صوفي يغطي الرأس والأذنين في الشتاء للرجال، أو غطاء رأس للأطفال حديثي الولادة.
المرادفات: قبعة شتوية
مثال: البس الكمه البرد قارس.
الوسوم: clothing، daily life، hat
ملاحظة: تخاط عادة من بقايا الأقمشة ولها بطانة."
774,اَلْكِفَاة,الكفاه,alkfah,كفه,Noun,object,عتبة الباب العلوية,خشبة الإطار العلوي للباب، وغالباً ما ينحت عليها آيات أو حكم أو تاريخ البناء.,general,[],[],يقال في المثل: قع مردم تقع كفاة.,قاموس اللهجة الحضرمية - فهد بن هلابي - ص 114,"[{""f"": ""نحتوا اسمه على العتبة العلوية للباب."", ""h"": ""نحتوا اسمه على كفاة الباب.""}]","[""قع مردم تقع كفاة""]","[""buildings"", ""door""]","الكلمة: اَلْكِفَاة (الكفاه)
الجذر: كفه
الفصحى: عتبة الباب العلوية
المعنى: خشبة الإطار العلوي للباب، وغالباً ما ينحت عليها آيات أو حكم أو تاريخ البناء.
مثال: نحتوا اسمه على كفاة الباب.
الوسوم: buildings، door
ملاحظة: يقال في المثل: قع مردم تقع كفاة."
775,اَلْكَرْتَة,الكرته,alkrth,كرت,Noun,object,فستان قصير,فستان للبنات يكون ضيقاً من الأعلى ومتسعاً من الأسفل، ويغطي الركبتين.,general,"[""فستان""]",[],,قاموس اللهجة الحضرمية - فهد بن هلابي - ص 114,"[{""f"": ""البنت لبست فستاناً جديداً."", ""h"": ""البنت لبست كرته جديدة.""}]",[],"[""clothing"", ""women"", ""dress""]","الكلمة: اَلْكَرْتَة (الكرته)
الجذر: كرت
الفصحى: فستان قصير
المعنى: فستان للبنات يكون ضيقاً من الأعلى ومتسعاً من الأسفل، ويغطي الركبتين.
المرادفات: فستان
مثال: البنت لبست كرته جديدة.
الوسوم: clothing، women، dress"
776,اَلْكَرَع,الكرع,alkr3,كرع,Noun,object,ماء المطر,ماء المطر النقي العذب الصالح للشرب.,general,"[""ماء مطر""]",[],يحرص الناس على جمعه لصفائه.,قاموس اللهجة الحضرمية - فهد بن هلابي - ص 114,"[{""f"": ""ماء المطر طعمه عذب."", ""h"": ""ماء الكرع طعمه عذب.""}]",[],"[""nature"", ""daily life"", ""water""]","الكلمة: اَلْكَرَع (الكرع)
الجذر: كرع
الفصحى: ماء المطر
المعنى: ماء المطر النقي العذب الصالح للشرب.
المرادفات: ماء مطر
مثال: ماء الكرع طعمه عذب.
الوسوم: nature، daily life، water
ملاحظة: يحرص الناس على جمعه لصفائه."
777,اَلْكِلَيْت,الكليت,alklyt,كليت,Noun,object,لباس للأطفال,قميص له أكمام تخاط معه قطعة أخرى تشبه الإزار، يلبسه الأطفال عند البدء في المشي.,general,[],[],,قاموس اللهجة الحضرمية - فهد بن هلابي - ص 114,"[{""f"": ""الطفل بدأ يمشي وألبسوه لباس الصغار التقليدي."", ""h"": ""الولد بدا يمشي ولبسوه الكليت.""}]",[],"[""clothing"", ""children"", ""dress""]","الكلمة: اَلْكِلَيْت (الكليت)
الجذر: كليت
الفصحى: لباس للأطفال
المعنى: قميص له أكمام تخاط معه قطعة أخرى تشبه الإزار، يلبسه الأطفال عند البدء في المشي.
مثال: الولد بدا يمشي ولبسوه الكليت.
الوسوم: clothing، children، dress"
778,اَلْكَوْتَع,الكلمه,alkwt3,كوتع,Noun,object,صندوق الملابس الكبير,صندوق خشبي كبير يستخدم لحفظ الملابس والأغراض الشخصية، وحل محله الدولاب حديثاً.,general,"[""صندوق"", ""سحارة""]",[],,قاموس اللهجة الحضرمية - فهد بن هلابي - ص 114,"[{""f"": ""كانت جدتي تحفظ ذهبها في الصندوق الخشبي الكبير."", ""h"": ""كانت جدتي تحفظ ذهبها في الكوتع.""}]",[],"[""daily life"", ""furniture""]","الكلمة: اَلْكَوْتَع (الكلمه)
الجذر: كوتع
الفصحى: صندوق الملابس الكبير
المعنى: صندوق خشبي كبير يستخدم لحفظ الملابس والأغراض الشخصية، وحل محله الدولاب حديثاً.
المرادفات: صندوق، سحارة
مثال: كانت جدتي تحفظ ذهبها في الكوتع.
الوسوم: daily life، furniture"
779,كِرْفَان,كرفان,krfan,كرف,Noun,object,حفر تجميع المياه,جمع كريف، وهي حفر في الأرض يتجمع فيها ماء المطر، يستفيد منها الناس والحيوان.,general,"[""كريف"", ""حفر مياه""]",[],,قاموس اللهجة الحضرمية - فهد بن هلابي - ص 115,"[{""f"": ""سقينا الأغنام من حفر مياه المطر."", ""h"": ""سقينا الغنم من الكرفان.""}]",[],"[""nature"", ""agriculture"", ""water""]","الكلمة: كِرْفَان (كرفان)
الجذر: كرف
الفصحى: حفر تجميع المياه
المعنى: جمع كريف، وهي حفر في الأرض يتجمع فيها ماء المطر، يستفيد منها الناس والحيوان.
المرادفات: كريف، حفر مياه
مثال: سقينا الغنم من الكرفان.
الوسوم: nature، agriculture، water"
780,اَلْكُوز,الكوز,alkwz,كوز,Noun,object,إناء فخاري,إناء مصنوع من الفخار يستخدم لحفظ مياه الشرب وتبريدها طبيعياً.,general,"[""جرة""]",[],يقول الشاعر: ما في جهنم كوز بارد.,قاموس اللهجة الحضرمية - فهد بن هلابي - ص 115,"[{""f"": ""ماء الإناء الفخاري يروي العطش."", ""h"": ""ماء الكوز يروي العطشان.""}]",[],"[""daily life"", ""tools""]","الكلمة: اَلْكُوز (الكوز)
الجذر: كوز
الفصحى: إناء فخاري
المعنى: إناء مصنوع من الفخار يستخدم لحفظ مياه الشرب وتبريدها طبيعياً.
المرادفات: جرة
مثال: ماء الكوز يروي العطشان.
الوسوم: daily life، tools
ملاحظة: يقول الشاعر: ما في جهنم كوز بارد."
781,اَللَّصَف,اللصف,allSf,لصف,Noun,object,شجر اللصف,نوع من أنواع الشجر الكبيرة التي تتكاثر في الأودية الجبلية.,general,[],[],,قاموس اللهجة الحضرمية - فهد بن هلابي - ص 116,"[{""f"": ""الوادي مليء بأشجار اللصف."", ""h"": ""الوادي مليان شجر لصف.""}]",[],"[""nature"", ""plants"", ""tree""]","الكلمة: اَللَّصَف (اللصف)
الجذر: لصف
الفصحى: شجر اللصف
المعنى: نوع من أنواع الشجر الكبيرة التي تتكاثر في الأودية الجبلية.
مثال: الوادي مليان شجر لصف.
الوسوم: nature، plants، tree"
782,اَللَّدُوح,اللدوح,alldwH,لدح,Noun,object,الضرب / التأديب,الضرب بالعصا أو باليد بقصد التأديب.,general,"[""ضرب""]",[],في المثل: الرجال بالمدوح والبنات باللدوح.,قاموس اللهجة الحضرمية - فهد بن هلابي - ص 116,"[{""f"": ""تلقى ضرباً مبرحاً."", ""h"": ""جاه لدوح لما شبع.""}]","[""الرجال بالمدوح والبنات باللدوح""]","[""actions"", ""beat""]","الكلمة: اَللَّدُوح (اللدوح)
الجذر: لدح
الفصحى: الضرب / التأديب
المعنى: الضرب بالعصا أو باليد بقصد التأديب.
المرادفات: ضرب
مثال: جاه لدوح لما شبع.
الوسوم: actions، beat
ملاحظة: في المثل: الرجال بالمدوح والبنات باللدوح."
783,لَا حَد,لا حد,la Hd,احد,Expression,expression,لا أحد,تعبير بمعنى لا يوجد أحد، حيث يسقط الألف للنفي.,general,"[""ما حد""]",[],يقول الشاعر: سرحت ولا حد شافها.,قاموس اللهجة الحضرمية - فهد بن هلابي - ص 116,"[{""f"": ""ذهبت للسوق ولم أجد أحداً هناك."", ""h"": ""رحت السوق ولا حد هناك.""}]",[],"[""expressions"", ""no one""]","الكلمة: لَا حَد (لا حد)
الجذر: احد
الفصحى: لا أحد
المعنى: تعبير بمعنى لا يوجد أحد، حيث يسقط الألف للنفي.
المرادفات: ما حد
مثال: رحت السوق ولا حد هناك.
الوسوم: expressions، no one
ملاحظة: يقول الشاعر: سرحت ولا حد شافها."
784,لَهَجْ,لهج,lhj,لهج,Noun,object,النافذة / الشباك,فتحة في الجدار تسمح بمرور الضوء والهواء، وتسمى في بعض المناطق بالخلفة.,general,"[""خلفة"", ""شباك"", ""طاقة""]",[],يستخدم اللفظ غالباً في عمارة البيوت الطينية القديمة، ويرتبط بتهوية الغرف.,قاموس اللهجة الحضرمية - فهد بن هلابي - ص 116,"[{""f"": ""افتح النافذة ليدخل بعض الهواء."", ""h"": ""افتح اللهج عشان يدخل شوية هواء.""}]",[],"[""daily life"", ""architecture"", ""window""]","الكلمة: لَهَجْ (لهج)
الجذر: لهج
الفصحى: النافذة / الشباك
المعنى: فتحة في الجدار تسمح بمرور الضوء والهواء، وتسمى في بعض المناطق بالخلفة.
المرادفات: خلفة، شباك، طاقة
مثال: افتح اللهج عشان يدخل شوية هواء.
الوسوم: daily life، architecture، window
ملاحظة: يستخدم اللفظ غالباً في عمارة البيوت الطينية القديمة، ويرتبط بتهوية الغرف."
785,لَقْرَحْ,لقرح,lqrH,قرح,Noun,object,الأقرع (تيس بدون قرون),يطلق هذا الاسم على التيس أو الكبش الذي خلق بدون قرون.,general,[],[],في الثقافة المحلية، قد يفضل البعض هذا النوع لسهولة التعامل معه وعدم نطحه.,قاموس اللهجة الحضرمية - فهد بن هلابي - ص 116,"[{""f"": ""اشترينا تيساً أقرع (بدون قرون) سميناً للعيد."", ""h"": ""شرينا لقرح سمين للعيد.""}]",[],"[""animals"", ""nature"", ""animal""]","الكلمة: لَقْرَحْ (لقرح)
الجذر: قرح
الفصحى: الأقرع (تيس بدون قرون)
المعنى: يطلق هذا الاسم على التيس أو الكبش الذي خلق بدون قرون.
مثال: شرينا لقرح سمين للعيد.
الوسوم: animals، nature، animal
ملاحظة: في الثقافة المحلية، قد يفضل البعض هذا النوع لسهولة التعامل معه وعدم نطحه."
786,اَللِّيَاسَة,اللياسة,allyash,ليس,Noun,object,المِسْطَرين (أداة تمليس الجدران),أداة مسطحة يستخدمها البناء لتسوية وتمليس الطين أو النورة على الجدران أثناء عملية المحض.,general,[],[],ترتبط اللياسة بعملية 'المحض' وهي الطبقة النهائية من الطين أو النورة التي تغطي الجدار.,قاموس اللهجة الحضرمية - فهد بن هلابي - ص 116,"[{""f"": ""أعطِ البناء أداة التمليس لينهي العمل في الجدار."", ""h"": ""ناول البناء اللياسة عشان يخلص الجدار.""}]",[],"[""tools"", ""construction"", ""wall""]","الكلمة: اَللِّيَاسَة (اللياسة)
الجذر: ليس
الفصحى: المِسْطَرين (أداة تمليس الجدران)
المعنى: أداة مسطحة يستخدمها البناء لتسوية وتمليس الطين أو النورة على الجدران أثناء عملية المحض.
مثال: ناول البناء اللياسة عشان يخلص الجدار.
الوسوم: tools، construction، wall
ملاحظة: ترتبط اللياسة بعملية 'المحض' وهي الطبقة النهائية من الطين أو النورة التي تغطي الجدار."
787,اَللِّسْتِرِكْ,اللسترك,allstrk,لسترك,Noun,object,الكهرباء,لفظ محرف من الإنجليزية (Electric) ويستخدم للإشارة إلى التيار الكهربائي.,general,[],[],الكلمة دخيلة ومحرفة من الكلمة الإنجليزية Electric، وشاع استخدامها قديماً في المناطق الساحلية.,قاموس اللهجة الحضرمية - فهد بن هلابي - ص 116,"[{""f"": ""انقطعت الكهرباء الليلة في الحي بأكمله."", ""h"": ""اللسترك طفي الليلة في الحافة كلها.""}]",[],"[""daily life"", ""technology"", ""electricity""]","الكلمة: اَللِّسْتِرِكْ (اللسترك)
الجذر: لسترك
الفصحى: الكهرباء
المعنى: لفظ محرف من الإنجليزية (Electric) ويستخدم للإشارة إلى التيار الكهربائي.
مثال: اللسترك طفي الليلة في الحافة كلها.
الوسوم: daily life، technology، electricity
ملاحظة: الكلمة دخيلة ومحرفة من الكلمة الإنجليزية Electric، وشاع استخدامها قديماً في المناطق الساحلية."
788,لَقِيْتْ,لقيت,lqyt,لقي,Verb,action,فعلت / صنعت,فعل يستخدم للسؤال أو الإخبار عن القيام بعمل ما، بفتح التاء وتشديد القاف.,general,[],[],تنطق بفتح التاء وتشديد القاف، وهي تختلف عن 'لقيتُ' الفصحى التي تعني وجدتُ الشيء.,قاموس اللهجة الحضرمية - فهد بن هلابي - ص 117,"[{""f"": ""لماذا فعلت هذا؟ أردتك أن تصنع غيره."", ""h"": ""ليش لقيت كذا؟ بغيتك تصلح غيره.""}]",[],"[""verbs"", ""communication"", ""did""]","الكلمة: لَقِيْتْ (لقيت)
الجذر: لقي
الفصحى: فعلت / صنعت
المعنى: فعل يستخدم للسؤال أو الإخبار عن القيام بعمل ما، بفتح التاء وتشديد القاف.
مثال: ليش لقيت كذا؟ بغيتك تصلح غيره.
الوسوم: verbs، communication، did
ملاحظة: تنطق بفتح التاء وتشديد القاف، وهي تختلف عن 'لقيتُ' الفصحى التي تعني وجدتُ الشيء."
789,اَللَّانَه,اللانه,allanh,لان,Noun,object,ردفة الباب أو النافذة,أحد أجزاء الباب أو النافذة الخشبية، وهي الضلفة أو الردفة المتحركة.,general,[],[],في البيوت القديمة، تتكون الأبواب من 'لانتين' (ضلفتين) تُغلقان معاً.,قاموس اللهجة الحضرمية - فهد بن هلابي - ص 117,"[{""f"": ""أغلق ضلفة الباب لكي لا يدخل الغبار."", ""h"": ""صك اللانه حقت الباب لا يدخل الغبار.""}]",[],"[""daily life"", ""architecture"", ""window""]","الكلمة: اَللَّانَه (اللانه)
الجذر: لان
الفصحى: ردفة الباب أو النافذة
المعنى: أحد أجزاء الباب أو النافذة الخشبية، وهي الضلفة أو الردفة المتحركة.
مثال: صك اللانه حقت الباب لا يدخل الغبار.
الوسوم: daily life، architecture، window
ملاحظة: في البيوت القديمة، تتكون الأبواب من 'لانتين' (ضلفتين) تُغلقان معاً."
790,لَامَا,لاما,lama,لما,Expression,expression,إذا لم,أداة شرط بمعنى 'إذا لم'، وتستخدم كثيراً في الأمثال الشعبية.,general,[],[],تنطق بفتح اللام والميم، وتستخدم للتحذير أو ربط النتيجة بعدم وقوع الفعل.,قاموس اللهجة الحضرمية - فهد بن هلابي - ص 117,"[{""f"": ""إذا لم تأتِ اليوم ستضيع عليك الفرصة."", ""h"": ""لاما جيت اليوم باتروح عليك الفرصة.""}]","[""الحجام لاما لحق حاجة حجم لأمه""]","[""expressions"", ""grammar"", ""if""]","الكلمة: لَامَا (لاما)
الجذر: لما
الفصحى: إذا لم
المعنى: أداة شرط بمعنى 'إذا لم'، وتستخدم كثيراً في الأمثال الشعبية.
مثال: لاما جيت اليوم باتروح عليك الفرصة.
الوسوم: expressions، grammar، if
ملاحظة: تنطق بفتح اللام والميم، وتستخدم للتحذير أو ربط النتيجة بعدم وقوع الفعل."
791,لَكْعَة,لكعة,lk3h,لكع,Noun,object,اللسعة / الكلام الجارح,تأتي بمعنى الضرب الخفيف أو اللسع، وتستخدم مجازاً للكلام الجارح الذي يوجه لشخص بطريقة غير مباشرة.,general,[],[],تستخدم في السياق الاجتماعي لوصف الشخص الذي يرمي كلمات قوية (لكعات) بهدف إحراج الطرف الآخر.,قاموس اللهجة الحضرمية - فهد بن هلابي - ص 117,"[{""f"": ""وجه لي كلاماً جارحاً في منتصف الحديث."", ""h"": ""رمى عليّ لكعة في وسط الهرج.""}]",[],"[""social interaction"", ""communication"", ""lash""]","الكلمة: لَكْعَة (لكعة)
الجذر: لكع
الفصحى: اللسعة / الكلام الجارح
المعنى: تأتي بمعنى الضرب الخفيف أو اللسع، وتستخدم مجازاً للكلام الجارح الذي يوجه لشخص بطريقة غير مباشرة.
مثال: رمى عليّ لكعة في وسط الهرج.
الوسوم: social interaction، communication، lash
ملاحظة: تستخدم في السياق الاجتماعي لوصف الشخص الذي يرمي كلمات قوية (لكعات) بهدف إحراج الطرف الآخر."
792,لَاهِي,لاهي,lahy,لهو,Adjective,descriptor,متفرغ / بدون عمل,وصف للشخص الفارغ الذي لا يشغله عمل أو اهتمام معين.,general,[],[],مشتقة من اللهو، وتطلق غالباً على من يهمل واجباته وينشغل بأمور ثانوية.,قاموس اللهجة الحضرمية - فهد بن هلابي - ص 117,"[{""f"": ""يجلس متفرغاً في الطريق بلا عمل أو اهتمام."", ""h"": ""جالس لاهي في الطريق لا شغل ولا مشغلة.""}]",[],"[""personality"", ""daily life""]","الكلمة: لَاهِي (لاهي)
الجذر: لهو
الفصحى: متفرغ / بدون عمل
المعنى: وصف للشخص الفارغ الذي لا يشغله عمل أو اهتمام معين.
مثال: جالس لاهي في الطريق لا شغل ولا مشغلة.
الوسوم: personality، daily life
ملاحظة: مشتقة من اللهو، وتطلق غالباً على من يهمل واجباته وينشغل بأمور ثانوية."
793,اَللَّيْلُون,الليلون,allylwn,ليلون,Noun,object,مصباح النيون,مصباح الإضاءة الفلوري الطويل (النيون).,general,[],[],تسمية شعبية محرفة من الكلمة الإنجليزية (Neon) مع إضافة اللام التعريفية.,قاموس اللهجة الحضرمية - فهد بن هلابي - ص 117,"[{""f"": ""مصباح النيون في الصالة تعطل ويحتاج لاستبدال."", ""h"": ""الليلون حق الصالة احترق بغى تغيير.""}]",[],"[""daily life"", ""home"", ""light""]","الكلمة: اَللَّيْلُون (الليلون)
الجذر: ليلون
الفصحى: مصباح النيون
المعنى: مصباح الإضاءة الفلوري الطويل (النيون).
مثال: الليلون حق الصالة احترق بغى تغيير.
الوسوم: daily life، home، light
ملاحظة: تسمية شعبية محرفة من الكلمة الإنجليزية (Neon) مع إضافة اللام التعريفية."
794,اَللَّاسُو,اللاسو,allasw,لسو,Noun,object,وشاح مزركش,وشاح للمرأة يغطي الرأس والصدر، يمتاز بألوانه الزاهية ونقوشه الخاصة، وأصله من أفريقيا.,coast,[],[],الاسم مأخوذ من المصدر الذي ورد منه وهو (أفريقيا)، ويشبه 'النقبة' في استخدامه.,قاموس اللهجة الحضرمية - فهد بن هلابي - ص 117,"[{""f"": ""ارتدت الوشاح المزركش في العيد وبدت جميلة."", ""h"": ""لبست اللاسو في العيد وطلعت زينة.""}]",[],"[""clothing"", ""women"", ""headscarf""]","الكلمة: اَللَّاسُو (اللاسو)
الجذر: لسو
الفصحى: وشاح مزركش
المعنى: وشاح للمرأة يغطي الرأس والصدر، يمتاز بألوانه الزاهية ونقوشه الخاصة، وأصله من أفريقيا.
مثال: لبست اللاسو في العيد وطلعت زينة.
الوسوم: clothing، women، headscarf
ملاحظة: الاسم مأخوذ من المصدر الذي ورد منه وهو (أفريقيا)، ويشبه 'النقبة' في استخدامه."
795,اَللَّاس,اللاس,allas,لس,Noun,object,قماش الحرير الناعم,نوع من القماش الناعم البراق وغالي الثمن، كان يستخدم قديماً في ملابس المناسبات.,general,[],[],كان يعتبر قديماً من أرقى أنواع الأقمشة التي تتباهى بها النساء في المناسبات.,قاموس اللهجة الحضرمية - فهد بن هلابي - ص 117,"[{""f"": ""هذا الثوب مصنوع من قماش حريري أصلي."", ""h"": ""هذا الثوب من لاس أصلي.""}]",[],"[""clothing"", ""materials"", ""fabric""]","الكلمة: اَللَّاس (اللاس)
الجذر: لس
الفصحى: قماش الحرير الناعم
المعنى: نوع من القماش الناعم البراق وغالي الثمن، كان يستخدم قديماً في ملابس المناسبات.
مثال: هذا الثوب من لاس أصلي.
الوسوم: clothing، materials، fabric
ملاحظة: كان يعتبر قديماً من أرقى أنواع الأقمشة التي تتباهى بها النساء في المناسبات."
796,اَلأَلْفِي,الالفي,alalfy,ألف,Noun,object,كوفية الوجهاء,كوفية (طاقية) يلبسها العلماء والقضاة والأشراف والعرسان، وتلف حولها العمامة بإحكام.,general,[],[],سميت بالألفي لأن العمامة تُلف حولها بإحكام شديد، وهي رمز للوقار والمكانة الاجتماعية.,قاموس اللهجة الحضرمية - فهد بن هلابي - ص 118,"[{""f"": ""المعلم (العالم) يرتدي الكوفية الرسمية والعمامة."", ""h"": ""المعلم لابس الألفي والسباعية.""}]",[],"[""clothing"", ""men"", ""social customs"", ""headscarf""]","الكلمة: اَلأَلْفِي (الالفي)
الجذر: ألف
الفصحى: كوفية الوجهاء
المعنى: كوفية (طاقية) يلبسها العلماء والقضاة والأشراف والعرسان، وتلف حولها العمامة بإحكام.
مثال: المعلم لابس الألفي والسباعية.
الوسوم: clothing، men، social customs، headscarf
ملاحظة: سميت بالألفي لأن العمامة تُلف حولها بإحكام شديد، وهي رمز للوقار والمكانة الاجتماعية."
797,لُغَيْطِي,لغيطي,lghyTy,لغط,Noun,time,تماوج السيل,يطلق على حركة تماوج واضطراب السيل في مجراه القوي (المطيرة).,general,[],[],وصف حركي لقوة دفع الماء وتداخله أثناء جريان السيول الكبيرة.,قاموس اللهجة الحضرمية - فهد بن هلابي - ص 118,"[{""f"": ""انظر كيف يتماوج السيل بقوة في الوادي."", ""h"": ""شوف السيل كيف لغيطي في الوادي.""}]",[],"[""nature"", ""weather"", ""river""]","الكلمة: لُغَيْطِي (لغيطي)
الجذر: لغط
الفصحى: تماوج السيل
المعنى: يطلق على حركة تماوج واضطراب السيل في مجراه القوي (المطيرة).
مثال: شوف السيل كيف لغيطي في الوادي.
الوسوم: nature، weather، river
ملاحظة: وصف حركي لقوة دفع الماء وتداخله أثناء جريان السيول الكبيرة."
798,لِيْشْ,ليش,lysh,ليش,Expression,expression,لماذا,أداة استفهام للسؤال عن السبب.,general,[],[],كلمة عربية فصيحة منحوتة من 'لأي شيء'.,قاموس اللهجة الحضرمية - فهد بن هلابي - ص 118,"[{""f"": ""لماذا لم تأتِ بالأمس؟ كنا ننتظرك."", ""h"": ""ليش ما جيت البارحة؟ كنا مساهنينك.""}]",[],"[""expressions"", ""communication"", ""why""]","الكلمة: لِيْشْ (ليش)
الجذر: ليش
الفصحى: لماذا
المعنى: أداة استفهام للسؤال عن السبب.
مثال: ليش ما جيت البارحة؟ كنا مساهنينك.
الوسوم: expressions، communication، why
ملاحظة: كلمة عربية فصيحة منحوتة من 'لأي شيء'."
799,اَللُّبَان اَلْبَدَوِي,اللبان البدوي,allban albdwy,لبن,Noun,object,اللبان العربي / الذكر,هو اللبان العربي الذي يستخرج من الأشجار، يستخدم كبخور وفي العلاجات الشعبية وخاصة للمرأة النفاس.,general,[],[],اللبان البدوي هو نوع من اللبان العربي الذي يستخرج من الأشجار، يستخدم كبخور وفي العلاجات الشعبية وخاصة للمرأة النفاس.,قاموس اللهجة الحضرمية - فهد بن هلابي - ص 118,"[{""f"": ""عطر المنزل بقليل من اللبان العربي."", ""h"": ""بخر البيت بشوية لبان بدوي.""}]",[],"[""nature"", ""social customs"", ""perfume""]","الكلمة: اَللُّبَان اَلْبَدَوِي (اللبان البدوي)
الجذر: لبن
الفصحى: اللبان العربي / الذكر
المعنى: هو اللبان العربي الذي يستخرج من الأشجار، يستخدم كبخور وفي العلاجات الشعبية وخاصة للمرأة النفاس.
مثال: بخر البيت بشوية لبان بدوي.
الوسوم: nature، social customs، perfume
ملاحظة: اللبان البدوي هو نوع من اللبان العربي الذي يستخرج من الأشجار، يستخدم كبخور وفي العلاجات الشعبية وخاصة للمرأة النفاس."
800,اَللُّبَان اَلْمَيْطِي,اللبان الميطي,allban almyTy,لبن,Noun,object,علكة المضغ,نوع من اللبان المخصص للمضغ فقط ولا يستخدم كبخور.,general,[],[],يختلف عن اللبان البدوي في أنه لا يحترق كبخور، بل يلين بالمضغ وله طعم مميز.,قاموس اللهجة الحضرمية - فهد بن هلابي - ص 118,"[{""f"": ""أعطني قطعة لبان للمضغ."", ""h"": ""أعطني قطعة لبان ميطي أمضغها.""}]",[],"[""food"", ""daily life""]","الكلمة: اَللُّبَان اَلْمَيْطِي (اللبان الميطي)
الجذر: لبن
الفصحى: علكة المضغ
المعنى: نوع من اللبان المخصص للمضغ فقط ولا يستخدم كبخور.
مثال: أعطني قطعة لبان ميطي أمضغها.
الوسوم: food، daily life
ملاحظة: يختلف عن اللبان البدوي في أنه لا يحترق كبخور، بل يلين بالمضغ وله طعم مميز."
801,لَمَّانْ,لمان,lman,لما,Expression,expression,حتى / إلى أن,أداة تفيد الغاية بمعنى 'إلى أن' أو 'حتى'.,general,[],[],يستخدم للإشارة إلى الغاية التي تم الوصول إليها أو الوصول إليها في الوقت المحدد.,قاموس اللهجة الحضرمية - فهد بن هلابي - ص 118,"[{""f"": ""انتظرتك حتى غابت الشمس."", ""h"": ""انتظرتك لمان غابت الشمس.""}]",[],"[""expressions"", ""grammar"", ""until""]","الكلمة: لَمَّانْ (لمان)
الجذر: لما
الفصحى: حتى / إلى أن
المعنى: أداة تفيد الغاية بمعنى 'إلى أن' أو 'حتى'.
مثال: انتظرتك لمان غابت الشمس.
الوسوم: expressions، grammar، until
ملاحظة: يستخدم للإشارة إلى الغاية التي تم الوصول إليها أو الوصول إليها في الوقت المحدد."
802,اَللَّقْذُوف,اللقذوف,allqdhwf,لقذ,Noun,object,قمع التمرة,هو رأس التمرة (القمع الخشبي الصغير) الذي يربطها بالقنو، وهو يرمى ولا يؤكل.,general,[],[],يُرمى عادة ولا يؤكل، ووجوده في التمر المكنوز قد يعتبر عيباً في الجودة.,قاموس اللهجة الحضرمية - فهد بن هلابي - ص 118,"[{""f"": ""أزل قمع التمرة قبل أن تأكلها."", ""h"": ""شل اللقذوف من التمرة قبل تأكلها.""}]",[],"[""nature"", ""agriculture"", ""pear""]","الكلمة: اَللَّقْذُوف (اللقذوف)
الجذر: لقذ
الفصحى: قمع التمرة
المعنى: هو رأس التمرة (القمع الخشبي الصغير) الذي يربطها بالقنو، وهو يرمى ولا يؤكل.
مثال: شل اللقذوف من التمرة قبل تأكلها.
الوسوم: nature، agriculture، pear
ملاحظة: يُرمى عادة ولا يؤكل، ووجوده في التمر المكنوز قد يعتبر عيباً في الجودة."
803,اَللِّيْن,اللين,allyn,لين,Noun,object,مسحوق غسيل نباتي,مسحوق يستخرج من نبات معين (مثل السدر) يستخدم للغسل والتطهير وتنظيف الشعر.,general,[],[],كان يستخدم قديماً كبديل للصابون والشامبو لتنظيف الجسم والشعر وقتل الجراثيم.,قاموس اللهجة الحضرمية - فهد بن هلابي - ص 119,"[{""f"": ""كان الناس قديماً يغسلون ملابسهم بالمسحوق النباتي."", ""h"": ""الناس قديماً يغسلون ثيابهم باللين.""}]",[],"[""daily life"", ""nature"", ""laundry""]","الكلمة: اَللِّيْن (اللين)
الجذر: لين
الفصحى: مسحوق غسيل نباتي
المعنى: مسحوق يستخرج من نبات معين (مثل السدر) يستخدم للغسل والتطهير وتنظيف الشعر.
مثال: الناس قديماً يغسلون ثيابهم باللين.
الوسوم: daily life، nature، laundry
ملاحظة: كان يستخدم قديماً كبديل للصابون والشامبو لتنظيف الجسم والشعر وقتل الجراثيم."
804,اَللَّحْ,اللح,allH,لحح,Adjective,descriptor,الشقيق / المباشر,تقال للقريب جداً من الدرجة الأولى، مثل (أخ لح) أي شقيق، أو (ابن عم لح) أي ابن عم مباشر.,general,[],[],يقال 'أخوي لح' أي شقيقي من الأب والأم، و'جاري لح' أي جدار بيته في جدار بيتي.,قاموس اللهجة الحضرمية - فهد بن هلابي - ص 119,"[{""f"": ""هذا جاري الملاصق تماماً، جدار منزله في جدار منزلي."", ""h"": ""هذا جاري لح، بيته في بيتي.""}]",[],"[""relationships"", ""social customs"", ""brother""]","الكلمة: اَللَّحْ (اللح)
الجذر: لحح
الفصحى: الشقيق / المباشر
المعنى: تقال للقريب جداً من الدرجة الأولى، مثل (أخ لح) أي شقيق، أو (ابن عم لح) أي ابن عم مباشر.
مثال: هذا جاري لح، بيته في بيتي.
الوسوم: relationships، social customs، brother
ملاحظة: يقال 'أخوي لح' أي شقيقي من الأب والأم، و'جاري لح' أي جدار بيته في جدار بيتي."
805,لِي,لي,ly,لي,Expression,expression,الذي / التي,اسم موصول يستخدم للمذكر والمؤنث والجمع بمعنى 'الذي'.,general,[],[],يستخدم للإشارة إلى الشخص الذي يرغب في التعرف عليه أو الذي يملك الشيء المذكور.,قاموس اللهجة الحضرمية - فهد بن هلابي - ص 119,"[{""f"": ""الرجل الذي رأيته بالأمس جاء اليوم."", ""h"": ""الرجال لي شفته أمس جاء اليوم.""}]",[],"[""expressions"", ""grammar"", ""who""]","الكلمة: لِي (لي)
الجذر: لي
الفصحى: الذي / التي
المعنى: اسم موصول يستخدم للمذكر والمؤنث والجمع بمعنى 'الذي'.
مثال: الرجال لي شفته أمس جاء اليوم.
الوسوم: expressions، grammar، who
ملاحظة: يستخدم للإشارة إلى الشخص الذي يرغب في التعرف عليه أو الذي يملك الشيء المذكور."
806,مَسْكَه,مسكه,mskh,مسك,Noun/Verb,action,القبضة / المقبض,تأتي بمعنى القبض باليد، أو تشير إلى مقبض الشيء (مثل مسكة الباب).,general,[],[],,قاموس اللهجة الحضرمية - فهد بن هلابي - ص 120,"[{""f"": ""أمسك بيد الطفل لكي لا يضيع في الازدحام."", ""h"": ""امسك يد الولد لا يضيع في الزحمة.""}]",[],"[""verbs"", ""daily life""]","الكلمة: مَسْكَه (مسكه)
الجذر: مسك
الفصحى: القبضة / المقبض
المعنى: تأتي بمعنى القبض باليد، أو تشير إلى مقبض الشيء (مثل مسكة الباب).
مثال: امسك يد الولد لا يضيع في الزحمة.
الوسوم: verbs، daily life"
807,مَوْلَى,مولى,mwla,ولي,Noun,object,صاحب / مالك,تستخدم للإشارة إلى المالك أو الشخص المسؤول عن الشيء، مثل (مولى الدار) أي صاحب البيت.,general,[],[],,قاموس اللهجة الحضرمية - فهد بن هلابي - ص 120,"[{""f"": ""أين صاحب هذه السيارة؟ لقد أغلق الطريق."", ""h"": ""وين مولى السيارة ذي؟ سد الطريق.""}]",[],"[""daily life"", ""social interaction"", ""owner""]","الكلمة: مَوْلَى (مولى)
الجذر: ولي
الفصحى: صاحب / مالك
المعنى: تستخدم للإشارة إلى المالك أو الشخص المسؤول عن الشيء، مثل (مولى الدار) أي صاحب البيت.
مثال: وين مولى السيارة ذي؟ سد الطريق.
الوسوم: daily life، social interaction، owner"
808,مِسْتِقْيِه,مستقيه,mstqyh,سقي,Noun,object,ساقية الماء,المرأة التي تقوم بجلب الماء من البئر أو الساقية في القربة وتوزيعه.,general,[],[],,قاموس اللهجة الحضرمية - فهد بن هلابي - ص 120,"[{""f"": ""أحضرت الساقية الماء منذ الصباح."", ""h"": ""المستقيه جابت الماء من الصبح.""}]","[""أبرد من جعبة مِستِقْيه""]","[""daily life"", ""water"", ""history""]","الكلمة: مِسْتِقْيِه (مستقيه)
الجذر: سقي
الفصحى: ساقية الماء
المعنى: المرأة التي تقوم بجلب الماء من البئر أو الساقية في القربة وتوزيعه.
مثال: المستقيه جابت الماء من الصبح.
الوسوم: daily life، water، history"
809,اَلْمِعْرَصْ,المعرص,alm3rS,عرص,Noun,object,حمالة الأوعية,عود خشبي سميك يوضع على الكتف لحمل وعائين (تنكتين) من الماء أو الأشياء الثقيلة.,general,[],[],,قاموس اللهجة الحضرمية - فهد بن هلابي - ص 120,"[{""f"": ""احمل الأوعية فوق العود الخشبي لكي يخف الثقل."", ""h"": ""شل التنك فوق المعرص عشان يخف الثقل.""}]",[],"[""tools"", ""daily life"", ""water""]","الكلمة: اَلْمِعْرَصْ (المعرص)
الجذر: عرص
الفصحى: حمالة الأوعية
المعنى: عود خشبي سميك يوضع على الكتف لحمل وعائين (تنكتين) من الماء أو الأشياء الثقيلة.
مثال: شل التنك فوق المعرص عشان يخف الثقل.
الوسوم: tools، daily life، water"
810,مَدْرَكِه,مدركه,mdrkh,درك,Noun,object,شجرة جبلية,نوع من الأشجار الجبلية الصغيرة التي تنمو في مواسم الأمطار.,general,[],[],,قاموس اللهجة الحضرمية - فهد بن هلابي - ص 120,"[{""f"": ""الجبل أصبح أخضراً بأشجار المدركة."", ""h"": ""الجبل كله مخضر بشجر المدركه.""}]",[],"[""nature"", ""plants"", ""tree""]","الكلمة: مَدْرَكِه (مدركه)
الجذر: درك
الفصحى: شجرة جبلية
المعنى: نوع من الأشجار الجبلية الصغيرة التي تنمو في مواسم الأمطار.
مثال: الجبل كله مخضر بشجر المدركه.
الوسوم: nature، plants، tree"
811,مَا حَدْ,ما حد,ma Hd,أحد,Expression,expression,لا أحد,تعبير يستخدم للنفي بمعنى لا يوجد شخص.,general,[],[],,قاموس اللهجة الحضرمية - فهد بن هلابي - ص 120,"[{""f"": ""طرقت الباب ولم يرد عليّ أحد."", ""h"": ""دقيت الباب وما حد رد عليّ.""}]",[],"[""expressions"", ""daily life"", ""no one""]","الكلمة: مَا حَدْ (ما حد)
الجذر: أحد
الفصحى: لا أحد
المعنى: تعبير يستخدم للنفي بمعنى لا يوجد شخص.
مثال: دقيت الباب وما حد رد عليّ.
الوسوم: expressions، daily life، no one"
812,مَدْيَه,مديه,mdyh,مدي,Noun,object,قُن الدجاج,المكان المخصص لبيات الدجاج وتربيته.,general,[],[],,قاموس اللهجة الحضرمية - فهد بن هلابي - ص 120,"[{""f"": ""اذهب وأغلق بيت الدجاج عليهم."", ""h"": ""روح صك المديه على الدجاج.""}]",[],"[""agriculture"", ""animals"", ""chicken""]","الكلمة: مَدْيَه (مديه)
الجذر: مدي
الفصحى: قُن الدجاج
المعنى: المكان المخصص لبيات الدجاج وتربيته.
مثال: روح صك المديه على الدجاج.
الوسوم: agriculture، animals، chicken"
813,مِحْزَمْ,محزم,mHzm,حزم,Noun,object,حزمة / ربطة,مجموعة من أعواد القصب أو البرسيم تجمع وتربط مع بعضها لتكوين حزمة واحدة.,general,[],[],يرتبط بالنشاط الزراعي، حيث يُباع القصب أو العلف في الأسواق بنظام 'المحازم'.,قاموس اللهجة الحضرمية - فهد بن هلابي - ص 120,"[{""f"": ""أحضر حزمة من القصب للأغنام."", ""h"": ""جاب محزم قصب للغنم.""}]",[],"[""agriculture"", ""daily life"", ""bunch""]","الكلمة: مِحْزَمْ (محزم)
الجذر: حزم
الفصحى: حزمة / ربطة
المعنى: مجموعة من أعواد القصب أو البرسيم تجمع وتربط مع بعضها لتكوين حزمة واحدة.
مثال: جاب محزم قصب للغنم.
الوسوم: agriculture، daily life، bunch
ملاحظة: يرتبط بالنشاط الزراعي، حيث يُباع القصب أو العلف في الأسواق بنظام 'المحازم'."
814,اَلْمَصْنَعَه,المصنعه,almSn3h,صنع,Noun,object,الحصن المنيع,مجموعة من البيوت أو الحصون المتراصة على مرتفع، تكون عادة مقراً للشيخ أو مقدم القبيلة.,general,[],[],,قاموس اللهجة الحضرمية - فهد بن هلابي - ص 121,"[{""f"": ""الحصن المنيع مبني في أعلى الهضبة."", ""h"": ""المصنعه مبنية في رأس الهضبة.""}]",[],"[""architecture"", ""history"", ""village""]","الكلمة: اَلْمَصْنَعَه (المصنعه)
الجذر: صنع
الفصحى: الحصن المنيع
المعنى: مجموعة من البيوت أو الحصون المتراصة على مرتفع، تكون عادة مقراً للشيخ أو مقدم القبيلة.
مثال: المصنعه مبنية في رأس الهضبة.
الوسوم: architecture، history، village"
815,مُصَوِّعْ,مصوع,mSw3,صوع,Adjective,descriptor,مشاغب / متعب,وصف للشخص أو الطفل الكثير الحركة والمشاغب الذي يسبب المتاعب لمن حوله.,general,[],[],بشد الصاد وبضم الميم,قاموس اللهجة الحضرمية - فهد بن هلابي - ص 121,"[{""f"": ""هذا الولد مشاغب، لا يجلس دقيقة واحدة بهدوء."", ""h"": ""هذا الولد مصوع، ما يجلس دقيقة هادئ.""}]",[],"[""personality"", ""social interaction"", ""lazy""]","الكلمة: مُصَوِّعْ (مصوع)
الجذر: صوع
الفصحى: مشاغب / متعب
المعنى: وصف للشخص أو الطفل الكثير الحركة والمشاغب الذي يسبب المتاعب لمن حوله.
مثال: هذا الولد مصوع، ما يجلس دقيقة هادئ.
الوسوم: personality، social interaction، lazy
ملاحظة: بشد الصاد وبضم الميم"
816,مَبْعَدْ دَرِي,مبعد دري,mb3d dry,دري,Expression,expression,لم يعلم بعد,تعبير يستخدم للإخبار بأن الشخص ليس لديه علم بالموضوع حتى الآن.,general,[],[],,قاموس اللهجة الحضرمية - فهد بن هلابي - ص 121,"[{""f"": ""هو لم يعلم بعد أننا سنغادر غداً."", ""h"": ""هو مبعد دري إننا بنسافر بكرة.""}]",[],"[""expressions"", ""communication""]","الكلمة: مَبْعَدْ دَرِي (مبعد دري)
الجذر: دري
الفصحى: لم يعلم بعد
المعنى: تعبير يستخدم للإخبار بأن الشخص ليس لديه علم بالموضوع حتى الآن.
مثال: هو مبعد دري إننا بنسافر بكرة.
الوسوم: expressions، communication"
817,مَثْنَاته,مثناته,mthnath,ثنى,Preposition,function,في وسطه / بداخله,بمعنى في منتصف الشيء أو داخله.,general,[],[],,قاموس اللهجة الحضرمية - فهد بن هلابي - ص 121,"[{""f"": ""ضع المفتاح في وسط الصندوق."", ""h"": ""حط المفتاح مثنات الصندوق.""}]",[],"[""expressions"", ""grammar"", ""middle""]","الكلمة: مَثْنَاته (مثناته)
الجذر: ثنى
الفصحى: في وسطه / بداخله
المعنى: بمعنى في منتصف الشيء أو داخله.
مثال: حط المفتاح مثنات الصندوق.
الوسوم: expressions، grammar، middle"
818,مِغْضَاف,مغضاف,mghDaf,غضف,Noun,object,أوصال اللحم الملفوفة,أكلة شعبية تتكون من أوصال اللحم والشحم والكرشة تلف بخيط من الأمعاء، وتشتهر بها حضرموت.,general,[],[],جمعها مغاضيف.,قاموس اللهجة الحضرمية - فهد بن هلابي - ص 121,"[{""f"": ""أوصال اللحم الملفوفة هي أجمل طبق في عشاء العيد."", ""h"": ""المغاضيف أحلى شيء في عشاء العيد.""}]",[],"[""food"", ""social customs"", ""flesh""]","الكلمة: مِغْضَاف (مغضاف)
الجذر: غضف
الفصحى: أوصال اللحم الملفوفة
المعنى: أكلة شعبية تتكون من أوصال اللحم والشحم والكرشة تلف بخيط من الأمعاء، وتشتهر بها حضرموت.
مثال: المغاضيف أحلى شيء في عشاء العيد.
الوسوم: food، social customs، flesh
ملاحظة: جمعها مغاضيف."
819,مُلَتْلَتْ,ملتلت,mltlt,لتت,Adjective,descriptor,منسق / مرتب,وصف للشيء المنظم بعناية، أو الكلام المرتب والواضح.,general,[],[],,قاموس اللهجة الحضرمية - فهد بن هلابي - ص 121,"[{""f"": ""حديثه منسق وجميل، يفهمه المرء بسهولة."", ""h"": ""هرجه ملتلت وزين، يفهم الواحد منه.""}]",[],"[""personality"", ""communication"", ""organized""]","الكلمة: مُلَتْلَتْ (ملتلت)
الجذر: لتت
الفصحى: منسق / مرتب
المعنى: وصف للشيء المنظم بعناية، أو الكلام المرتب والواضح.
مثال: هرجه ملتلت وزين، يفهم الواحد منه.
الوسوم: personality، communication، organized"
820,اَلْمَكْسَرْ,المكسر,almksr,كسر,Noun,object,خلل في مجرى الماء,ثقب أو انهيار في أسوام الساقية أو مجرى الماء يصعب ردمه أثناء جريان الماء.,general,[],[],,قاموس اللهجة الحضرمية - فهد بن هلابي - ص 121,"[{""f"": ""حدث كسر في مجرى الماء وتسرب الماء كله."", ""h"": ""وقع مكسر في الساقية وضاع الماء كله.""}]",[],"[""agriculture"", ""water"", ""broken""]","الكلمة: اَلْمَكْسَرْ (المكسر)
الجذر: كسر
الفصحى: خلل في مجرى الماء
المعنى: ثقب أو انهيار في أسوام الساقية أو مجرى الماء يصعب ردمه أثناء جريان الماء.
مثال: وقع مكسر في الساقية وضاع الماء كله.
الوسوم: agriculture، water، broken"
821,مَشْعُوقْ,مشعوق,msh3wq,شعق,Adjective,descriptor,ممزق / مشقوق,وصف للثوب أو الورق الممزق أو المشقوق طولياً.,general,[],[],,قاموس اللهجة الحضرمية - فهد بن هلابي - ص 122,"[{""f"": ""ثوبه ممزق من طرفه."", ""h"": ""ثوبه مشعوق من طرفه.""}]",[],"[""daily life"", ""clothing""]","الكلمة: مَشْعُوقْ (مشعوق)
الجذر: شعق
الفصحى: ممزق / مشقوق
المعنى: وصف للثوب أو الورق الممزق أو المشقوق طولياً.
مثال: ثوبه مشعوق من طرفه.
الوسوم: daily life، clothing"
822,مِنْحَازْ,منحاز,mnHaz,نحز,Noun,object,المِهراس / الهَاون,أداة مجوفة من الخشب أو المعدن تستخدم لدق وتنعيم المواد الصلبة كالبن والزنجبيل والبهارات.,general,[],[],,قاموس اللهجة الحضرمية - فهد بن هلابي - ص 122,"[{""f"": ""اطحني البن في الهاون."", ""h"": ""دقي القهوة في المنحاز.""}]",[],"[""tools"", ""kitchen"", ""mortar""]","الكلمة: مِنْحَازْ (منحاز)
الجذر: نحز
الفصحى: المِهراس / الهَاون
المعنى: أداة مجوفة من الخشب أو المعدن تستخدم لدق وتنعيم المواد الصلبة كالبن والزنجبيل والبهارات.
مثال: دقي القهوة في المنحاز.
الوسوم: tools، kitchen، mortar"
823,مَيْدَعْ,ميدع,myd3,ميدع,Noun,object,شجرة نارجيل (جوز الهند),الاسم المحلي لشجرة جوز الهند التي تشتهر بها المناطق الساحلية في حضرموت.,coast,[],[],,قاموس اللهجة الحضرمية - فهد بن هلابي - ص 122,"[{""f"": ""أشجار جوز الهند في الساحل كثيرة."", ""h"": ""الميدع في الساحل واجد.""}]",[],"[""nature"", ""plants"", ""nargil""]","الكلمة: مَيْدَعْ (ميدع)
الجذر: ميدع
الفصحى: شجرة نارجيل (جوز الهند)
المعنى: الاسم المحلي لشجرة جوز الهند التي تشتهر بها المناطق الساحلية في حضرموت.
مثال: الميدع في الساحل واجد.
الوسوم: nature، plants، nargil"
824,مَوْفَرْ,موفر,mwfr,وفر,Noun,object,مدماك (صف حجارة),مقياس للارتفاع في البناء، وهو صف من المدر أو الحجر المرصوص فوق بعضه البعض.,general,[],[],كل 9 موافر تساوي طابقاً واحداً تقريباً في البيوت الطينية.,قاموس اللهجة الحضرمية - فهد بن هلابي - ص 122,"[{""f"": ""أنهى البناء اليوم أربعة صفوف من الحجارة."", ""h"": ""البناء خلص اليوم أربعة موافر.""}]",[],"[""construction"", ""architecture"", ""building""]","الكلمة: مَوْفَرْ (موفر)
الجذر: وفر
الفصحى: مدماك (صف حجارة)
المعنى: مقياس للارتفاع في البناء، وهو صف من المدر أو الحجر المرصوص فوق بعضه البعض.
مثال: البناء خلص اليوم أربعة موافر.
الوسوم: construction، architecture، building
ملاحظة: كل 9 موافر تساوي طابقاً واحداً تقريباً في البيوت الطينية."
825,مُصْخَنْ,مصخن,mSkhn,صخن,Noun,object,الموقد / الكانون,المكان الذي تشعل فيه النار للطبخ أو التسخين.,general,[],[],,قاموس اللهجة الحضرمية - فهد بن هلابي - ص 122,"[{""f"": ""ضع الدلة فوق الموقد لكي تسخن."", ""h"": ""حط الدلة فوق المصخن عشان تحمى.""}]",[],"[""kitchen"", ""daily life"", ""cooking"", ""fuel""]","الكلمة: مُصْخَنْ (مصخن)
الجذر: صخن
الفصحى: الموقد / الكانون
المعنى: المكان الذي تشعل فيه النار للطبخ أو التسخين.
مثال: حط الدلة فوق المصخن عشان تحمى.
الوسوم: kitchen، daily life، cooking، fuel"
826,اَلْمَدْرُوف,المدروف,almdrwf,درف,Noun,object,المزمار الخشبي,آلة موسيقية نفخية تقليدية تشبه المزمار، تستخدم في الرقصات الشعبية.,general,[],[],,قاموس اللهجة الحضرمية - فهد بن هلابي - ص 122,"[{""f"": ""صوت المزمار يطرب في رقصة الزامل."", ""h"": ""صوت المدروف يطرب في الزامل.""}]",[],"[""arts"", ""music"", ""social customs"", ""flute"", ""wooden""]","الكلمة: اَلْمَدْرُوف (المدروف)
الجذر: درف
الفصحى: المزمار الخشبي
المعنى: آلة موسيقية نفخية تقليدية تشبه المزمار، تستخدم في الرقصات الشعبية.
مثال: صوت المدروف يطرب في الزامل.
الوسوم: arts، music، social customs، flute، wooden"
827,اَلْمُفَيْشْ,المفيش,almfysh,فيش,Noun,object,مُمهد الأرض,العامل الذي يقوم بإعداد الأرض الطينية وتهيئتها للزراعة بعد السيل.,general,[],[],,قاموس اللهجة الحضرمية - فهد بن هلابي - ص 122,"[{""f"": ""المزارع الممهد للأرض يعمل في الحقل منذ الفجر."", ""h"": ""المفيش يشتغل في الطين من الغبشة.""}]",[],"[""agriculture"", ""farmer""]","الكلمة: اَلْمُفَيْشْ (المفيش)
الجذر: فيش
الفصحى: مُمهد الأرض
المعنى: العامل الذي يقوم بإعداد الأرض الطينية وتهيئتها للزراعة بعد السيل.
مثال: المفيش يشتغل في الطين من الغبشة.
الوسوم: agriculture، farmer"
828,اَلْمَعْصُورَة,المعصورة,alm3Swrh,عصر,Noun,object,البرج الدائري,الزاوية الدائرية في الدرج أو في أركان الحصون الدفاعية، وتستخدم للمراقبة.,general,[],[],,قاموس اللهجة الحضرمية - فهد بن هلابي - ص 122,"[{""f"": ""صعد الجندي فوق البرج الدائري للحصن."", ""h"": ""طلع العسكري فوق معصورة الحصن.""}]",[],"[""architecture"", ""history"", ""defense""]","الكلمة: اَلْمَعْصُورَة (المعصورة)
الجذر: عصر
الفصحى: البرج الدائري
المعنى: الزاوية الدائرية في الدرج أو في أركان الحصون الدفاعية، وتستخدم للمراقبة.
مثال: طلع العسكري فوق معصورة الحصن.
الوسوم: architecture، history، defense"
829,مُتَعَرِّضْ,متعرض,mt3rD,عرض,Adjective,descriptor,فُضولي / متدخل,وصف للشخص الذي يتدخل في شؤون الآخرين وفيما لا يعنيه.,general,[],[],,قاموس اللهجة الحضرمية - فهد بن هلابي - ص 122,"[{""f"": ""لا تكن فضولياً وتتدخل في حديث الناس."", ""h"": ""لا تقع متعرض في هرج الناس.""}]",[],"[""personality"", ""social interaction"", ""intrusive""]","الكلمة: مُتَعَرِّضْ (متعرض)
الجذر: عرض
الفصحى: فُضولي / متدخل
المعنى: وصف للشخص الذي يتدخل في شؤون الآخرين وفيما لا يعنيه.
مثال: لا تقع متعرض في هرج الناس.
الوسوم: personality، social interaction، intrusive"
830,اَلْمَعْشَرَة,المعشرة,alm3shrh,عشر,Noun,object,الصينية الكبيرة,إناء كبير مسطح (صينية) يوضع عليه الطعام لتقديمه لعدد من الناس.,general,[],[],,قاموس اللهجة الحضرمية - فهد بن هلابي - ص 123,"[{""f"": ""قدموا العشاء في صينية كبيرة."", ""h"": ""قدموا العشاء في معشرة كبيرة.""}]",[],"[""kitchen"", ""daily life"", ""plate""]","الكلمة: اَلْمَعْشَرَة (المعشرة)
الجذر: عشر
الفصحى: الصينية الكبيرة
المعنى: إناء كبير مسطح (صينية) يوضع عليه الطعام لتقديمه لعدد من الناس.
مثال: قدموا العشاء في معشرة كبيرة.
الوسوم: kitchen، daily life، plate"
831,اَلْمَفْرِيَّة,المفرية,almfryh,فري,Noun,object,الرداء الأبيض,نوع من الملابس التقليدية، وهو رداء أو ثوب أبيض يلبس في المناسبات.,general,[],[],,قاموس اللهجة الحضرمية - فهد بن هلابي - ص 123,"[{""f"": ""ارتدى الرداء الأبيض وذهب إلى المسجد."", ""h"": ""لبس المفرية وراح للمسجد.""}]",[],"[""clothing"", ""men"", ""white""]","الكلمة: اَلْمَفْرِيَّة (المفرية)
الجذر: فري
الفصحى: الرداء الأبيض
المعنى: نوع من الملابس التقليدية، وهو رداء أو ثوب أبيض يلبس في المناسبات.
مثال: لبس المفرية وراح للمسجد.
الوسوم: clothing، men، white"
832,اَلْمِسْبَتْ,المسبت,almsbt,سبت,Noun,object,نطاق الرصاص,حزام من الجلد يلبس حول الخصر لوضع الرصاص فيه، وهو من ملابس الزينة والقوة قديماً.,general,[],[],,قاموس اللهجة الحضرمية - فهد بن هلابي - ص 123,"[{""f"": ""ربط حزام الرصاص فوق ثوبه وتأهب."", ""h"": ""شد المسبت فوق ثوبه واستعد.""}]",[],"[""clothing"", ""men"", ""history""]","الكلمة: اَلْمِسْبَتْ (المسبت)
الجذر: سبت
الفصحى: نطاق الرصاص
المعنى: حزام من الجلد يلبس حول الخصر لوضع الرصاص فيه، وهو من ملابس الزينة والقوة قديماً.
مثال: شد المسبت فوق ثوبه واستعد.
الوسوم: clothing، men، history"
833,مهَلِّلْ,مهلل,mhll,هلل,Adjective/Verb,descriptor,الذاكر لله,الشخص الذي يكثر من قول 'لا إله إلا الله'، وتستخدم أحياناً لوصف الشخص في حالة روحانية.,general,[],[],,قاموس اللهجة الحضرمية - فهد بن هلابي - ص 123,"[{""f"": ""سمعته وهو يذكر الله (يهلل) طوال الطريق."", ""h"": ""سمعته وهو يهلل طول الطريق.""}]",[],"[""social customs"", ""religion"", ""memory""]","الكلمة: مهَلِّلْ (مهلل)
الجذر: هلل
الفصحى: الذاكر لله
المعنى: الشخص الذي يكثر من قول 'لا إله إلا الله'، وتستخدم أحياناً لوصف الشخص في حالة روحانية.
مثال: سمعته وهو يهلل طول الطريق.
الوسوم: social customs، religion، memory"
834,مَبْهُورَة,مبهورة,mbhwrh,بهر,Adjective,descriptor,مريضة / مصابة بضيق تنفس,تطلق على المرأة التي تعاني من النهيج أو ضيق التنفس نتيجة تعب أو مرض صدري.,general,[],[],تستخدم غالباً لوصف الحالة البدنية الناتجة عن الإرهاق الشديد. بضم الهاء,قاموس اللهجة الحضرمية - فهد بن هلابي - ص 123,"[{""f"": ""الجدة اليوم تعاني من ضيق تنفس، لم تستطع صعود الدرج."", ""h"": ""الحبابه اليوم مبهورة، ما قدرت تطلع الدرج.""}, {""f"": ""لماذا تبدين متعبة ومنقطعة الأنفاس هكذا؟ هل هناك مكروه؟"", ""h"": ""ليش وجهش مبهور هكذا؟ عسى ما شر؟""}]",[],"[""health"", ""daily life"", ""breathing""]","الكلمة: مَبْهُورَة (مبهورة)
الجذر: بهر
الفصحى: مريضة / مصابة بضيق تنفس
المعنى: تطلق على المرأة التي تعاني من النهيج أو ضيق التنفس نتيجة تعب أو مرض صدري.
مثال: الحبابه اليوم مبهورة، ما قدرت تطلع الدرج.
الوسوم: health، daily life، breathing
ملاحظة: تستخدم غالباً لوصف الحالة البدنية الناتجة عن الإرهاق الشديد. بضم الهاء"
835,اَلْمَدَاحِقْ,المداحق,almdaHq,دحق,Noun,object,الأحذية,اسم عام يطلق على الأحذية، واشتقاقها من 'دحق' أي وطأ أو دعس الأرض.,general,[],[],كلمة تراثية لا تزال تستخدم في المناطق الريفية بكثرة.,قاموس اللهجة الحضرمية - فهد بن هلابي - ص 123,"[{""f"": ""اترك حذائك عند الباب ولا تطأ بها فوق السجادة."", ""h"": ""خل مداحقك عند السدة ولا تدحق بها فوق المفرشة.""}, {""f"": ""اشتريت أحذية جديدة للعيد."", ""h"": ""اشتريت مداحق جديدة للعيد.""}]",[],"[""clothing"", ""daily life"", ""shoes""]","الكلمة: اَلْمَدَاحِقْ (المداحق)
الجذر: دحق
الفصحى: الأحذية
المعنى: اسم عام يطلق على الأحذية، واشتقاقها من 'دحق' أي وطأ أو دعس الأرض.
مثال: خل مداحقك عند السدة ولا تدحق بها فوق المفرشة.
الوسوم: clothing، daily life، shoes
ملاحظة: كلمة تراثية لا تزال تستخدم في المناطق الريفية بكثرة."
836,مَنْتَرَة,منتره,mntrh,نتر,Noun,object,المنحدر / المزلقة,المكان المنحدر الذي ينزلق منه الشخص أو الشيء.,general,[],[],تستخدم لوصف التضاريس الجبلية أو الأماكن المائلة في البيوت القديمة.,قاموس اللهجة الحضرمية - فهد بن هلابي - ص 123,"[{""f"": ""احذر وأنت تسير في المنحدر، الأرض زلقة."", ""h"": ""انتبه وأنت تمشي في المنترة، الأرض تزلج.""}]",[],"[""nature"", ""daily life"", ""slope""]","الكلمة: مَنْتَرَة (منتره)
الجذر: نتر
الفصحى: المنحدر / المزلقة
المعنى: المكان المنحدر الذي ينزلق منه الشخص أو الشيء.
مثال: انتبه وأنت تمشي في المنترة، الأرض تزلج.
الوسوم: nature، daily life، slope
ملاحظة: تستخدم لوصف التضاريس الجبلية أو الأماكن المائلة في البيوت القديمة."
837,مَنّ,من,mn,منن,Noun,object,وحدة وزن (أمنان),مقياس وزن تقليدي قديم، والجمع أمنان وأمنية، ويساوي تقريباً 28 رطلاً.,general,[],[],كان يستخدم قديماً في وزن التمور والحبوب.,قاموس اللهجة الحضرمية - فهد بن هلابي - ص 123,"[{""f"": ""بعنا خمسة 'أمنان' (وحدات وزن) من تمر منطقة الجزع."", ""h"": ""بعنا خمسة أمنان من تمر الجزع.""}]",[],"[""weights"", ""trade"", ""history"", ""weight""]","الكلمة: مَنّ (من)
الجذر: منن
الفصحى: وحدة وزن (أمنان)
المعنى: مقياس وزن تقليدي قديم، والجمع أمنان وأمنية، ويساوي تقريباً 28 رطلاً.
مثال: بعنا خمسة أمنان من تمر الجزع.
الوسوم: weights، trade، history، weight
ملاحظة: كان يستخدم قديماً في وزن التمور والحبوب."
838,مَبَاصِرْ,مباصر,mbaSr,بصر,Noun,object,نظارات,النظارات الطبية أو الشمسية، وتسمية مشتقة من البصر.,general,[],[],مصطلح شائع جداً عند كبار السن في حضرموت.,قاموس اللهجة الحضرمية - فهد بن هلابي - ص 123,"[{""f"": ""نسيت نظاراتي في البيت، لم أعد أرى الكتابة."", ""h"": ""نسيت مباصري في البيت، ما عاد ريت الكتابة.""}]",[],"[""daily life"", ""tools"", ""glasses""]","الكلمة: مَبَاصِرْ (مباصر)
الجذر: بصر
الفصحى: نظارات
المعنى: النظارات الطبية أو الشمسية، وتسمية مشتقة من البصر.
مثال: نسيت مباصري في البيت، ما عاد ريت الكتابة.
الوسوم: daily life، tools، glasses
ملاحظة: مصطلح شائع جداً عند كبار السن في حضرموت."
839,مَرْيَكُوزْ,مريكوز,mrykwz,ركز,Noun,object,رقصة بدوية,نوع من أنواع الرقص الشعبي المحبب لدى أهل البادية في حضرموت.,badiyah,[],[],تتميز بإيقاع خاص وحركات رشيقة.,قاموس اللهجة الحضرمية - فهد بن هلابي - ص 123,"[{""f"": ""البدو الليلة يقيمون زاملاً ورقصة 'المريكوز' التي تبهج النفس."", ""h"": ""البدو الليلة مسويين زامل ومريكوز يشرح البال.""}]",[],"[""arts"", ""social customs"", ""dance""]","الكلمة: مَرْيَكُوزْ (مريكوز)
الجذر: ركز
الفصحى: رقصة بدوية
المعنى: نوع من أنواع الرقص الشعبي المحبب لدى أهل البادية في حضرموت.
مثال: البدو الليلة مسويين زامل ومريكوز يشرح البال.
الوسوم: arts، social customs، dance
ملاحظة: تتميز بإيقاع خاص وحركات رشيقة."
840,محقُبْ,محقب,mHqb,حقب,Noun,object,وعاء البن,وعاء حافظ ومجوف، غالباً ما يكون مصنوعاً من خشب أو جلد، يوضع فيه حبوب البن.,general,[],[],يرتبط بتقاليد القهوة الحضرمية.,قاموس اللهجة الحضرمية - فهد بن هلابي - ص 124,"[{""f"": ""أحضر وعاء البن، سنصنع قهوة عربية للضيوف."", ""h"": ""هات المحقب، بنسوي قهوة مرة للضيوف.""}]",[],"[""tools"", ""kitchen"", ""coffee""]","الكلمة: محقُبْ (محقب)
الجذر: حقب
الفصحى: وعاء البن
المعنى: وعاء حافظ ومجوف، غالباً ما يكون مصنوعاً من خشب أو جلد، يوضع فيه حبوب البن.
مثال: هات المحقب، بنسوي قهوة مرة للضيوف.
الوسوم: tools، kitchen، coffee
ملاحظة: يرتبط بتقاليد القهوة الحضرمية."
841,مُخَيْلَة,مخيله,mkhylh,خيل,Noun,time,تباشير المطر,بداية ظهور السحب المبشرة بالمطر، والمخاييلة هي الغيوث القادمة.,general,[],[],تستخدم للتفاؤل بقدوم الخير والمطر. بكسر الباء,قاموس اللهجة الحضرمية - فهد بن هلابي - ص 124,"[{""f"": ""السماء فيها علامات مطر قوية، يبدو أن السيل سيأتي اليوم."", ""h"": ""السماء فيها مخيلة قوية، الظاهر السيل بيجي اليوم.""}]",[],"[""nature"", ""weather"", ""rain""]","الكلمة: مُخَيْلَة (مخيله)
الجذر: خيل
الفصحى: تباشير المطر
المعنى: بداية ظهور السحب المبشرة بالمطر، والمخاييلة هي الغيوث القادمة.
مثال: السماء فيها مخيلة قوية، الظاهر السيل بيجي اليوم.
الوسوم: nature، weather، rain
ملاحظة: تستخدم للتفاؤل بقدوم الخير والمطر. بكسر الباء"
842,اَلْمَرْدَمْ,المردم,almrdm,ردم,Noun,object,عتبة الباب العلوية,الخشبة العرضية التي تشكل الإطار العلوي للباب.,general,[],[],عنصر أساسي في العمارة الطينية الحضرمية.,قاموس اللهجة الحضرمية - فهد بن هلابي - ص 124,"[{""f"": ""الباب طويل، حتى عتبته العلوية مزخرفة بنقوش قديمة."", ""h"": ""الباب طويل، حتى المردم حقه مزخرف بنقش قديم.""}]",[],"[""architecture"", ""daily life"", ""door""]","الكلمة: اَلْمَرْدَمْ (المردم)
الجذر: ردم
الفصحى: عتبة الباب العلوية
المعنى: الخشبة العرضية التي تشكل الإطار العلوي للباب.
مثال: الباب طويل، حتى المردم حقه مزخرف بنقش قديم.
الوسوم: architecture، daily life، door
ملاحظة: عنصر أساسي في العمارة الطينية الحضرمية."
843,مُعَزِّرْ,معزر,m3zr,عزر,Adjective,expression,سيء الخلق / منبوذ,وصف يطلق على الشخص كنوع من الإساءة والتهكم، ويقصد به الشخص الذي لا فائدة منه أو سيء الطباع.,general,[],[],كلمة تستخدم في المشاحنات اللفظية. بشد الزاء,قاموس اللهجة الحضرمية - فهد بن هلابي - ص 124,"[{""f"": ""اترك هذا الشخص السيء، لن يأتي منه خير."", ""h"": ""خله ذا المعزر، ما بيجي منه خير.""}]",[],"[""expressions"", ""social context"", ""bad""]","الكلمة: مُعَزِّرْ (معزر)
الجذر: عزر
الفصحى: سيء الخلق / منبوذ
المعنى: وصف يطلق على الشخص كنوع من الإساءة والتهكم، ويقصد به الشخص الذي لا فائدة منه أو سيء الطباع.
مثال: خله ذا المعزر، ما بيجي منه خير.
الوسوم: expressions، social context، bad
ملاحظة: كلمة تستخدم في المشاحنات اللفظية. بشد الزاء"
844,اَلْمِخْرَمْ,المخرم,almkhrm,خرم,Noun,object,أداة حرث يدوية,أداة زراعية حديدية لها عدة أسنان، تستخدم لتفكيك التربة وتهويتها قبل الزرع.,general,[],[],أداة يدوية لا غنى عنها في الحقول الصغيرة.,قاموس اللهجة الحضرمية - فهد بن هلابي - ص 124,"[{""f"": ""استخدم أداة الحرث في التربة لكي تمتص الأرض الماء."", ""h"": ""شغل المخرم في الطين عشان الأرض تشرب الماء.""}]",[],"[""agriculture"", ""tools"", ""hoe""]","الكلمة: اَلْمِخْرَمْ (المخرم)
الجذر: خرم
الفصحى: أداة حرث يدوية
المعنى: أداة زراعية حديدية لها عدة أسنان، تستخدم لتفكيك التربة وتهويتها قبل الزرع.
مثال: شغل المخرم في الطين عشان الأرض تشرب الماء.
الوسوم: agriculture، tools، hoe
ملاحظة: أداة يدوية لا غنى عنها في الحقول الصغيرة."
845,مَشْقَاصْ,مشقاص,mshqaS,شقص,Noun,place,المناطق الشرقية لحضرموت,اسم جغرافي يطلق على مناطق شرق حضرموت الساحلية والداخلية (مثل الشحر وما بعدها).,general,[],[],يرتبط بلهجة خاصة وعادات تميز أهل المشقاص.,قاموس اللهجة الحضرمية - فهد بن هلابي - ص 124,"[{""f"": ""فلان ذهب إلى المناطق الشرقية ليشتري سمكاً مجففاً."", ""h"": ""فلان راح المشقاص يشتري سمك يابس.""}]",[],"[""geography"", ""history"", ""east""]","الكلمة: مَشْقَاصْ (مشقاص)
الجذر: شقص
الفصحى: المناطق الشرقية لحضرموت
المعنى: اسم جغرافي يطلق على مناطق شرق حضرموت الساحلية والداخلية (مثل الشحر وما بعدها).
مثال: فلان راح المشقاص يشتري سمك يابس.
الوسوم: geography، history، east
ملاحظة: يرتبط بلهجة خاصة وعادات تميز أهل المشقاص."
846,مَضْبِي,مضبي,mDby,ضبي,Noun,object,لحم مشوي على الحجر,طريقة حضرمية شهيرة لطبخ اللحم بشيه فوق أحجار صوان ساخنة.,general,[],[],من أشهر الوجبات العالمية ذات الأصل الحضرمي.,قاموس اللهجة الحضرمية - فهد بن هلابي - ص 124,"[{""f"": ""العشاء الليلة لحم تيس بلدي مشوي على الحجر."", ""h"": ""العشاء الليلة مضبي تيس بلدي.""}]",[],"[""food"", ""daily life"", ""meat"", ""cooking""]","الكلمة: مَضْبِي (مضبي)
الجذر: ضبي
الفصحى: لحم مشوي على الحجر
المعنى: طريقة حضرمية شهيرة لطبخ اللحم بشيه فوق أحجار صوان ساخنة.
مثال: العشاء الليلة مضبي تيس بلدي.
الوسوم: food، daily life، meat، cooking
ملاحظة: من أشهر الوجبات العالمية ذات الأصل الحضرمي."
847,مَرْزُومْ,مرزوم,mrzwm,رزم,Adjective,descriptor,تمر مكنوز / معجون,وصف يطلق على التمر الذي يتم ضغطه وحفظه في أوعية حتى يصبح كتلة واحدة (عجينة).,general,[],[],طريقة تقليدية لحفظ التمر لفترات طويلة.,قاموس اللهجة الحضرمية - فهد بن هلابي - ص 124,"[{""f"": ""أحضر لنا طبق تمر مكنوز مع القهوة."", ""h"": ""هات لنا صحن تمر مرزوم مع القهوة.""}]",[],"[""food"", ""agriculture""]","الكلمة: مَرْزُومْ (مرزوم)
الجذر: رزم
الفصحى: تمر مكنوز / معجون
المعنى: وصف يطلق على التمر الذي يتم ضغطه وحفظه في أوعية حتى يصبح كتلة واحدة (عجينة).
مثال: هات لنا صحن تمر مرزوم مع القهوة.
الوسوم: food، agriculture
ملاحظة: طريقة تقليدية لحفظ التمر لفترات طويلة."
848,اَلْمَجَرّ,المجر,almjr,جرر,Noun,object,حبل فتح الباب,حبل صغير يتدلى من فتحة في سدة البيت (الباب الكبير) لفتحه من الخارج عن طريق سحبه.,general,[],[],نظام أمان وفتح تقليدي في البيوت القديمة.,قاموس اللهجة الحضرمية - فهد بن هلابي - ص 124,"[{""f"": ""اسحب الحبل وافتح الباب الكبير لوالدك."", ""h"": ""اسحب المجر وافتح السدة لأبوك.""}]",[],"[""architecture"", ""tools"", ""door""]","الكلمة: اَلْمَجَرّ (المجر)
الجذر: جرر
الفصحى: حبل فتح الباب
المعنى: حبل صغير يتدلى من فتحة في سدة البيت (الباب الكبير) لفتحه من الخارج عن طريق سحبه.
مثال: اسحب المجر وافتح السدة لأبوك.
الوسوم: architecture، tools، door
ملاحظة: نظام أمان وفتح تقليدي في البيوت القديمة."
849,مَغْطَلْ,مغطل,mghTl,غطل,Noun,object,الطين السائل,الطين المشبع بالماء جداً، يستخدم في الزراعة لسد الفتحات أو تثبيت قطب الأرض.,general,[],[],يستخدم بكثرة أثناء ري الأراضي الزراعية.,قاموس اللهجة الحضرمية - فهد بن هلابي - ص 125,"[{""f"": ""يا بني، ضع الطين السائل جيداً لكي لا يتسرب الماء."", ""h"": ""يا ولد، غطل الطين زين عشان ما يهرب الماء.""}]",[],"[""agriculture"", ""daily life"", ""seed""]","الكلمة: مَغْطَلْ (مغطل)
الجذر: غطل
الفصحى: الطين السائل
المعنى: الطين المشبع بالماء جداً، يستخدم في الزراعة لسد الفتحات أو تثبيت قطب الأرض.
مثال: يا ولد، غطل الطين زين عشان ما يهرب الماء.
الوسوم: agriculture، daily life، seed
ملاحظة: يستخدم بكثرة أثناء ري الأراضي الزراعية."
850,مِدْفَنّ,مدفن,mdfn,دفن,Noun,object,أداة بذر الذرة,أداة خشبية أو حديدية تستخدم لدفن بذور الذرة في الطين بعد وضعها في التربة.,general,[],[],مرتبطة بموسم الزرع.,قاموس اللهجة الحضرمية - فهد بن هلابي - ص 125,"[{""f"": ""اليوم هو يوم البذر، كل شخص يمسك بأداته لدفن البذور."", ""h"": ""اليوم يوم الزرع، كل واحد يمسك مدفنه.""}]",[],"[""agriculture"", ""tools"", ""seed""]","الكلمة: مِدْفَنّ (مدفن)
الجذر: دفن
الفصحى: أداة بذر الذرة
المعنى: أداة خشبية أو حديدية تستخدم لدفن بذور الذرة في الطين بعد وضعها في التربة.
مثال: اليوم يوم الزرع، كل واحد يمسك مدفنه.
الوسوم: agriculture، tools، seed
ملاحظة: مرتبطة بموسم الزرع."
851,مَزَّازْ,مزاز,mzaz,مزز,Noun,object,أنبوب التدخين / المداعة,أنبوب يستخدم في تدخين التبغ (المداعة)، وأحياناً تطلق على نوع من السمسم (الجلجل).,general,[],[],في سياق آخر تطلق على سمسم معين يتميز بجودته.,قاموس اللهجة الحضرمية - فهد بن هلابي - ص 125,"[{""f"": ""الرجل الكبير جالس يسحب أنبوب المداعة طوال فترة العصر."", ""h"": ""شيبه قاعد يمرر المزاز حق المداعة طول العصر.""}]",[],"[""daily life"", ""agriculture"", ""pipe""]","الكلمة: مَزَّازْ (مزاز)
الجذر: مزز
الفصحى: أنبوب التدخين / المداعة
المعنى: أنبوب يستخدم في تدخين التبغ (المداعة)، وأحياناً تطلق على نوع من السمسم (الجلجل).
مثال: شيبه قاعد يمرر المزاز حق المداعة طول العصر.
الوسوم: daily life، agriculture، pipe
ملاحظة: في سياق آخر تطلق على سمسم معين يتميز بجودته."
852,مِطْرَاقْ,مطراق,mTraq,طرق,Noun,place,زقاق / شارع ضيق,درب أو شارع صغير وضيق بين البيوت.,general,[],[],تجمع على مطاريق.,قاموس اللهجة الحضرمية - فهد بن هلابي - ص 125,"[{""f"": ""منزلنا يقع في ذلك الزقاق الضيق."", ""h"": ""بيتنا في ذاك المطراق الضيق.""}]",[],"[""architecture"", ""geography"", ""street""]","الكلمة: مِطْرَاقْ (مطراق)
الجذر: طرق
الفصحى: زقاق / شارع ضيق
المعنى: درب أو شارع صغير وضيق بين البيوت.
مثال: بيتنا في ذاك المطراق الضيق.
الوسوم: architecture، geography، street
ملاحظة: تجمع على مطاريق."
853,مَجْعُوثْ,مجعوث,mj3wth,جعث,Adjective,expression,فوضوي / غير مرتب,وصف للشيء المبعثر أو الشخص غير المهتم بهندامه وترتيب أشيائه.,general,[],[],كلمة دارجة جداً لوصف الفوضى.,قاموس اللهجة الحضرمية - فهد بن هلابي - ص 125,"[{""f"": ""لماذا غرفتك فوضوية هكذا؟ رتب ملابسك."", ""h"": ""ليش غرفتك مجعوثة هكذا؟ رتب ثيابك.""}]",[],"[""daily life"", ""expressions"", ""messy""]","الكلمة: مَجْعُوثْ (مجعوث)
الجذر: جعث
الفصحى: فوضوي / غير مرتب
المعنى: وصف للشيء المبعثر أو الشخص غير المهتم بهندامه وترتيب أشيائه.
مثال: ليش غرفتك مجعوثة هكذا؟ رتب ثيابك.
الوسوم: daily life، expressions، messy
ملاحظة: كلمة دارجة جداً لوصف الفوضى."
854,اَلْمَخْدُورْ,المخدور,almkhdwr,خدر,Adjective,descriptor,المثقوب,الشيء الذي به ثقب أو خرم، سواء كان ثوباً أو إناءً.,general,[],[],تستخدم في وصف الأدوات التالفة.,قاموس اللهجة الحضرمية - فهد بن هلابي - ص 125,"[{""f"": ""هذا الإناء مثقوب، لا يحفظ الماء."", ""h"": ""ذا الماعون مخدور، ما يحفظ الماء.""}]",[],"[""daily life"", ""tools"", ""hole"", ""broken""]","الكلمة: اَلْمَخْدُورْ (المخدور)
الجذر: خدر
الفصحى: المثقوب
المعنى: الشيء الذي به ثقب أو خرم، سواء كان ثوباً أو إناءً.
مثال: ذا الماعون مخدور، ما يحفظ الماء.
الوسوم: daily life، tools، hole، broken
ملاحظة: تستخدم في وصف الأدوات التالفة."
855,اَلْمِرعَادْ,المرعاد,almr3ad,رعد,Noun,object,العرجون اللين,غصن أو عرجون النخلة عندما يكون ليناً ومرناً، ويتحرك (يرتعد) مع الريح.,general,[],[],وصف مادي يعبر عن المرونة. بكسر الراء والميم,قاموس اللهجة الحضرمية - فهد بن هلابي - ص 125,"[{""f"": ""هذا الغصن اللين يصلح لنصنع منه لعبة للأطفال."", ""h"": ""المرعاد ذا يصلح نسوي منه لعبة للجهال.""}]",[],"[""nature"", ""agriculture"", ""tree""]","الكلمة: اَلْمِرعَادْ (المرعاد)
الجذر: رعد
الفصحى: العرجون اللين
المعنى: غصن أو عرجون النخلة عندما يكون ليناً ومرناً، ويتحرك (يرتعد) مع الريح.
مثال: المرعاد ذا يصلح نسوي منه لعبة للجهال.
الوسوم: nature، agriculture، tree
ملاحظة: وصف مادي يعبر عن المرونة. بكسر الراء والميم"
856,اَلْمِيْرَافْ,الميراف,almyraf,يرف,Noun,object,صنف من التمور,نوع ممتاز من التمر الحضرمي، يتميز بكبر حجم التمرة ولونها الضارب للحمرة.,general,[],[],يعتبر من التمور الفاخرة في المنطقة.,قاموس اللهجة الحضرمية - فهد بن هلابي - ص 126,"[{""f"": ""أفضل أنواع التمور هذا العام هي صنف 'الميراف'."", ""h"": ""أحسن تمور ذي السنة هي الميراف.""}]",[],"[""agriculture"", ""food""]","الكلمة: اَلْمِيْرَافْ (الميراف)
الجذر: يرف
الفصحى: صنف من التمور
المعنى: نوع ممتاز من التمر الحضرمي، يتميز بكبر حجم التمرة ولونها الضارب للحمرة.
مثال: أحسن تمور ذي السنة هي الميراف.
الوسوم: agriculture، food
ملاحظة: يعتبر من التمور الفاخرة في المنطقة."
857,اَلْمَطَالِيبْ,المطاليب,almTalyb,طلب,Noun,object,المدعوون للوليمة,الأشخاص الذين تمت دعوتهم لحضور مناسبة أو عقد قران أو وليمة.,general,[],[],تستخدم في سياق المناسبات الاجتماعية.,قاموس اللهجة الحضرمية - فهد بن هلابي - ص 126,"[{""f"": ""المدعوون كلهم وصلوا، ابدأوا بتقديم العشاء."", ""h"": ""المطاليب كلهم حضروا، ابدأوا بغرف العشاء.""}]",[],"[""social customs"", ""daily life"", ""invitation""]","الكلمة: اَلْمَطَالِيبْ (المطاليب)
الجذر: طلب
الفصحى: المدعوون للوليمة
المعنى: الأشخاص الذين تمت دعوتهم لحضور مناسبة أو عقد قران أو وليمة.
مثال: المطاليب كلهم حضروا، ابدأوا بغرف العشاء.
الوسوم: social customs، daily life، invitation
ملاحظة: تستخدم في سياق المناسبات الاجتماعية."
858,اَلْمَسْيَالْ,المسيال,almsyal,سيل,Noun,place,مجرى السيل,البطحاء أو المجرى الواسع الذي يتدفق فيه سيل الأودية.,general,[],[],يرتبط بمثل شعبي.,قاموس اللهجة الحضرمية - فهد بن هلابي - ص 126,"[{""f"": ""لا توقف سيارتك في مجرى السيل، المطر قادم."", ""h"": ""لا توقف سيارتك في المسيال، المطر جاي.""}]","[""بعير انكسر في المسيال""]","[""nature"", ""geography""]","الكلمة: اَلْمَسْيَالْ (المسيال)
الجذر: سيل
الفصحى: مجرى السيل
المعنى: البطحاء أو المجرى الواسع الذي يتدفق فيه سيل الأودية.
مثال: لا توقف سيارتك في المسيال، المطر جاي.
الوسوم: nature، geography
ملاحظة: يرتبط بمثل شعبي."
859,مَوْتَرْ,موتر,mwtr,موتر,Noun,object,سيارة,السيارة، وهي كلمة مأخوذة من الإنجليزية (Motor).,general,[],[],تجمع على مواتر، وهي شائعة جداً.,قاموس اللهجة الحضرمية - فهد بن هلابي - ص 126,"[{""f"": ""هل أصلحت سيارتك أم أنها لا تزال معطلة؟"", ""h"": ""صلحت موترك ولا عاده خربان؟""}]",[],"[""daily life"", ""transport""]","الكلمة: مَوْتَرْ (موتر)
الجذر: موتر
الفصحى: سيارة
المعنى: السيارة، وهي كلمة مأخوذة من الإنجليزية (Motor).
مثال: صلحت موترك ولا عاده خربان؟
الوسوم: daily life، transport
ملاحظة: تجمع على مواتر، وهي شائعة جداً."
860,اَلْمِزْحَاة,المزحاة,almzHah,زحي,Noun,object,أداة إزاحة الطين (المسحاة),أداة زراعية حديدية مسطحة تستخدم لإزاحة الطين وتنظيف قنوات الري (السواقي).,general,[],[],تختلف عن (المنكاش) في أنها تستخدم للجرف والإزاحة.,قاموس اللهجة الحضرمية - فهد بن هلابي - ص 126,"[{""f"": ""هذه الأداة قوية، تنظف قناة الري في ساعة واحدة."", ""h"": ""المزحاة ذي قوية، تصفي الساقية في ساعة.""}]",[],"[""agriculture"", ""tools"", ""dirt""]","الكلمة: اَلْمِزْحَاة (المزحاة)
الجذر: زحي
الفصحى: أداة إزاحة الطين (المسحاة)
المعنى: أداة زراعية حديدية مسطحة تستخدم لإزاحة الطين وتنظيف قنوات الري (السواقي).
مثال: المزحاة ذي قوية، تصفي الساقية في ساعة.
الوسوم: agriculture، tools، dirt
ملاحظة: تختلف عن (المنكاش) في أنها تستخدم للجرف والإزاحة."
861,اَلْمَنْكِي,المنكي,almnky,نكي,Noun,object,مصرّف مائي حجري,بناء حجري هندسي يبنى في قنوات الري أو الأودية الفرعية لتقليل ضغط الماء وصرفه بانتظام لعدم فيضان الساقية.,general,[],[],يعبر عن ذكاء الهندسة الريفية في حضرموت.,قاموس اللهجة الحضرمية - فهد بن هلابي - ص 126,"[{""f"": ""المصرف الحجري تحطم بسبب قوة السيل ليلة أمس."", ""h"": ""المنكي انكسر من قوة السيل البارح.""}]",[],"[""architecture"", ""agriculture"", ""water""]","الكلمة: اَلْمَنْكِي (المنكي)
الجذر: نكي
الفصحى: مصرّف مائي حجري
المعنى: بناء حجري هندسي يبنى في قنوات الري أو الأودية الفرعية لتقليل ضغط الماء وصرفه بانتظام لعدم فيضان الساقية.
مثال: المنكي انكسر من قوة السيل البارح.
الوسوم: architecture، agriculture، water
ملاحظة: يعبر عن ذكاء الهندسة الريفية في حضرموت."
862,مِسْوَاكْ,مسواك,mswak,سوك,Noun,object,شجر الأراك,شجر الأراك، وهو شجر كبير ظليل له رائحة طيبة، وتستخدم جذوره لتنظيف الأسنان.,general,[],[],ينمو بكثرة في بطون الأودية الحضرمية.,قاموس اللهجة الحضرمية - فهد بن هلابي - ص 126,"[{""f"": ""وادِينا مليء بشجر الأراك الأخضر."", ""h"": ""وادينا مليان مسواك أخضر.""}]","[""""]","[""nature"", ""health"", ""tree""]","الكلمة: مِسْوَاكْ (مسواك)
الجذر: سوك
الفصحى: شجر الأراك
المعنى: شجر الأراك، وهو شجر كبير ظليل له رائحة طيبة، وتستخدم جذوره لتنظيف الأسنان.
مثال: وادينا مليان مسواك أخضر.
الوسوم: nature، health، tree
ملاحظة: ينمو بكثرة في بطون الأودية الحضرمية."
863,مَصْرَى,مصرى,mSra,صري,Noun,object,مكيال (14 أوقية),وحدة قياس سعة حضرمية للحبوب، والجمع مصاري، والمصرى الواحد يساوي 14 أوقية.,general,[],[],لا يزال يستخدم في أسواق الحبوب التقليدية. بضم الميم,قاموس اللهجة الحضرمية - فهد بن هلابي - ص 126,"[{""f"": ""اشتريت مكيالين من القمح من السوق."", ""h"": ""اشتريت مصرتين بر من السوق.""}]",[],"[""weights"", ""trade""]","الكلمة: مَصْرَى (مصرى)
الجذر: صري
الفصحى: مكيال (14 أوقية)
المعنى: وحدة قياس سعة حضرمية للحبوب، والجمع مصاري، والمصرى الواحد يساوي 14 أوقية.
مثال: اشتريت مصرتين بر من السوق.
الوسوم: weights، trade
ملاحظة: لا يزال يستخدم في أسواق الحبوب التقليدية. بضم الميم"
864,مَاعُونْ,ماعون,ma3wn,معن,Noun,object,إناء / أدوات منزلية,اسم يطلق على الأواني المنزلية (قدور، صحون، أكواب)، والجمع مواعين.,general,[],[],كلمة عربية فصحى شائعة في الاستخدام الدارج.,قاموس اللهجة الحضرمية - فهد بن هلابي - ص 127,"[{""f"": ""يا ابنتي اغسلي الأواني بعد الغداء."", ""h"": ""يا بنتي اغسلي المواعين بعد الغداء.""}]",[],"[""kitchen"", ""daily life""]","الكلمة: مَاعُونْ (ماعون)
الجذر: معن
الفصحى: إناء / أدوات منزلية
المعنى: اسم يطلق على الأواني المنزلية (قدور، صحون، أكواب)، والجمع مواعين.
مثال: يا بنتي اغسلي المواعين بعد الغداء.
الوسوم: kitchen، daily life
ملاحظة: كلمة عربية فصحى شائعة في الاستخدام الدارج."
865,مِكْيَالْ,مكيال,mkyal,كيل,Noun,object,وحدة قياس كبرى,وحدة قياس سعة للغلال، وتختلف قيمته (في الغرب يساوي 8 مصاري، وفي الشرق يساوي 10 مصاري).,general,[],[],يعكس التنوع في وحدات القياس بين مناطق حضرموت.,قاموس اللهجة الحضرمية - فهد بن هلابي - ص 127,"[{""f"": ""كم مكيالاً من الذرة حصدتم هذا العام؟"", ""h"": ""كم مكيال ذرة حصدتوا السنة؟""}]",[],"[""weights"", ""agriculture"", ""seed""]","الكلمة: مِكْيَالْ (مكيال)
الجذر: كيل
الفصحى: وحدة قياس كبرى
المعنى: وحدة قياس سعة للغلال، وتختلف قيمته (في الغرب يساوي 8 مصاري، وفي الشرق يساوي 10 مصاري).
مثال: كم مكيال ذرة حصدتوا السنة؟
الوسوم: weights، agriculture، seed
ملاحظة: يعكس التنوع في وحدات القياس بين مناطق حضرموت."
866,اَلْمُدّ,المد,almd,مدد,Noun,object,مقياس للحبوب,مقياس خشبي تقليدي يستخدم لوزن القمح (البر) وغيره من الحبوب.,general,[],[],يرتبط بالزكاة والكفارات في العرف الاجتماعي.,قاموس اللهجة الحضرمية - فهد بن هلابي - ص 127,"[{""f"": ""هذا المد يخص جدي، وهو قديم ومعروف."", ""h"": ""المد ذا حق جدي، قديم ومعروف.""}]",[],"[""weights"", ""agriculture"", ""seed""]","الكلمة: اَلْمُدّ (المد)
الجذر: مدد
الفصحى: مقياس للحبوب
المعنى: مقياس خشبي تقليدي يستخدم لوزن القمح (البر) وغيره من الحبوب.
مثال: المد ذا حق جدي، قديم ومعروف.
الوسوم: weights، agriculture، seed
ملاحظة: يرتبط بالزكاة والكفارات في العرف الاجتماعي."
867,اَلْمَاهِي,الماهي,almahy,مهي,Noun,object,أداة تسوية الأرض,أداة خشبية عريضة تنتهي بحبال، يمسكها شخصان لتسوية التربة بعد حرثها.,general,[],[],تتطلب تعاوناً بين شخصين لاستخدامها.,قاموس اللهجة الحضرمية - فهد بن هلابي - ص 127,"[{""f"": ""تعال ساعدنا في الماهي نصلح القطعة."", ""h"": ""تعال ساعدنا في الماهي نعرب القطعة.""}]","[""""]","[""agriculture"", ""tools"", ""field""]","الكلمة: اَلْمَاهِي (الماهي)
الجذر: مهي
الفصحى: أداة تسوية الأرض
المعنى: أداة خشبية عريضة تنتهي بحبال، يمسكها شخصان لتسوية التربة بعد حرثها.
مثال: تعال ساعدنا في الماهي نعرب القطعة.
الوسوم: agriculture، tools، field
ملاحظة: تتطلب تعاوناً بين شخصين لاستخدامها."
868,اَلْمِيلْ,الميل,almyl,ميل,Noun,object,مصباح النيون,يطلق الحضارم اسم 'الميل' على مصابيح النيون الطويلة.,general,[],[],تسمية ناتجة عن تشابه شكل المصباح مع 'الميل' (المرود). بكسر الميم,قاموس اللهجة الحضرمية - فهد بن هلابي - ص 127,"[{""f"": ""مصباح الصالة انطفأ، يحتاج إلى تغيير."", ""h"": ""الميل حق الصالة طفي، يباله تغيير.""}]","[""""]","[""daily life"", ""tools"", ""light""]","الكلمة: اَلْمِيلْ (الميل)
الجذر: ميل
الفصحى: مصباح النيون
المعنى: يطلق الحضارم اسم 'الميل' على مصابيح النيون الطويلة.
مثال: الميل حق الصالة طفي، يباله تغيير.
الوسوم: daily life، tools، light
ملاحظة: تسمية ناتجة عن تشابه شكل المصباح مع 'الميل' (المرود). بكسر الميم"
869,اَلْمَدْمُونْ,المدمون,almdmwn,دمن,Adjective,descriptor,الماء العكر,الماء الذي اختلط بالطين أو التراب فأصبح غير صافٍ.,general,[],[],يستخدم غالباً لوصف ماء السيول في بدايتها. بضم الميم الثاني,قاموس اللهجة الحضرمية - فهد بن هلابي - ص 127,"[{""f"": ""لا نستطيع الشرب من البئر، ماؤها عكر اليوم."", ""h"": ""ما نقدر نشرب من البير، ماءها مدمون اليوم.""}]","[""""]","[""nature"", ""daily life"", ""water""]","الكلمة: اَلْمَدْمُونْ (المدمون)
الجذر: دمن
الفصحى: الماء العكر
المعنى: الماء الذي اختلط بالطين أو التراب فأصبح غير صافٍ.
مثال: ما نقدر نشرب من البير، ماءها مدمون اليوم.
الوسوم: nature، daily life، water
ملاحظة: يستخدم غالباً لوصف ماء السيول في بدايتها. بضم الميم الثاني"
870,اَلْمَقْلَعْ,المقلع,almql3,قلع,Noun,object,فسيلة النخل,شتلة أو فسيلة النخلة الصغيرة التي تُقطع من الأم لتُغرس في مكان آخر.,general,[],[],أساس عملية تكاثر النخيل.,قاموس اللهجة الحضرمية - فهد بن هلابي - ص 127,"[{""f"": ""غرسنا عشر فسائل نخل اليوم في المزرعة."", ""h"": ""غرسنا عشرة مقالع اليوم في البلاد.""}]","[""""]","[""agriculture"", ""nature"", ""tree""]","الكلمة: اَلْمَقْلَعْ (المقلع)
الجذر: قلع
الفصحى: فسيلة النخل
المعنى: شتلة أو فسيلة النخلة الصغيرة التي تُقطع من الأم لتُغرس في مكان آخر.
مثال: غرسنا عشرة مقالع اليوم في البلاد.
الوسوم: agriculture، nature، tree
ملاحظة: أساس عملية تكاثر النخيل."
871,مَنْشَلَة,منشله,mnshlh,نشل,Noun,object,المنخل / الغربال,أداة تستخدم لنخل الدقيق أو الحبوب لتصفيتها من الشوائب.,general,[],[],تجمع على مناشل.,قاموس اللهجة الحضرمية - فهد بن هلابي - ص 127,"[{""f"": ""انخلي الدقيق بالمنخل قبل عجنه."", ""h"": ""نشلي الطحين بالمنشلة قبل ما تعجنينه.""}]",[],"[""kitchen"", ""tools""]","الكلمة: مَنْشَلَة (منشله)
الجذر: نشل
الفصحى: المنخل / الغربال
المعنى: أداة تستخدم لنخل الدقيق أو الحبوب لتصفيتها من الشوائب.
مثال: نشلي الطحين بالمنشلة قبل ما تعجنينه.
الوسوم: kitchen، tools
ملاحظة: تجمع على مناشل."
872,مَقْطَبْ,مقطب,mqTb,قطب,Noun,object,الإزار الحضرمي,قطعة من القماش (حوالي 4 أذرع) يلفها الرجل حول خصره كإزار، وكان يصبغ قديماً بالنيل الأزرق.,general,[],[],اللباس التقليدي الأساسي للرجل الحضرمي.,قاموس اللهجة الحضرمية - فهد بن هلابي - ص 127,"[{""f"": ""اشترى إزاراً هندياً جديداً لصلاة الجمعة."", ""h"": ""اشترى مقطب هندي جديد لصلاة الجمعة.""}]",[],"[""clothing"", ""daily life""]","الكلمة: مَقْطَبْ (مقطب)
الجذر: قطب
الفصحى: الإزار الحضرمي
المعنى: قطعة من القماش (حوالي 4 أذرع) يلفها الرجل حول خصره كإزار، وكان يصبغ قديماً بالنيل الأزرق.
مثال: اشترى مقطب هندي جديد لصلاة الجمعة.
الوسوم: clothing، daily life
ملاحظة: اللباس التقليدي الأساسي للرجل الحضرمي."
873,مِنْسَفْ,منسف,mnsf,نسف,Noun,object,وعاء تنقية الحبوب,وعاء مسطح مصنوع من خوص النخل، يستخدم لنخل وتصفية البر أو الأرز من القشور والأتربة.,general,[],[],يختلف عن المنشلة في أنه يعتمد على 'النسف' (هز الوعاء في الهواء).,قاموس اللهجة الحضرمية - فهد بن هلابي - ص 128,"[{""f"": ""المرأة تقوم بتنقية الأرز بالوعاء الخوصي عند مدخل البيت."", ""h"": ""المرة قاعدة تنسف الرز بالمنسف عند السدة.""}]",[],"[""kitchen"", ""tools"", ""food""]","الكلمة: مِنْسَفْ (منسف)
الجذر: نسف
الفصحى: وعاء تنقية الحبوب
المعنى: وعاء مسطح مصنوع من خوص النخل، يستخدم لنخل وتصفية البر أو الأرز من القشور والأتربة.
مثال: المرة قاعدة تنسف الرز بالمنسف عند السدة.
الوسوم: kitchen، tools، food
ملاحظة: يختلف عن المنشلة في أنه يعتمد على 'النسف' (هز الوعاء في الهواء)."
874,اَلْمُطَيْرَه,المطيره,almTyrh,مطر,Noun,object,وحدة مساحة زراعية,قطعة أرض زراعية صغيرة، والجمع 'مُطَر' (بضم الميم والطاء)، وهي وحدة قياس للمساحة.,general,[],[],تساوي مساحتها ما بين 18 إلى 39 متراً مربعاً تقريباً. بضم الميم,قاموس اللهجة الحضرمية - فهد بن هلابي - ص 128,"[{""f"": ""روينا ثلاث قطع زراعية من الذرة اليوم."", ""h"": ""سقينا ثلاث مطر ذرة اليوم.""}]",[],"[""agriculture"", ""weights"", ""land""]","الكلمة: اَلْمُطَيْرَه (المطيره)
الجذر: مطر
الفصحى: وحدة مساحة زراعية
المعنى: قطعة أرض زراعية صغيرة، والجمع 'مُطَر' (بضم الميم والطاء)، وهي وحدة قياس للمساحة.
مثال: سقينا ثلاث مطر ذرة اليوم.
الوسوم: agriculture، weights، land
ملاحظة: تساوي مساحتها ما بين 18 إلى 39 متراً مربعاً تقريباً. بضم الميم"
875,اَلْمَدِينِي,المديني,almdyny,مدن,Noun,object,صنف تمر أسود,نوع من التمر يتميز بسواده الشديد وصغر حجمه، وبلحه يكون أحمر اللون.,general,[],[],,قاموس اللهجة الحضرمية - فهد بن هلابي - ص 128,"[{""f"": ""التمر المديني رغم صغر حجمه إلا أن طعمه حلو جداً."", ""h"": ""التمر المديني برغم صغره لكن طعمه حالي.""}]","[""إيش لك في المديني يا مشنق عيونك""]","[""agriculture"", ""food"", ""tree""]","الكلمة: اَلْمَدِينِي (المديني)
الجذر: مدن
الفصحى: صنف تمر أسود
المعنى: نوع من التمر يتميز بسواده الشديد وصغر حجمه، وبلحه يكون أحمر اللون.
مثال: التمر المديني برغم صغره لكن طعمه حالي.
الوسوم: agriculture، food، tree"
876,اَلْمَرِيَّة,المرية,almryh,مري,Noun,object,عقد ذهب أو فضة,قلادة أو عقد ترتديه المرأة للزينة، يصنع غالباً من الفضة أو الذهب.,general,[],[],من الحلي التقليدية القديمة في حضرموت. بشد الراء,قاموس اللهجة الحضرمية - فهد بن هلابي - ص 128,"[{""f"": ""العروس ترتدي قلادة فضية من التراث القديم."", ""h"": ""العروس لابسة مرية فضة من التراث القديم.""}]",[],"[""clothing"", ""social customs"", ""jewelry""]","الكلمة: اَلْمَرِيَّة (المرية)
الجذر: مري
الفصحى: عقد ذهب أو فضة
المعنى: قلادة أو عقد ترتديه المرأة للزينة، يصنع غالباً من الفضة أو الذهب.
مثال: العروس لابسة مرية فضة من التراث القديم.
الوسوم: clothing، social customs، jewelry
ملاحظة: من الحلي التقليدية القديمة في حضرموت. بشد الراء"
877,اَلْمُحَوِّلْ,المحول,almHwl,حول,Noun,time,منبئ السيل,الشخص الذي يراقب الأودية ويصيح بأعلى صوته أو يطلق النار لإنذار الناس بقرب وصول السيل.,general,[],[],وظيفة اجتماعية هامة لحماية الناس والمواشي من مباغتة السيل. بشد الواو,قاموس اللهجة الحضرمية - فهد بن هلابي - ص 128,"[{""f"": ""المنذر صاح من قمة الجبل: السيل قادم!"", ""h"": ""المحول صاح من فوق الجبل: السيل حدر!""}]",[],"[""nature"", ""social context"", ""weather""]","الكلمة: اَلْمُحَوِّلْ (المحول)
الجذر: حول
الفصحى: منبئ السيل
المعنى: الشخص الذي يراقب الأودية ويصيح بأعلى صوته أو يطلق النار لإنذار الناس بقرب وصول السيل.
مثال: المحول صاح من فوق الجبل: السيل حدر!
الوسوم: nature، social context، weather
ملاحظة: وظيفة اجتماعية هامة لحماية الناس والمواشي من مباغتة السيل. بشد الواو"
878,مَانِي,ماني,many,ماني,Expression,expression,لستُ / ما أنا,أداة نفي للمتكلم، وأصلها (ما أنا)، وتستخدم لنفي الفعل أو الصفة عن النفس.,general,[],[],تنطق بفتح الميم.,قاموس اللهجة الحضرمية - فهد بن هلابي - ص 128,"[{""f"": ""لستُ ذاهباً معكم اليوم، لدي عمل."", ""h"": ""ماني رايح معكم اليوم، معي شغل.""}, {""f"": ""قالوا إن فلاناً سرق، قلت لهم لستُ مصدقاً."", ""h"": ""قالوا فلان سرق، قلت لهم ماني مصدق.""}]",[],"[""expressions"", ""daily life"", ""negation""]","الكلمة: مَانِي (ماني)
الجذر: ماني
الفصحى: لستُ / ما أنا
المعنى: أداة نفي للمتكلم، وأصلها (ما أنا)، وتستخدم لنفي الفعل أو الصفة عن النفس.
مثال: ماني رايح معكم اليوم، معي شغل.
الوسوم: expressions، daily life، negation
ملاحظة: تنطق بفتح الميم."
879,اَلْمِقْرَمَة,المقرمة,almqrmh,قرم,Noun,object,وشاح ملون,وشاح خفيف النسج ترتديه النساء، يتميز بألوانه الزاهية وبرودته.,general,[],[],قطعة ملابس نسائية تقليدية.,قاموس اللهجة الحضرمية - فهد بن هلابي - ص 129,"[{""f"": ""أمي اشترت وشاحاً حريرياً للعيد."", ""h"": ""أمي اشترت مقرمة حرير للعيد.""}]",[],"[""clothing"", ""daily life""]","الكلمة: اَلْمِقْرَمَة (المقرمة)
الجذر: قرم
الفصحى: وشاح ملون
المعنى: وشاح خفيف النسج ترتديه النساء، يتميز بألوانه الزاهية وبرودته.
مثال: أمي اشترت مقرمة حرير للعيد.
الوسوم: clothing، daily life
ملاحظة: قطعة ملابس نسائية تقليدية."
880,مِنْ وَيْنْ,من وين,mn wyn,وين,Expression,expression,من أين,سؤال عن المصدر أو المكان، وتستخدم أيضاً بمعنى (منذ زمن بعيد) في قولهم 'من وين لوين'.,general,[],[],تستخدم للاستفسار أو للتعبير عن الندرة.,قاموس اللهجة الحضرمية - فهد بن هلابي - ص 129,"[{""f"": ""من أين أنت يا أخي؟ من أي بلدة؟"", ""h"": ""من وين أنت يا أخ؟ من أي بلاد؟""}, {""f"": ""لم نرك إلا اليوم، أين كنت منذ زمن بعيد!"", ""h"": ""ما شفناك إلا اليوم، من وين لوين!""}]",[],"[""expressions"", ""daily life"", ""location""]","الكلمة: مِنْ وَيْنْ (من وين)
الجذر: وين
الفصحى: من أين
المعنى: سؤال عن المصدر أو المكان، وتستخدم أيضاً بمعنى (منذ زمن بعيد) في قولهم 'من وين لوين'.
مثال: من وين أنت يا أخ؟ من أي بلاد؟
الوسوم: expressions، daily life، location
ملاحظة: تستخدم للاستفسار أو للتعبير عن الندرة."
881,اَلْمُكَرِّمْ,المكرم,almkrm,كرم,Noun,time,البارق (البرق),اسم يطلقه أهل البادية على البرق الذي يلمع في السماء، لأنهم يستبشرون بكرم الله ومطره.,badiyah,[],[],مشتقة من ترديد قولهم 'كريم يا كريم' عند رؤية البرق. بشد الراء,قاموس اللهجة الحضرمية - فهد بن هلابي - ص 129,"[{""f"": ""رأيت البرق يلمع جهة القبلة."", ""h"": ""ريت المكرم يلمع جهة القبلة.""}]",[],"[""nature"", ""weather""]","الكلمة: اَلْمُكَرِّمْ (المكرم)
الجذر: كرم
الفصحى: البارق (البرق)
المعنى: اسم يطلقه أهل البادية على البرق الذي يلمع في السماء، لأنهم يستبشرون بكرم الله ومطره.
مثال: ريت المكرم يلمع جهة القبلة.
الوسوم: nature، weather
ملاحظة: مشتقة من ترديد قولهم 'كريم يا كريم' عند رؤية البرق. بشد الراء"
882,اَلْمطِي,المطي,almTy,مطي,Noun,object,الدواب (الخيل والإبل),اسم يطلق على الركائب من الخيل أو الإبل التي يُمتطى ظهرها.,general,[],[],تجمع على مطايا.,قاموس اللهجة الحضرمية - فهد بن هلابي - ص 129,"[{""f"": ""دوابنا تعبت من طول المسافة."", ""h"": ""المطي حقنا تعبت من طول المشوار.""}]",[],"[""nature"", ""transport"", ""animal""]","الكلمة: اَلْمطِي (المطي)
الجذر: مطي
الفصحى: الدواب (الخيل والإبل)
المعنى: اسم يطلق على الركائب من الخيل أو الإبل التي يُمتطى ظهرها.
مثال: المطي حقنا تعبت من طول المشوار.
الوسوم: nature، transport، animal
ملاحظة: تجمع على مطايا."
883,الملحفة,ملحفة,almlHfh,ملحف,Noun,object,الإزار البسيط,نوع من الملابس يشبه الصارون، يلف حول النصف السفلي من الجسم.,general,[],[],غالباً ما تكون من قماش قطني خفيف للاستخدام المنزلي.,قاموس اللهجة الحضرمية - فهد بن هلابي - ص 129,"[{""f"": ""هو جالس في البيت يرتدي إزاراً وقميصاً قطنياً."", ""h"": ""هو قاعد في البيت لابس ملحفة وفانيلة.""}]",[],"[""clothing"", ""daily life""]","الكلمة: الملحفة (ملحفة)
الجذر: ملحف
الفصحى: الإزار البسيط
المعنى: نوع من الملابس يشبه الصارون، يلف حول النصف السفلي من الجسم.
مثال: هو قاعد في البيت لابس ملحفة وفانيلة.
الوسوم: clothing، daily life
ملاحظة: غالباً ما تكون من قماش قطني خفيف للاستخدام المنزلي."
884,مُفَحِّطْ - فَحِيطْ,مفحط فحيط,mfHT  fHyT,فحط,Noun,object,نوع من السمسم,نوع من أنواع السمسم أو (الجلجل).,general,[],[],,قاموس اللهجة الحضرمية - فهد بن هلابي - ص 125,"[{""f"": ""الجلجل يعتبر نوع من السمسم."", ""h"": ""فحيط السمسم يعتبر نوع من السمسم.""}]",[],"[""nature"", ""agriculture""]","الكلمة: مُفَحِّطْ - فَحِيطْ (مفحط فحيط)
الجذر: فحط
الفصحى: نوع من السمسم
المعنى: نوع من أنواع السمسم أو (الجلجل).
مثال: فحيط السمسم يعتبر نوع من السمسم.
الوسوم: nature، agriculture"
885,مَغْرُوم,مغروم,mghrwm,غرم,Adjective,descriptor,مجنون,الشخص الذي فقد عقله أو يتصرف بجنون.,general,[],[],,قاموس اللهجة الحضرمية - فهد بن هلابي - ص 125,"[{""f"": ""هذا الشخص مجنون."", ""h"": ""هذا الشخص مغروم.""}]",[],"[""description"", ""daily life"", ""person""]","الكلمة: مَغْرُوم (مغروم)
الجذر: غرم
الفصحى: مجنون
المعنى: الشخص الذي فقد عقله أو يتصرف بجنون.
مثال: هذا الشخص مغروم.
الوسوم: description، daily life، person"
886,مِيزَرْ,ميزر,myzr,مزر,Noun,object,بندقية ألمانية قديمة,سلاح ناري ألماني الصنع، اشتهر في المنطقة لقوته ودقته.,general,[],[],يشار إليه في الشعر الشعبي للدلالة على القوة.,قاموس اللهجة الحضرمية - فهد بن هلابي - ص 125,"[{""f"": ""ترحيب بصوت إطلاق رصاص بنادق الميزر القوية."", ""h"": ""تراحيا قروحك يالميازرة *** حيا قروحك أمّات ردّة""}]",[],"[""history"", ""weapons"", ""poetry"", ""weapon""]","الكلمة: مِيزَرْ (ميزر)
الجذر: مزر
الفصحى: بندقية ألمانية قديمة
المعنى: سلاح ناري ألماني الصنع، اشتهر في المنطقة لقوته ودقته.
مثال: تراحيا قروحك يالميازرة *** حيا قروحك أمّات ردّة
الوسوم: history، weapons، poetry، weapon
ملاحظة: يشار إليه في الشعر الشعبي للدلالة على القوة."
887,اَلْمِفْرِيَة,المفرية,almfryh,فرى,Noun,object,رداء العريس التقليدي,قماش من القطن يلبسه العريس في حراوته (يوم الزفاف)، بينما يميل البعض مؤخراً للبدلة الرسمية.,general,[],[],تعتبر من الملابس التقليدية القديمة في المناسبات.,قاموس اللهجة الحضرمية - فهد بن هلابي - ص 129,"[{""f"": ""ارتدى الرداء الأبيض وذهب إلى المسجد."", ""h"": ""لبس المفرية وراح للمسجد.""}]",[],"[""clothing"", ""social customs"", ""weddings""]","الكلمة: اَلْمِفْرِيَة (المفرية)
الجذر: فرى
الفصحى: رداء العريس التقليدي
المعنى: قماش من القطن يلبسه العريس في حراوته (يوم الزفاف)، بينما يميل البعض مؤخراً للبدلة الرسمية.
مثال: لبس المفرية وراح للمسجد.
الوسوم: clothing، social customs، weddings
ملاحظة: تعتبر من الملابس التقليدية القديمة في المناسبات."
888,اَلْمِدْخَنَة,المدخنة,almdkhnh,دخن,Noun,object,المبخرة,أداة يوضع فيها الجمر والبخور لتطييب رائحة المجالس والبيوت.,general,"[""مجمر""]",[],تصنع غالباً من الفخار المزين بنقوش تقليدية أو من النحاس.,قاموس اللهجة الحضرمية - فهد بن هلابي - ص 129,"[{""f"": ""أحضر المبخرة لنبخر البيت قبل وصول الضيوف."", ""h"": ""هات المدخنة نبخر البيت قبل ما يوصلون الضيوف.""}, {""f"": ""المبخرة الفخارية تحتفظ برائحة البخور لفترة أطول من النحاس."", ""h"": ""المدخنة الفخارية تمسك ريحة البخور أطول من النحاس.""}]",[],"[""daily life"", ""social customs"", ""home""]","الكلمة: اَلْمِدْخَنَة (المدخنة)
الجذر: دخن
الفصحى: المبخرة
المعنى: أداة يوضع فيها الجمر والبخور لتطييب رائحة المجالس والبيوت.
المرادفات: مجمر
مثال: هات المدخنة نبخر البيت قبل ما يوصلون الضيوف.
الوسوم: daily life، social customs، home
ملاحظة: تصنع غالباً من الفخار المزين بنقوش تقليدية أو من النحاس."
889,مَصَّة,مصة,mSh,مصص,Noun,object,مثلج (آيسكريم),مثلجات منزلية الصنع توضع في أكياس صغيرة أو تكون على عود، وأشهرها بنكهة الحومر (التمر الهندي).,general,[],[],تعتبر من الوجبات الخفيفة المحببة للأطفال في الصيف.,قاموس اللهجة الحضرمية - فهد بن هلابي - ص 129,"[{""f"": ""الأطفال جميعاً اشتروا مثلج التمر الهندي من المتجر."", ""h"": ""العيال كلهم اشتروا مصة حومر من عند الدكان.""}, {""f"": ""في أوقات الظهيرة الحارة لا يبرد عليك إلا مثلج بارد."", ""h"": ""في القوايل ما يبرد عليك إلا مصة باردة.""}]",[],"[""food"", ""daily life"", ""home""]","الكلمة: مَصَّة (مصة)
الجذر: مصص
الفصحى: مثلج (آيسكريم)
المعنى: مثلجات منزلية الصنع توضع في أكياس صغيرة أو تكون على عود، وأشهرها بنكهة الحومر (التمر الهندي).
مثال: العيال كلهم اشتروا مصة حومر من عند الدكان.
الوسوم: food، daily life، home
ملاحظة: تعتبر من الوجبات الخفيفة المحببة للأطفال في الصيف."
890,اَلْمُسَيْبَلِي,المسيبلي,almsybly,سبل,Noun,object,الذرة الخضراء,نوع من الذرة ذات اللون الأخضر، يصنع منها خبز المسيبلي الأسود، وتستخدم حبوبها الصغيرة كطعام للطيور.,general,[],[],يشتهر خبز المسيبلي بقيمته الغذائية العالية.,قاموس اللهجة الحضرمية - فهد بن هلابي - ص 129,"[{""f"": ""خبز الذرة الخضراء طعمه مختلف ومميز مع السمن واللبن."", ""h"": ""خبز المسيبلي طعمه غير مع السمن واللبن.""}, {""f"": ""نثرنا حبوب الذرة الخضراء للحمام في الفناء."", ""h"": ""ذرّينا المسيبلي للحمام في الحوش.""}]",[],"[""agriculture"", ""food"", ""birds""]","الكلمة: اَلْمُسَيْبَلِي (المسيبلي)
الجذر: سبل
الفصحى: الذرة الخضراء
المعنى: نوع من الذرة ذات اللون الأخضر، يصنع منها خبز المسيبلي الأسود، وتستخدم حبوبها الصغيرة كطعام للطيور.
مثال: خبز المسيبلي طعمه غير مع السمن واللبن.
الوسوم: agriculture، food، birds
ملاحظة: يشتهر خبز المسيبلي بقيمته الغذائية العالية."
891,اَلْمِدَاد,المداد,almdad,مدد,Noun,person,دفع المهر,عملية دفع المهر المتفق عليه وتكاليف الزواج من قبل العريس.,general,[],[],يتم المداد عادة في جلسة يحضرها أهل العروسين.,قاموس اللهجة الحضرمية - فهد بن هلابي - ص 130,"[{""f"": ""الليلة دفع مهر فلان لابنة فلان، بارك الله لهما."", ""h"": ""الليلة مداد فلان على بنت فلان، الله يتمم لهم بخير.""}]",[],"[""social customs"", ""marriage"", ""family""]","الكلمة: اَلْمِدَاد (المداد)
الجذر: مدد
الفصحى: دفع المهر
المعنى: عملية دفع المهر المتفق عليه وتكاليف الزواج من قبل العريس.
مثال: الليلة مداد فلان على بنت فلان، الله يتمم لهم بخير.
الوسوم: social customs، marriage، family
ملاحظة: يتم المداد عادة في جلسة يحضرها أهل العروسين."
892,اَلْمُقَشَّرَة,المقشرة,almqshrh,قشر,Noun,person,الفشار (البوشار),حبوب الذرة التي تقلى بالزيت حتى تفرقع وتصبح بيضاء هشة.,general,"[""الفرفره"", ""والفشار"", ""بوشار""]",[],كانت تُقلى قديماً في قدور كبيرة وتوزع في المناسبات.,قاموس اللهجة الحضرمية - فهد بن هلابي - ص 130,"[{""f"": ""أعدت لنا الوالدة فشاراً ساخناً قبل سهرة الليلة."", ""h"": ""سويت لنا الوالدة مقشرة حارة قبل السهرة.""}]",[],"[""food"", ""daily life"", ""family""]","الكلمة: اَلْمُقَشَّرَة (المقشرة)
الجذر: قشر
الفصحى: الفشار (البوشار)
المعنى: حبوب الذرة التي تقلى بالزيت حتى تفرقع وتصبح بيضاء هشة.
المرادفات: الفرفره، والفشار، بوشار
مثال: سويت لنا الوالدة مقشرة حارة قبل السهرة.
الوسوم: food، daily life، family
ملاحظة: كانت تُقلى قديماً في قدور كبيرة وتوزع في المناسبات."
893,اَلْمَشْطَة,المشطه,almshTh,مشط,Noun,person,ثاني أيام العرس,تسمية تطلق على اليوم الثاني من احتفالات الزواج، وفيها يتم عقد القران غالباً.,general,[],[],يوم المشطة يكون حافلاً بالزيارات والتهاني.,قاموس اللهجة الحضرمية - فهد بن هلابي - ص 130,"[{""f"": ""موعدنا في اليوم الثاني للعرس في بيت العريس."", ""h"": ""موعدنا يوم المشطة في بيت العريس.""}]",[],"[""social customs"", ""marriage""]","الكلمة: اَلْمَشْطَة (المشطه)
الجذر: مشط
الفصحى: ثاني أيام العرس
المعنى: تسمية تطلق على اليوم الثاني من احتفالات الزواج، وفيها يتم عقد القران غالباً.
مثال: موعدنا يوم المشطة في بيت العريس.
الوسوم: social customs، marriage
ملاحظة: يوم المشطة يكون حافلاً بالزيارات والتهاني."
894,مِسْدَرَة اَلصَّغِير,مسدرة الصغير,msdrh alSghyr,سدر,Noun,person,ثوب المولود,ثوب بسيط وصغير جداً يلبسه المولود الجديد، يغطي بدنه وله أكمام.,general,[],[],تتميز المسدرة بخفتها لتناسب بشرة الرضيع الحساسة.,قاموس اللهجة الحضرمية - فهد بن هلابي - ص 130,"[{""f"": ""اشتروا قماشاً ناعماً لخياطة ثوب المولود الجديد."", ""h"": ""اشتروا قماش ناعم لخياطة مسدرة الصغير.""}]",[],"[""clothing"", ""family"", ""baby""]","الكلمة: مِسْدَرَة اَلصَّغِير (مسدرة الصغير)
الجذر: سدر
الفصحى: ثوب المولود
المعنى: ثوب بسيط وصغير جداً يلبسه المولود الجديد، يغطي بدنه وله أكمام.
مثال: اشتروا قماش ناعم لخياطة مسدرة الصغير.
الوسوم: clothing، family، baby
ملاحظة: تتميز المسدرة بخفتها لتناسب بشرة الرضيع الحساسة."
895,اَلْمَنَاشِي,المناشي,almnashy,نشأ,Noun,time,السحب الممطرة,السحب التي تنشأ في السماء ويُتوقع منها هطول المطر.,general,[],[],يستبشر الفلاحون برؤية المناشي في الأفق.,قاموس اللهجة الحضرمية - فهد بن هلابي - ص 130,"[{""f"": ""السحب الممطرة كثيفة اليوم، يبدو أن المطر سيهطل قريباً."", ""h"": ""المناشي قوية اليوم، شكل المطر با يجي قريب.""}]",[],"[""nature"", ""weather""]","الكلمة: اَلْمَنَاشِي (المناشي)
الجذر: نشأ
الفصحى: السحب الممطرة
المعنى: السحب التي تنشأ في السماء ويُتوقع منها هطول المطر.
مثال: المناشي قوية اليوم، شكل المطر با يجي قريب.
الوسوم: nature، weather
ملاحظة: يستبشر الفلاحون برؤية المناشي في الأفق."
896,اَلْمُزْن,المزن,almzn,مزن,Noun,time,المطر الغزير,المطر الكثيف والنافع الذي يروي الأرض.,general,[],[],كلمة عربية فصيحة مستخدمة بكثرة في الشعر الحضرمي.,قاموس اللهجة الحضرمية - فهد بن هلابي - ص 130,"[{""f"": ""سقى الله ديارنا بالمطر الغزير والخير."", ""h"": ""سقى الله ديارنا بالمزن والخير.""}]",[],"[""nature"", ""weather""]","الكلمة: اَلْمُزْن (المزن)
الجذر: مزن
الفصحى: المطر الغزير
المعنى: المطر الكثيف والنافع الذي يروي الأرض.
مثال: سقى الله ديارنا بالمزن والخير.
الوسوم: nature، weather
ملاحظة: كلمة عربية فصيحة مستخدمة بكثرة في الشعر الحضرمي."
897,اَلْمُخَدَّرَة,المخدرة,almkhdrh,خدر,Noun,person,موقع الحفل الغنائي,مسرح خشبي ينصب في الساحات لإقامة الحفلات الغنائية الساهرة (السمر) في أول ليالي الزواج.,general,[],[],يجلس العريس في المخدرة لتلقي التهاني بينما تقدم الفرقة الموسيقية وصلاتها. بشد الخاء,قاموس اللهجة الحضرمية - فهد بن هلابي - ص 130,"[{""f"": ""الليلة حفلة سمر فلان، والجميع مدعو للحضور."", ""h"": ""الليلة المخدرة حق فلان، والكل معزوم على السمر.""}]",[],"[""social customs"", ""marriage"", ""art"", ""music""]","الكلمة: اَلْمُخَدَّرَة (المخدرة)
الجذر: خدر
الفصحى: موقع الحفل الغنائي
المعنى: مسرح خشبي ينصب في الساحات لإقامة الحفلات الغنائية الساهرة (السمر) في أول ليالي الزواج.
مثال: الليلة المخدرة حق فلان، والكل معزوم على السمر.
الوسوم: social customs، marriage، art، music
ملاحظة: يجلس العريس في المخدرة لتلقي التهاني بينما تقدم الفرقة الموسيقية وصلاتها. بشد الخاء"
898,اَلْمِصَبّ,المصب,almSb,صبب,Noun,object,إناء الوضوء,إناء فخاري أو نحاسي بفتحة ضيقة يستخدم لسكب الماء لأغراض الوضوء في الحمام.,general,"[""القرقر""]",[],يساعد المصب في توفير الماء أثناء الوضوء.,قاموس اللهجة الحضرمية - فهد بن هلابي - ص 130,"[{""f"": ""املأ إناء الوضوء بالماء واتركه في الحمام."", ""h"": ""املا المصب ماء وخله في الطهارة.""}]",[],"[""daily life"", ""religion"", ""home""]","الكلمة: اَلْمِصَبّ (المصب)
الجذر: صبب
الفصحى: إناء الوضوء
المعنى: إناء فخاري أو نحاسي بفتحة ضيقة يستخدم لسكب الماء لأغراض الوضوء في الحمام.
المرادفات: القرقر
مثال: املا المصب ماء وخله في الطهارة.
الوسوم: daily life، religion، home
ملاحظة: يساعد المصب في توفير الماء أثناء الوضوء."
899,اَلْمِسْدَرَة,المسدره,almsdrh,سدر,Noun,object,القميص التقليدي,قميص يلبسه الرجل، يتميز بتصميم بسيط ومريح.,general,[],[],كانت تخاط يدوياً من القطن البارد.,قاموس اللهجة الحضرمية - فهد بن هلابي - ص 131,"[{""f"": ""لبس والدي قميصه الجديد وخرج إلى المسجد."", ""h"": ""لبس الوالد مسدرته الجديدة وخرج للمسجد.""}]",[],"[""clothing"", ""men"", ""daily life""]","الكلمة: اَلْمِسْدَرَة (المسدره)
الجذر: سدر
الفصحى: القميص التقليدي
المعنى: قميص يلبسه الرجل، يتميز بتصميم بسيط ومريح.
مثال: لبس الوالد مسدرته الجديدة وخرج للمسجد.
الوسوم: clothing، men، daily life
ملاحظة: كانت تخاط يدوياً من القطن البارد."
900,اَلْمُكْحَل,المكحل,almkHl,كحل,Noun,object,طائر أسود,نوع من الطيور البرية المشهورة في المنطقة بلونها الأسود القاتم.,general,[],[],سمي بذلك لأن عينه تبدو كأنها مكحلة.,قاموس اللهجة الحضرمية - فهد بن هلابي - ص 131,"[{""f"": ""رأيت الطائر الأسود يغرد فوق النخلة صباحاً."", ""h"": ""شفت المكحل يغرد فوق النخلة الصبح.""}]",[],"[""nature"", ""birds"", ""daily life""]","الكلمة: اَلْمُكْحَل (المكحل)
الجذر: كحل
الفصحى: طائر أسود
المعنى: نوع من الطيور البرية المشهورة في المنطقة بلونها الأسود القاتم.
مثال: شفت المكحل يغرد فوق النخلة الصبح.
الوسوم: nature، birds، daily life
ملاحظة: سمي بذلك لأن عينه تبدو كأنها مكحلة."
901,اَلْمُشَخَّص,المشخص,almshkhS,شخص,Noun,object,حلي فضية,قطع من الحلي والإكسسوارات المصنوعة من الفضة التي تتزين بها المرأة الحضرمية.,general,[],[],يعتبر المشخص من الموروثات الشعبية الثمينة في الزينة.,قاموس اللهجة الحضرمية - فهد بن هلابي - ص 131,"[{""f"": ""تزينت العروس بالحلي الفضية واللباس التقليدي."", ""h"": ""تزينت العروس بالمشخص واللبس التقليدي.""}]",[],"[""clothing"", ""social customs""]","الكلمة: اَلْمُشَخَّص (المشخص)
الجذر: شخص
الفصحى: حلي فضية
المعنى: قطع من الحلي والإكسسوارات المصنوعة من الفضة التي تتزين بها المرأة الحضرمية.
مثال: تزينت العروس بالمشخص واللبس التقليدي.
الوسوم: clothing، social customs
ملاحظة: يعتبر المشخص من الموروثات الشعبية الثمينة في الزينة."
902,اَلْمُقَلِّفَات,المقلفات,almqlfat,قلف,Noun,object,جامعات التمر,مجموعة من النساء اللواتي يجتمعن لتنظيف التمر وفلقه واستخراج النوى منه (العلاجيم) وتجهيزه للرزم.,general,[],[],هذا العمل يمثل تقليداً تعاونياً في موسم خراف النخيل.,قاموس اللهجة الحضرمية - فهد بن هلابي - ص 131,"[{""f"": ""اجتمعت النساء اليوم في بيت الجيران لتنظيف وتجهيز التمر."", ""h"": ""اجتمعوا المقلفات اليوم في بيت الجيران لتجهيز التمر.""}]",[],"[""agriculture"", ""social customs"", ""daily life"", ""women""]","الكلمة: اَلْمُقَلِّفَات (المقلفات)
الجذر: قلف
الفصحى: جامعات التمر
المعنى: مجموعة من النساء اللواتي يجتمعن لتنظيف التمر وفلقه واستخراج النوى منه (العلاجيم) وتجهيزه للرزم.
مثال: اجتمعوا المقلفات اليوم في بيت الجيران لتجهيز التمر.
الوسوم: agriculture، social customs، daily life، women
ملاحظة: هذا العمل يمثل تقليداً تعاونياً في موسم خراف النخيل."
903,اَلْمَنْظَرَة,المنظرة,almnZrh,نظر,Noun,object,المرآة,الأداة التي ينظر فيها الشخص ليرى صورته.,general,"[""منظرة""]",[],تستخدم الكلمة في أغلب مناطق حضرموت للدلالة على المرآة.,قاموس اللهجة الحضرمية - فهد بن هلابي - ص 131,"[{""f"": ""انظر إلى وجهك في المرآة قبل أن تخرج."", ""h"": ""شف وجهك في المنظرة قبل ما تخرج.""}]",[],"[""daily life"", ""home"", ""mirror""]","الكلمة: اَلْمَنْظَرَة (المنظرة)
الجذر: نظر
الفصحى: المرآة
المعنى: الأداة التي ينظر فيها الشخص ليرى صورته.
المرادفات: منظرة
مثال: شف وجهك في المنظرة قبل ما تخرج.
الوسوم: daily life، home، mirror
ملاحظة: تستخدم الكلمة في أغلب مناطق حضرموت للدلالة على المرآة."
904,مِجْمَر,مجمر,mjmr,جمر,Noun,object,كانون الفحم / مبخرة,إناء لحفظ الفحم المشتعل ويستخدم أيضاً للتبخير أو للتدفئة.,general,"[""المدخنة""]",[],يصنع المجمر غالباً من الطين المحروق ليتحمل الحرارة.,قاموس اللهجة الحضرمية - فهد بن هلابي - ص 131,"[{""f"": ""أشعلوا النار في الكانون لنبخر المجلس."", ""h"": ""شبوا النار في المجمر عشان نبخر المجلس.""}]",[],"[""daily life"", ""home"", ""fire""]","الكلمة: مِجْمَر (مجمر)
الجذر: جمر
الفصحى: كانون الفحم / مبخرة
المعنى: إناء لحفظ الفحم المشتعل ويستخدم أيضاً للتبخير أو للتدفئة.
المرادفات: المدخنة
مثال: شبوا النار في المجمر عشان نبخر المجلس.
الوسوم: daily life، home، fire
ملاحظة: يصنع المجمر غالباً من الطين المحروق ليتحمل الحرارة."
905,اَلْمِقْوَد,المقود,almqwd,قود,Noun,object,مدرج ممر الساني,أخدود أو طريق محفور في الأرض بشكل مدرج مخصص لمرور الساني (الحيوان الذي يرفع الماء من البئر).,general,[],[],يصمم المقود ليريح الحيوان أثناء جر الحبال الثقيلة.,قاموس اللهجة الحضرمية - فهد بن هلابي - ص 131,"[{""f"": ""الثور يمشي في طريقه المدرج منذ الصباح ليرفع الماء من البئر."", ""h"": ""الثور يمشي في المقود من الصبح يرفع الماء.""}]",[],"[""agriculture"", ""nature"", ""daily life""]","الكلمة: اَلْمِقْوَد (المقود)
الجذر: قود
الفصحى: مدرج ممر الساني
المعنى: أخدود أو طريق محفور في الأرض بشكل مدرج مخصص لمرور الساني (الحيوان الذي يرفع الماء من البئر).
مثال: الثور يمشي في المقود من الصبح يرفع الماء.
الوسوم: agriculture، nature، daily life
ملاحظة: يصمم المقود ليريح الحيوان أثناء جر الحبال الثقيلة."
906,اَلْمُسْلَف,المسلف,almslf,سلف,Noun,object,الباب الخلفي,باب صغير يقع غالباً في الجهة الخلفية من البيت، ويعتبر مدخلاً فرعياً.,general,[],[],يستخدم المسلف لدخول أهل البيت  بعيداً عن المدخل الرئيسي (السدة).,قاموس اللهجة الحضرمية - فهد بن هلابي - ص 131,"[{""f"": ""خرجنا من الباب الخلفي لكي لا يرانا أحد عند الباب الرئيسي."", ""h"": ""خرجنا من المسلف عشان ما يشوفنا حد في السدة.""}]","[""إذا أغلق باب فرعي فتح باب رئيسي (دلالة على سعة الرزق).""]","[""daily life"", ""architecture"", ""home""]","الكلمة: اَلْمُسْلَف (المسلف)
الجذر: سلف
الفصحى: الباب الخلفي
المعنى: باب صغير يقع غالباً في الجهة الخلفية من البيت، ويعتبر مدخلاً فرعياً.
مثال: خرجنا من المسلف عشان ما يشوفنا حد في السدة.
الوسوم: daily life، architecture، home
ملاحظة: يستخدم المسلف لدخول أهل البيت  بعيداً عن المدخل الرئيسي (السدة)."
907,مِيز,ميز,myz,ميز,Noun,object,طاولة,قطعة أثاث مسطحة تستخدم للأكل أو الكتابة.,general,"[""طاولة""]",[],كلمة منتشرة في عدن وحضرموت ولها أصول أعجمية.,قاموس اللهجة الحضرمية - فهد بن هلابي - ص 131,"[{""f"": ""ضع الغداء فوق الطاولة في الصالة."", ""h"": ""حط الغداء فوق الميز في الصالة.""}]",[],"[""daily life"", ""home"", ""food"", ""table""]","الكلمة: مِيز (ميز)
الجذر: ميز
الفصحى: طاولة
المعنى: قطعة أثاث مسطحة تستخدم للأكل أو الكتابة.
المرادفات: طاولة
مثال: حط الغداء فوق الميز في الصالة.
الوسوم: daily life، home، food، table
ملاحظة: كلمة منتشرة في عدن وحضرموت ولها أصول أعجمية."
908,اَلْمِفْلَق,المفلق,almflq,فلق,Noun,object,وشاح صوفي,وشاح طويل وضيق مصنوع من الصوف، يلف به الرأس أو يوضع على الكتفين.,general,[],[],يستخدم للتدفئة في الأيام الباردة في المرتفعات.,قاموس اللهجة الحضرمية - فهد بن هلابي - ص 132,"[{""f"": ""البرد شديد اليوم، لف الوشاح الصوفي على رأسك."", ""h"": ""البرد قاوي اليوم، لف المفلق على راسك.""}]",[],"[""clothing"", ""men"", ""daily life"", ""head""]","الكلمة: اَلْمِفْلَق (المفلق)
الجذر: فلق
الفصحى: وشاح صوفي
المعنى: وشاح طويل وضيق مصنوع من الصوف، يلف به الرأس أو يوضع على الكتفين.
مثال: البرد قاوي اليوم، لف المفلق على راسك.
الوسوم: clothing، men، daily life، head
ملاحظة: يستخدم للتدفئة في الأيام الباردة في المرتفعات."
909,اَلْمَعْدَاة,المعداه,alm3dah,عدو,Noun,object,جسر أسمنتي,جسر مبني فوق السواقي أو مجاري السيول لتسهيل مرور السيارات والمشاة.,general,"[""معبرة""]",[],تبنى بأعمدة أسطوانية لتسمح بمرور الأخشاب والأغصان مع السيل دون انسداد.,قاموس اللهجة الحضرمية - فهد بن هلابي - ص 132,"[{""f"": ""عبرنا بالسيارة فوق الجسر والسيل يجري تحته."", ""h"": ""عبرنا بالسيارة فوق المعداة والسيل يجري تحتها.""}]",[],"[""architecture"", ""daily life""]","الكلمة: اَلْمَعْدَاة (المعداه)
الجذر: عدو
الفصحى: جسر أسمنتي
المعنى: جسر مبني فوق السواقي أو مجاري السيول لتسهيل مرور السيارات والمشاة.
المرادفات: معبرة
مثال: عبرنا بالسيارة فوق المعداة والسيل يجري تحتها.
الوسوم: architecture، daily life
ملاحظة: تبنى بأعمدة أسطوانية لتسمح بمرور الأخشاب والأغصان مع السيل دون انسداد."
910,اَلْمِرْفَاع,المرفاع,almrfa3,رفع,Noun,object,حبل فتح الباب,حبل يمتد من خلف الباب إلى الداخل، يُشد لفتح المزلاج دون الحاجة للوصول للباب مباشرة.,general,[],[],تقنية تقليدية في البيوت الطينية الحضرمية لتسهيل فتح الأبواب للضيوف.,قاموس اللهجة الحضرمية - فهد بن هلابي - ص 132,"[{""f"": ""طرق الباب، فاسحب الحبل لتفتحه له."", ""h"": ""دق الباب، وسحب المرفاع عشان تفتحه.""}]",[],"[""daily life"", ""architecture"", ""home""]","الكلمة: اَلْمِرْفَاع (المرفاع)
الجذر: رفع
الفصحى: حبل فتح الباب
المعنى: حبل يمتد من خلف الباب إلى الداخل، يُشد لفتح المزلاج دون الحاجة للوصول للباب مباشرة.
مثال: دق الباب، وسحب المرفاع عشان تفتحه.
الوسوم: daily life، architecture، home
ملاحظة: تقنية تقليدية في البيوت الطينية الحضرمية لتسهيل فتح الأبواب للضيوف."
911,اَلْمِرْوَاس,المروس,almrwas,رأس,Noun,time,سيل الجبال,السيل القادم من رؤوس الجبال والوديان البعيدة، ويتميز بطول فترة جريانه.,general,[],[],يستمر المرواس أحياناً ليومين أو أكثر نتيجة هطول أمطار غزيرة في منابع الوادي.,قاموس اللهجة الحضرمية - فهد بن هلابي - ص 132,"[{""f"": ""هذا السيل قادم من رؤوس الجبال، وسيستمر جريانه لمدة يومين."", ""h"": ""هذا السيل مرواس، با يجلس يمشي يومين.""}]",[],"[""nature"", ""weather"", ""daily life""]","الكلمة: اَلْمِرْوَاس (المروس)
الجذر: رأس
الفصحى: سيل الجبال
المعنى: السيل القادم من رؤوس الجبال والوديان البعيدة، ويتميز بطول فترة جريانه.
مثال: هذا السيل مرواس، با يجلس يمشي يومين.
الوسوم: nature، weather، daily life
ملاحظة: يستمر المرواس أحياناً ليومين أو أكثر نتيجة هطول أمطار غزيرة في منابع الوادي."
912,اَلْمُقَارِب,المقارب,almqarb,قرب,Noun,time,سيل الشعاب القريبة,السيل الذي ينشأ من الشعاب والأودية الصغيرة القريبة من المنطقة.,general,[],[],يكون جريانه قصيراً مقارنة بالمرواس.,قاموس اللهجة الحضرمية - فهد بن هلابي - ص 132,"[{""f"": ""سيل اليوم من الشعاب القريبة، لن يستمر جريانه طويلاً."", ""h"": ""السيل اليوم مقارب، ما با يطول جريانه.""}]",[],"[""nature"", ""weather"", ""daily life""]","الكلمة: اَلْمُقَارِب (المقارب)
الجذر: قرب
الفصحى: سيل الشعاب القريبة
المعنى: السيل الذي ينشأ من الشعاب والأودية الصغيرة القريبة من المنطقة.
مثال: السيل اليوم مقارب، ما با يطول جريانه.
الوسوم: nature، weather، daily life
ملاحظة: يكون جريانه قصيراً مقارنة بالمرواس."
913,اَلْمَاد,الماد,almad,مدد,Noun,object,الممر (السيب),الممر الضيق أو السيب الذي يفصل بين الغرف داخل البيت.,general,"[""سيب""]",[],يستخدم الماد لتنظيم الحركة داخل البيوت الكبيرة.,قاموس اللهجة الحضرمية - فهد بن هلابي - ص 132,"[{""f"": ""اجعل الأطفال يلعبون في الممر بعيداً عن مجلس الرجال."", ""h"": ""خل العيال يلعبون في الماد بعيد عن المجلس.""}]",[],"[""daily life"", ""architecture"", ""home""]","الكلمة: اَلْمَاد (الماد)
الجذر: مدد
الفصحى: الممر (السيب)
المعنى: الممر الضيق أو السيب الذي يفصل بين الغرف داخل البيت.
المرادفات: سيب
مثال: خل العيال يلعبون في الماد بعيد عن المجلس.
الوسوم: daily life، architecture، home
ملاحظة: يستخدم الماد لتنظيم الحركة داخل البيوت الكبيرة."
914,اَلْمُضَلَّعَة,المضلعة,almDl3h,ضلع,Noun,object,منظم ماء الجرب,مجموعة أحجار كبيرة مرصوصة بمهارة عند مداخل المزارع (الجروب) لتنظيم دخول وخروج ماء السيل.,general,"[""المناكي""]",[],تتطلب خبرة في رص الأحجار لتتحمل قوة دفع الماء.,قاموس اللهجة الحضرمية - فهد بن هلابي - ص 132,"[{""f"": ""قام البناء برص الأحجار المنظمة جيداً لكي لا يجرفها السيل."", ""h"": ""المعلم عرب المضلعة زين عشان ما يشلها السيل.""}]",[],"[""agriculture"", ""architecture"", ""daily life""]","الكلمة: اَلْمُضَلَّعَة (المضلعة)
الجذر: ضلع
الفصحى: منظم ماء الجرب
المعنى: مجموعة أحجار كبيرة مرصوصة بمهارة عند مداخل المزارع (الجروب) لتنظيم دخول وخروج ماء السيل.
المرادفات: المناكي
مثال: المعلم عرب المضلعة زين عشان ما يشلها السيل.
الوسوم: agriculture، architecture، daily life
ملاحظة: تتطلب خبرة في رص الأحجار لتتحمل قوة دفع الماء."
915,مِرْوَاح,مرواح,mrwaH,روح,Noun,object,غرفة السطح,غرفة صغيرة تُبنى في أعلى البيت (السطح) لاستغلال الهواء والراحة.,general,[],[],تستخدم عادة للنوم في ليالي الصيف لبرودتها.,قاموس اللهجة الحضرمية - فهد بن هلابي - ص 132,"[{""f"": ""جهزنا غرفة السطح الليلة لننام في الهواء الطلق."", ""h"": ""فرشنا المرواح الليلة عشان ننام في الهواء البارد.""}]",[],"[""daily life"", ""architecture"", ""home""]","الكلمة: مِرْوَاح (مرواح)
الجذر: روح
الفصحى: غرفة السطح
المعنى: غرفة صغيرة تُبنى في أعلى البيت (السطح) لاستغلال الهواء والراحة.
مثال: فرشنا المرواح الليلة عشان ننام في الهواء البارد.
الوسوم: daily life، architecture، home
ملاحظة: تستخدم عادة للنوم في ليالي الصيف لبرودتها."
916,اَلْمَحْضَرَة,المحضرة,almHDrh,حضر,Noun,object,الغرفة الكبيرة (المجلس),أكبر غرفة في البيت وتخصص لاستقبال الضيوف والمناسبات.,general,"[""القعائد"", ""المكن""]",[],تشهد المحضرة أغلب النقاشات العائلية وجلسات السمر.,قاموس اللهجة الحضرمية - فهد بن هلابي - ص 133,"[{""f"": ""اجتمع جميع أفراد العائلة في الغرفة الكبيرة اليوم."", ""h"": ""اجتمع الأهل كلهم في المحضرة اليوم.""}]","[""قُربِت المرحلة وكثر كلام المحاضر""]","[""daily life"", ""architecture"", ""social customs"", ""home""]","الكلمة: اَلْمَحْضَرَة (المحضرة)
الجذر: حضر
الفصحى: الغرفة الكبيرة (المجلس)
المعنى: أكبر غرفة في البيت وتخصص لاستقبال الضيوف والمناسبات.
المرادفات: القعائد، المكن
مثال: اجتمع الأهل كلهم في المحضرة اليوم.
الوسوم: daily life، architecture، social customs، home
ملاحظة: تشهد المحضرة أغلب النقاشات العائلية وجلسات السمر."
917,اَلْمِرْبَشَة,المربشة,almrbshh,ربش,Noun,object,سلة سعفية للبناء,سلة مصنوعة من سعف النخيل تستخدم خصيصاً لنقل الطين والمدر أثناء عملية البناء.,general,"[""المروض""]",[],تتميز بمتانتها وقدرتها على تحمل أوزان الطين الثقيلة.,قاموس اللهجة الحضرمية - فهد بن هلابي - ص 133,"[{""f"": ""املأ السلة بالطين وأعطها للبناء في الأعلى."", ""h"": ""ملي المربشة طين وعطها المعلم فوق.""}]",[],"[""agriculture"", ""architecture"", ""daily life""]","الكلمة: اَلْمِرْبَشَة (المربشة)
الجذر: ربش
الفصحى: سلة سعفية للبناء
المعنى: سلة مصنوعة من سعف النخيل تستخدم خصيصاً لنقل الطين والمدر أثناء عملية البناء.
المرادفات: المروض
مثال: ملي المربشة طين وعطها المعلم فوق.
الوسوم: agriculture، architecture، daily life
ملاحظة: تتميز بمتانتها وقدرتها على تحمل أوزان الطين الثقيلة."
918,اَلْمَعْرُوضَة,المعروضة,alm3rwDh,عرض,Noun,object,رص الطوب بالعرض,طريقة في البناء تعتمد على وضع المدرة (الطوبة) بشكل عرضي لزيادة سمك الجدار وقوته.,general,[],[],تستخدم هذه الطريقة غالباً في بناء الحصون والأسوار الأساسية للبيت.,قاموس اللهجة الحضرمية - فهد بن هلابي - ص 133,"[{""f"": ""جدار الحصن مبني بطريقة وضع الطوب بالعرض ليكون متيناً."", ""h"": ""جدار الحصن مبني بالطريقه المعروضه عشان يكون قوي.""}]",[],"[""architecture"", ""daily life""]","الكلمة: اَلْمَعْرُوضَة (المعروضة)
الجذر: عرض
الفصحى: رص الطوب بالعرض
المعنى: طريقة في البناء تعتمد على وضع المدرة (الطوبة) بشكل عرضي لزيادة سمك الجدار وقوته.
مثال: جدار الحصن مبني بالطريقه المعروضه عشان يكون قوي.
الوسوم: architecture، daily life
ملاحظة: تستخدم هذه الطريقة غالباً في بناء الحصون والأسوار الأساسية للبيت."
919,اَلْمَدَرَة,المدرة,almdrh,مدر,Noun,object,الطوب اللبن,طوب يصنع من خلط الطين مع التبن وتجفيفه تحت الشمس، ويستخدم كعنصر أساسي في البناء الحضرمي.,general,[],[],يبلغ مقاس المدرة التقليدية حوالي  45×30 سم.,قاموس اللهجة الحضرمية - فهد بن هلابي - ص 133,"[{""f"": ""صنعوا الطوب وتركوه تحت الشمس ليجف لعشرة أيام."", ""h"": ""ضربوا المدر في الشمس وخلوها تيبس عشرة أيام.""}]",[],"[""architecture"", ""daily life""]","الكلمة: اَلْمَدَرَة (المدرة)
الجذر: مدر
الفصحى: الطوب اللبن
المعنى: طوب يصنع من خلط الطين مع التبن وتجفيفه تحت الشمس، ويستخدم كعنصر أساسي في البناء الحضرمي.
مثال: ضربوا المدر في الشمس وخلوها تيبس عشرة أيام.
الوسوم: architecture، daily life
ملاحظة: يبلغ مقاس المدرة التقليدية حوالي  45×30 سم."
920,اَلْمُصْنَاع,المصناع,almSna3,صنع,Noun,object,خزانة حائطية,دولاب أو خزانة خشبية تُثبت داخل فتحة في الجدار أثناء عملية البناء لتوفير مساحة.,general,[],[],يستخدم لحفظ الملابس أو الأغراض الثمينة.,قاموس اللهجة الحضرمية - فهد بن هلابي - ص 133,"[{""f"": ""رتب الملابس داخل الخزانة الحائطية وأغلقها جيداً."", ""h"": ""رتب الملابس داخل المصناع وقفله زين.""}]",[],"[""architecture"", ""daily life"", ""home""]","الكلمة: اَلْمُصْنَاع (المصناع)
الجذر: صنع
الفصحى: خزانة حائطية
المعنى: دولاب أو خزانة خشبية تُثبت داخل فتحة في الجدار أثناء عملية البناء لتوفير مساحة.
مثال: رتب الملابس داخل المصناع وقفله زين.
الوسوم: architecture، daily life، home
ملاحظة: يستخدم لحفظ الملابس أو الأغراض الثمينة."
921,اَلْمَلَس,الملس,almls,ملس,Noun,object,تلييس النورة الناعم,المرحلة النهائية من طلاء الجدران بالنورة، حيث تفرك بالأداة (الروك) لتصبح ناعمة جداً.,general,[],[],يعتبر الملس علامة على جودة العمل في تشطيب البيوت.,قاموس اللهجة الحضرمية - فهد بن هلابي - ص 133,"[{""f"": ""جدران المجلس ناعمة جداً نتيجة الطلاء المتقن."", ""h"": ""جدران المجلس ناعمة مثل الملس.""}]",[],"[""architecture"", ""daily life"", ""home""]","الكلمة: اَلْمَلَس (الملس)
الجذر: ملس
الفصحى: تلييس النورة الناعم
المعنى: المرحلة النهائية من طلاء الجدران بالنورة، حيث تفرك بالأداة (الروك) لتصبح ناعمة جداً.
مثال: جدران المجلس ناعمة مثل الملس.
الوسوم: architecture، daily life، home
ملاحظة: يعتبر الملس علامة على جودة العمل في تشطيب البيوت."
922,مِطْوَال,مطوال,mTwal,طول,Noun,object,غرفة طولية,غرفة صغيرة الحجم ممتدة طولياً بموازاة الممر الرئيسي للبيت.,general,[],[],غالباً ما تستخدم كمخزن أو غرفة نوم إضافية.,قاموس اللهجة الحضرمية - فهد بن هلابي - ص 134,"[{""f"": ""وضعنا الأمتعة الفائضة في الغرفة الطولية الصغيرة."", ""h"": ""حطينا الأغراض الزايدة في المطوال.""}]",[],"[""architecture"", ""daily life"", ""home""]","الكلمة: مِطْوَال (مطوال)
الجذر: طول
الفصحى: غرفة طولية
المعنى: غرفة صغيرة الحجم ممتدة طولياً بموازاة الممر الرئيسي للبيت.
مثال: حطينا الأغراض الزايدة في المطوال.
الوسوم: architecture، daily life، home
ملاحظة: غالباً ما تستخدم كمخزن أو غرفة نوم إضافية."
923,اَلْمِخْوَال,المخوال,almkhwal,خول,Noun,object,المرحاض,المكان المخصص لقضاء الحاجة داخل البيت.,general,"[""الدرنش""]",[],يصمم بنظام تقليدي يضمن عزل الفضلات .,قاموس اللهجة الحضرمية - فهد بن هلابي - ص 134,"[{""f"": ""البيت القديم يوجد فيه المرحاض في الزاوية بعيداً عن الغرف."", ""h"": ""البيت القديم فيه المخوال في الركن بعيد عن الغرف.""}]",[],"[""architecture"", ""daily life"", ""home""]","الكلمة: اَلْمِخْوَال (المخوال)
الجذر: خول
الفصحى: المرحاض
المعنى: المكان المخصص لقضاء الحاجة داخل البيت.
المرادفات: الدرنش
مثال: البيت القديم فيه المخوال في الركن بعيد عن الغرف.
الوسوم: architecture، daily life، home
ملاحظة: يصمم بنظام تقليدي يضمن عزل الفضلات ."
924,اَلْمَحْضَة,المحضة,almHDh,محض,Noun,object,تلييس الطين,عملية تغطية جدران المدر (الطوب) بطبقة من الطين الناعم لحمايتها وتجميلها.,general,[],[],المحضة هي الخطوة التي تسبق طلاء البيت بالنورة.,قاموس اللهجة الحضرمية - فهد بن هلابي - ص 134,"[{""f"": ""البيت يحتاج إلى تلييس طيني جديد قبل موسم الأمطار."", ""h"": ""البيت يحتاج محضة جديدة قبل موسم المطر.""}]",[],"[""architecture""]","الكلمة: اَلْمَحْضَة (المحضة)
الجذر: محض
الفصحى: تلييس الطين
المعنى: عملية تغطية جدران المدر (الطوب) بطبقة من الطين الناعم لحمايتها وتجميلها.
مثال: البيت يحتاج محضة جديدة قبل موسم المطر.
الوسوم: architecture
ملاحظة: المحضة هي الخطوة التي تسبق طلاء البيت بالنورة."
925,اَلْمُعَلِّم,المعلم,alm3lm,علم,Noun,object,رئيس البنائين,الشخص الخبير الذي يتولى مسؤولية البناء والإشراف على العمال.,general,[],[],المعلم في حضرموت له مكانة كبيرة لخبرته في هندسة الطين والنورة. بشد اللام,قاموس اللهجة الحضرمية - فهد بن هلابي - ص 134,"[{""f"": ""اتفقنا مع رئيس البنائين ليبني لنا الطابق الثاني."", ""h"": ""اتفقنا مع المعلم فلان يبني لنا الدور الثاني.""}]",[],"[""daily life"", ""architecture"", ""home"", ""builder""]","الكلمة: اَلْمُعَلِّم (المعلم)
الجذر: علم
الفصحى: رئيس البنائين
المعنى: الشخص الخبير الذي يتولى مسؤولية البناء والإشراف على العمال.
مثال: اتفقنا مع المعلم فلان يبني لنا الدور الثاني.
الوسوم: daily life، architecture، home، builder
ملاحظة: المعلم في حضرموت له مكانة كبيرة لخبرته في هندسة الطين والنورة. بشد اللام"
926,اَلْمَخْدَم,المخدم,almkhdm,خدم,Noun,object,المطبخ,المكان المخصص لطهي الطعام وتجهيزه داخل الدار.,general,"[""مطبخ""]",[],يسمى المخدم لقضاء حوائج الخدمة والطبخ فيه.,قاموس اللهجة الحضرمية - فهد بن هلابي - ص 134,"[{""f"": ""الوالدة في المطبخ تحضر العشاء."", ""h"": ""الوالدة في المخدم تسوي العشاء.""}]",[],"[""architecture"", ""daily life"", ""home""]","الكلمة: اَلْمَخْدَم (المخدم)
الجذر: خدم
الفصحى: المطبخ
المعنى: المكان المخصص لطهي الطعام وتجهيزه داخل الدار.
المرادفات: مطبخ
مثال: الوالدة في المخدم تسوي العشاء.
الوسوم: architecture، daily life، home
ملاحظة: يسمى المخدم لقضاء حوائج الخدمة والطبخ فيه."
927,اَلْمِزْيَاب,المزياب,almzyab,زيب,Noun,object,خزان استحمام (دش),حوض صغير يُبنى في زاوية الحمام، يملأ بالماء ويُفتح من الأسفل للاستحمام.,general,[],[],كان يمثل وسيلة الاستحمام الحديثة قديماً قبل وصول التمديدات الحديثة.,قاموس اللهجة الحضرمية - فهد بن هلابي - ص 134,"[{""f"": ""استحم تحت خزان الماء وأنهى الماء بسرعة."", ""h"": ""تسبح في المزياب وخلص الماء بسرعة.""}]",[],"[""architecture"", ""daily life"", ""home""]","الكلمة: اَلْمِزْيَاب (المزياب)
الجذر: زيب
الفصحى: خزان استحمام (دش)
المعنى: حوض صغير يُبنى في زاوية الحمام، يملأ بالماء ويُفتح من الأسفل للاستحمام.
مثال: تسبح في المزياب وخلص الماء بسرعة.
الوسوم: architecture، daily life، home
ملاحظة: كان يمثل وسيلة الاستحمام الحديثة قديماً قبل وصول التمديدات الحديثة."
928,اَلْمَقْصَد,المقصد,almqSd,قصد,Noun,object,مجلس الاستقبال,غرفة كبيرة ملحقة بالبيت مخصصة لاستقبال الضيوف والمناسبات الاجتماعية الكبيرة.,general,"[""المقعد""]",[],عادة ما يكون المقصد في الدور الأرضي لتسهيل وصول الضيوف.,قاموس اللهجة الحضرمية - فهد بن هلابي - ص 134,"[{""f"": ""مجلس الاستقبال اليوم مليء بالضيوف من خارج المنطقة."", ""h"": ""المقصد اليوم مليان ضيوف من خارج البلاد.""}]",[],"[""architecture"", ""social customs"", ""home""]","الكلمة: اَلْمَقْصَد (المقصد)
الجذر: قصد
الفصحى: مجلس الاستقبال
المعنى: غرفة كبيرة ملحقة بالبيت مخصصة لاستقبال الضيوف والمناسبات الاجتماعية الكبيرة.
المرادفات: المقعد
مثال: المقصد اليوم مليان ضيوف من خارج البلاد.
الوسوم: architecture، social customs، home
ملاحظة: عادة ما يكون المقصد في الدور الأرضي لتسهيل وصول الضيوف."
929,اَلْمِشْرَاف,المشراف,almshraf,شرف,Noun,object,فتحة المراقبة,فتحة صغيرة في جدار السطح (الريم) تستخدم لمعرفة من يطرق الباب بالأسفل.,general,[],[],تستخدم كنوع من وسائل الحماية والخصوصية في البيوت.,قاموس اللهجة الحضرمية - فهد بن هلابي - ص 134,"[{""f"": ""انظر من عند الباب الرئيسي من خلال فتحة المراقبة."", ""h"": ""شوف من في السدة عبر المشراف.""}]",[],"[""architecture"", ""daily life"", ""home""]","الكلمة: اَلْمِشْرَاف (المشراف)
الجذر: شرف
الفصحى: فتحة المراقبة
المعنى: فتحة صغيرة في جدار السطح (الريم) تستخدم لمعرفة من يطرق الباب بالأسفل.
مثال: شوف من في السدة عبر المشراف.
الوسوم: architecture، daily life، home
ملاحظة: تستخدم كنوع من وسائل الحماية والخصوصية في البيوت."
930,اَلْمُقْعَد,المقعد,almq3d,قعد,Noun,object,ديوان الضيوف,غرفة واسعة مخصصة لجلوس الرجال واستقبال الزوار في المناسبات.,general,"[""المقصد""]",[],يشتهر المقعد الحضرمي بجلساته المريحة (المراتي).,قاموس اللهجة الحضرمية - فهد بن هلابي - ص 135,"[{""f"": ""جلسة القهوة اليوم في الديوان بعد صلاة العصر."", ""h"": ""القهوة اليوم في المقعد بعد صلاة العصر.""}]",[],"[""architecture"", ""social customs"", ""home""]","الكلمة: اَلْمُقْعَد (المقعد)
الجذر: قعد
الفصحى: ديوان الضيوف
المعنى: غرفة واسعة مخصصة لجلوس الرجال واستقبال الزوار في المناسبات.
المرادفات: المقصد
مثال: القهوة اليوم في المقعد بعد صلاة العصر.
الوسوم: architecture، social customs، home
ملاحظة: يشتهر المقعد الحضرمي بجلساته المريحة (المراتي)."
931,اَلْمُعْتَن,المعتن,alm3tn,عتن,Noun,object,دعامة التقوية,بناء إضافي أو دعامة خشبية تضاف لتقوية أجزاء البيت الضعيفة المهددة بالسقوط.,general,[],[],يستخدم المعتن كإجراء وقائي لترميم البيوت القديمة.,قاموس اللهجة الحضرمية - فهد بن هلابي - ص 135,"[{""f"": ""قام البناء بعمل دعامة للجدار المائل لتقويته."", ""h"": ""المعلم سوى معتن للجدار المايل.""}]",[],"[""architecture""]","الكلمة: اَلْمُعْتَن (المعتن)
الجذر: عتن
الفصحى: دعامة التقوية
المعنى: بناء إضافي أو دعامة خشبية تضاف لتقوية أجزاء البيت الضعيفة المهددة بالسقوط.
مثال: المعلم سوى معتن للجدار المايل.
الوسوم: architecture
ملاحظة: يستخدم المعتن كإجراء وقائي لترميم البيوت القديمة."
932,اَلْمَغْلُول,المغلول,almghlwl,غلل,Noun,object,غرفة بلا نوافذ,غرفة داخلية في البيت لا توجد بها نوافذ، تستخدم غالباً للتخزين أو المبيت في البرد.,general,"[""المبرد""]",[],تكون هذه الغرف دافئة شتاءً وباردة صيفاً لعزلها عن الخارج.,قاموس اللهجة الحضرمية - فهد بن هلابي - ص 135,"[{""f"": ""وضعنا أكياس الأرز في الغرفة الداخلية المغلقة."", ""h"": ""حطينا شوالات الأرز في المغلول.""}]",[],"[""architecture"", ""daily life"", ""home""]","الكلمة: اَلْمَغْلُول (المغلول)
الجذر: غلل
الفصحى: غرفة بلا نوافذ
المعنى: غرفة داخلية في البيت لا توجد بها نوافذ، تستخدم غالباً للتخزين أو المبيت في البرد.
المرادفات: المبرد
مثال: حطينا شوالات الأرز في المغلول.
الوسوم: architecture، daily life، home
ملاحظة: تكون هذه الغرف دافئة شتاءً وباردة صيفاً لعزلها عن الخارج."
933,اَلْمُطَيْبِخ,المطيبخ,almTybkh,طبخ,Noun,object,فناء الحمام,المساحة الصغيرة أو الفناء الذي يسبق مدخل مكان الوضوء (الطهارة).,general,[],[],يستخدم لوضع أحذية الحمام أو أواني الماء.,قاموس اللهجة الحضرمية - فهد بن هلابي - ص 135,"[{""f"": ""اترك حذاءك في فناء الحمام قبل الدخول للوضوء."", ""h"": ""خل نعالك في المطيبخ قبل ما تدخل الطهارة.""}]",[],"[""architecture"", ""daily life"", ""home""]","الكلمة: اَلْمُطَيْبِخ (المطيبخ)
الجذر: طبخ
الفصحى: فناء الحمام
المعنى: المساحة الصغيرة أو الفناء الذي يسبق مدخل مكان الوضوء (الطهارة).
مثال: خل نعالك في المطيبخ قبل ما تدخل الطهارة.
الوسوم: architecture، daily life، home
ملاحظة: يستخدم لوضع أحذية الحمام أو أواني الماء."
934,مَرْهَاة,مرهاه,mrhah,رهي,Noun,object,حجر الطحن,حجر مستطيل الشكل يستخدم لطحن الذرة والحبوب يدوياً بواسطة حجر آخر يسمى (العالي).,general,[],[],كانت المرهاة أداة أساسية في كل بيت حضرمي قديماً قبل ظهور المطاحن.,قاموس اللهجة الحضرمية - فهد بن هلابي - ص 135,"[{""f"": ""الجدة تطحن حبوب الذرة فوق حجر الطحن منذ الفجر."", ""h"": ""الجدة تطحن الذرة فوق المرهاه من الفجر.""}]",[],"[""daily life"", ""agriculture"", ""home""]","الكلمة: مَرْهَاة (مرهاه)
الجذر: رهي
الفصحى: حجر الطحن
المعنى: حجر مستطيل الشكل يستخدم لطحن الذرة والحبوب يدوياً بواسطة حجر آخر يسمى (العالي).
مثال: الجدة تطحن الذرة فوق المرهاه من الفجر.
الوسوم: daily life، agriculture، home
ملاحظة: كانت المرهاة أداة أساسية في كل بيت حضرمي قديماً قبل ظهور المطاحن."
935,اَلْمَيْسَمة,الميسمة,almysmh,وسم,Noun,object,غرفة تخزين الحطب,غرفة تكون في أطراف البيت أو السطح تستخدم لتخزين الحطب أو الأدوات الزراعية.,general,[],[],توجد غالباً في البيوت الريفية.,قاموس اللهجة الحضرمية - فهد بن هلابي - ص 135,"[{""f"": ""اذهب وأحضر حطباً من مخزن الحطب لأجل الموقد."", ""h"": ""روح هات حطب من الميسمة عشان التنار.""}]",[],"[""architecture"", ""daily life"", ""home""]","الكلمة: اَلْمَيْسَمة (الميسمة)
الجذر: وسم
الفصحى: غرفة تخزين الحطب
المعنى: غرفة تكون في أطراف البيت أو السطح تستخدم لتخزين الحطب أو الأدوات الزراعية.
مثال: روح هات حطب من الميسمة عشان التنار.
الوسوم: architecture، daily life، home
ملاحظة: توجد غالباً في البيوت الريفية."
936,اَلْمُفَقَّر,المفقر,almfqr,فقر,Noun,object,نوع من الأبواب,تسمية تطلق على الأبواب الخشبية القديمة التي تحتوي على نقوش أو فواصل معينة.,general,[],[],تتميز بجمالية التصميم وتعتبر جزءاً من الفن المعماري.,قاموس اللهجة الحضرمية - فهد بن هلابي - ص 135,"[{""f"": ""هذا الباب من النوع المنقوش، صناعته قديمة ومتقنة."", ""h"": ""هذا الباب مفقر، شغله قديم ومتعوب عليه.""}]",[],"[""architecture"", ""art""]","الكلمة: اَلْمُفَقَّر (المفقر)
الجذر: فقر
الفصحى: نوع من الأبواب
المعنى: تسمية تطلق على الأبواب الخشبية القديمة التي تحتوي على نقوش أو فواصل معينة.
مثال: هذا الباب مفقر، شغله قديم ومتعوب عليه.
الوسوم: architecture، art
ملاحظة: تتميز بجمالية التصميم وتعتبر جزءاً من الفن المعماري."
937,مُفَلْطَح,مفلطح,mflTH,فلطح,Adjective,descriptor,عريض / منبسط,وصف للشيء المدور والمنبسط، ويقال للوجه إذا كان عريضاً.,general,"[""مفطس""]",[],تستخدم لوصف الخبز أو بعض الأدوات المنزلية المسطحة.,قاموس اللهجة الحضرمية - فهد بن هلابي - ص 135,"[{""f"": ""الخبز اليوم خرج عريضاً ومنبسطاً بشكل جيد."", ""h"": ""الخبز اليوم طلع مفلطح وزين.""}]",[],"[""daily life"", ""appearance"", ""home""]","الكلمة: مُفَلْطَح (مفلطح)
الجذر: فلطح
الفصحى: عريض / منبسط
المعنى: وصف للشيء المدور والمنبسط، ويقال للوجه إذا كان عريضاً.
المرادفات: مفطس
مثال: الخبز اليوم طلع مفلطح وزين.
الوسوم: daily life، appearance، home
ملاحظة: تستخدم لوصف الخبز أو بعض الأدوات المنزلية المسطحة."
938,اَلْمَرْوَض,المروض,almrwD,روض,Noun,object,زنبيل سعفي,وعاء يشبه الدلو مصنوع من سعف النخيل يستخدم لحمل التمر أو السبول أو الطين.,general,"[""المربشة""]",[],يصنع يدوياً وهو خفيف الوزن وقوي التحمل.,قاموس اللهجة الحضرمية - فهد بن هلابي - ص 136,"[{""f"": ""احمل الزنبيل السعفي واذهب لجني التمر من النخلة."", ""h"": ""شل المروض وروح خرف التمر من النخلة.""}]",[],"[""agriculture"", ""daily life"", ""home""]","الكلمة: اَلْمَرْوَض (المروض)
الجذر: روض
الفصحى: زنبيل سعفي
المعنى: وعاء يشبه الدلو مصنوع من سعف النخيل يستخدم لحمل التمر أو السبول أو الطين.
المرادفات: المربشة
مثال: شل المروض وروح خرف التمر من النخلة.
الوسوم: agriculture، daily life، home
ملاحظة: يصنع يدوياً وهو خفيف الوزن وقوي التحمل."
939,اَلْمَرْكَز,المركز,almrkz,ركز,Noun,object,برج مراقبة,مبنى عسكري صغير بفتحات ضيقة يقع على قمم الجبال لحراسة المداخل.,wadi,"[""الكوت""]",[],يسمى في المدن الداخلية 'الكوت' وفي الأودية 'المركز'.,قاموس اللهجة الحضرمية - فهد بن هلابي - ص 175,"[{""f"": ""الجنود يتناوبون على الحراسة في برج المراقبة فوق الجبل."", ""h"": ""العسكر يتناوبون في المركز فوق خشم الجبل.""}]",[],"[""history"", ""architecture"", ""defense""]","الكلمة: اَلْمَرْكَز (المركز)
الجذر: ركز
الفصحى: برج مراقبة
المعنى: مبنى عسكري صغير بفتحات ضيقة يقع على قمم الجبال لحراسة المداخل.
المرادفات: الكوت
مثال: العسكر يتناوبون في المركز فوق خشم الجبل.
الوسوم: history، architecture، defense
ملاحظة: يسمى في المدن الداخلية 'الكوت' وفي الأودية 'المركز'."
940,مُلَقِّن اَلدَّان,ملقن الدان,mlqn aldan,لقن,Noun,object,مساعد الشاعر / الملقن,شخص يحفظ الأبيات بسرعة من الشاعر ويلقنها للمغني في جلسات الدان الحضرمي.,general,[],[],يجب أن يتمتع الملقن بسرعة بديهة وذاكرة قوية.,قاموس اللهجة الحضرمية - فهد بن هلابي - ص 136,"[{""f"": ""الملقن بارع، يحفظ البيت الشعري من المرة الأولى."", ""h"": ""الملقن شاطر، يحفظ البيت من أول مرة.""}]",[],"[""art"", ""social customs""]","الكلمة: مُلَقِّن اَلدَّان (ملقن الدان)
الجذر: لقن
الفصحى: مساعد الشاعر / الملقن
المعنى: شخص يحفظ الأبيات بسرعة من الشاعر ويلقنها للمغني في جلسات الدان الحضرمي.
مثال: الملقن شاطر، يحفظ البيت من أول مرة.
الوسوم: art، social customs
ملاحظة: يجب أن يتمتع الملقن بسرعة بديهة وذاكرة قوية."
941,اَلنَّوَاغِير,النواغير,alnwaghyr,نغر,Noun,object,آلام عضلية,أوجاع شديدة تصيب الظهر أو الصدر أو الأرداف نتيجة ريح غليظ أو تعب جسدي.,general,[],[],غالباً ما تعالج شعبياً بالتدليك (التمريخ) أو الكي.,قاموس اللهجة الحضرمية - فهد بن هلابي - ص 137,"[{""f"": ""ظهري يؤلمني، يبدو أن الأوجاع العضلية أصابتني."", ""h"": ""ظهري يعورني، شكلها النواغير مسكت فيني.""}]",[],"[""health"", ""daily life""]","الكلمة: اَلنَّوَاغِير (النواغير)
الجذر: نغر
الفصحى: آلام عضلية
المعنى: أوجاع شديدة تصيب الظهر أو الصدر أو الأرداف نتيجة ريح غليظ أو تعب جسدي.
مثال: ظهري يعورني، شكلها النواغير مسكت فيني.
الوسوم: health، daily life
ملاحظة: غالباً ما تعالج شعبياً بالتدليك (التمريخ) أو الكي."
942,نُصُّه,نصه,nSh,نصف,Noun,object,نصفه,كلمة تعني النصف من الشيء.,general,[],[],تستخدم بكثرة في المعاملات التجارية واليومية. بشد الصاد,قاموس اللهجة الحضرمية - فهد بن هلابي - ص 137,"[{""f"": ""أعطني نصفه الآن والباقي غداً."", ""h"": ""عطني نصه الحين والباقي بكرة.""}]","[""الأخضر ينقص نصه""]","[""daily life"", ""agriculture""]","الكلمة: نُصُّه (نصه)
الجذر: نصف
الفصحى: نصفه
المعنى: كلمة تعني النصف من الشيء.
مثال: عطني نصه الحين والباقي بكرة.
الوسوم: daily life، agriculture
ملاحظة: تستخدم بكثرة في المعاملات التجارية واليومية. بشد الصاد"
943,نَقْحَة,نقحه,nqHh,نقح,Noun,object,الضربة / اللطمة,الضربة المفاجئة، وغالباً ما تطلق على ضربة الرأس (الكور). بسكون القاف,general,[],[],كلمة تعبر عن قوة الاصطدام.,قاموس اللهجة الحضرمية - فهد بن هلابي - ص 137,"[{""f"": ""تلقى ضربة في رأسه بسبب ارتطامه بالباب."", ""h"": ""أكل نقحة في راسه من الباب.""}]",[],"[""daily life""]","الكلمة: نَقْحَة (نقحه)
الجذر: نقح
الفصحى: الضربة / اللطمة
المعنى: الضربة المفاجئة، وغالباً ما تطلق على ضربة الرأس (الكور). بسكون القاف
مثال: أكل نقحة في راسه من الباب.
الوسوم: daily life
ملاحظة: كلمة تعبر عن قوة الاصطدام."
944,اَلنُّورَة,النوره,alnwrh,نور,Noun,object,الجير الأبيض,مادة بيضاء تستخدم لطلاء المنازل، تستخرج من حرق الأحجار الجيرية في أفران خاصة (الكير).,general,[],[],تعتبر النورة الحضرمية من أجود أنواع الطلاء الطبيعي المقاوم للحرارة.,قاموس اللهجة الحضرمية - فهد بن هلابي - ص 137,"[{""f"": ""طلينا البيت بالجير وظهر أبيضاً ناصعاً."", ""h"": ""نورنا البيت وطلع يلق من البياض.""}]",[],"[""architecture"", ""daily life"", ""home""]","الكلمة: اَلنُّورَة (النوره)
الجذر: نور
الفصحى: الجير الأبيض
المعنى: مادة بيضاء تستخدم لطلاء المنازل، تستخرج من حرق الأحجار الجيرية في أفران خاصة (الكير).
مثال: نورنا البيت وطلع يلق من البياض.
الوسوم: architecture، daily life، home
ملاحظة: تعتبر النورة الحضرمية من أجود أنواع الطلاء الطبيعي المقاوم للحرارة."
945,نَذْقَة,نذقه,ndhqh,نذق,Noun,object,الرمية,عملية قذف أو رمي الشيء من اليد.,general,[],[],فعل مرتبط بالحركة السريعة للقذف.,قاموس اللهجة الحضرمية - فهد بن هلابي - ص 137,"[{""f"": ""ارمِ الحجر في البئر لتعرف كم يبلغ عمقه."", ""h"": ""انذق الحجر في البير وشوف كم عمقه.""}]",[],"[""daily life"", ""agriculture""]","الكلمة: نَذْقَة (نذقه)
الجذر: نذق
الفصحى: الرمية
المعنى: عملية قذف أو رمي الشيء من اليد.
مثال: انذق الحجر في البير وشوف كم عمقه.
الوسوم: daily life، agriculture
ملاحظة: فعل مرتبط بالحركة السريعة للقذف."
946,نَقْنَقَة,نقنقه,nqnqh,نقنق,Verb,action,النميمة / الإلحاح,كثرة الكلام الملح أو الحديث في شؤون الآخرين (النميمة).,general,[],[],تستخدم لوصف الشخص الذي لا يتوقف عن الشكوى أو الكلام المزعج.,قاموس اللهجة الحضرمية - فهد بن هلابي - ص 137,"[{""f"": ""توقف عن الإلحاح الزائد، لقد عرفنا ما تطلبه."", ""h"": ""بطل النقنقة الزايدة، قدنا عرفنا الطلب.""}]","[""حبك ونقنق عليك""]","[""daily life"", ""social customs""]","الكلمة: نَقْنَقَة (نقنقه)
الجذر: نقنق
الفصحى: النميمة / الإلحاح
المعنى: كثرة الكلام الملح أو الحديث في شؤون الآخرين (النميمة).
مثال: بطل النقنقة الزايدة، قدنا عرفنا الطلب.
الوسوم: daily life، social customs
ملاحظة: تستخدم لوصف الشخص الذي لا يتوقف عن الشكوى أو الكلام المزعج."
947,نُكُوس,نكوس,nkws,نكس,Noun,object,المنحدر / النزول,الأرض المائلة نحو الأسفل أو حالة الانحدار.,general,[],[],تستخدم لوصف الطرق الجبلية المنحدرة. بضم النون والكاف,قاموس اللهجة الحضرمية - فهد بن هلابي - ص 137,"[{""f"": ""الطريق فيه منحدر شديد، انتبه أثناء القيادة."", ""h"": ""الطريق فيه نكوس قوي، انتبه وأنت تسوق.""}]",[],"[""nature"", ""daily life"", ""transportation""]","الكلمة: نُكُوس (نكوس)
الجذر: نكس
الفصحى: المنحدر / النزول
المعنى: الأرض المائلة نحو الأسفل أو حالة الانحدار.
مثال: الطريق فيه نكوس قوي، انتبه وأنت تسوق.
الوسوم: nature، daily life، transportation
ملاحظة: تستخدم لوصف الطرق الجبلية المنحدرة. بضم النون والكاف"
948,نَوْش,نوش,nwsh,نوش,Verb,action,أرمي / أقذف,بمعنى الرمي باليد، ويقال نوشه أي رماه بشيء.,general,"[""حذف"", ""رمى""]",[],وردت في الشعر الشعبي: (فزعان لا نوش بحذفه اتصيد وإلا ما اتصيد).,قاموس اللهجة الحضرمية - فهد بن هلابي - ص 145,"[{""f"": ""ألقِ الحجر بعيداً عن المنزل."", ""h"": ""نوش الحجر بعيد عن الدار.""}, {""f"": ""لا ترمني بالكرة."", ""h"": ""لا تنوشني بالكرة.""}]",[],"[""daily life"", ""actions""]","الكلمة: نَوْش (نوش)
الجذر: نوش
الفصحى: أرمي / أقذف
المعنى: بمعنى الرمي باليد، ويقال نوشه أي رماه بشيء.
المرادفات: حذف، رمى
مثال: نوش الحجر بعيد عن الدار.
الوسوم: daily life، actions
ملاحظة: وردت في الشعر الشعبي: (فزعان لا نوش بحذفه اتصيد وإلا ما اتصيد)."
949,اَلنَّظَف,النظف,alnZf,نظف,Noun,object,حبل لإخافة الطيور,حبل طويل يُستعمل في المزارع لإصدار صوت أو حركة لإبعاد الطيور عن المحاصيل.,general,[],[],أداة زراعية تقليدية لحماية الثمار.,قاموس اللهجة الحضرمية - فهد بن هلابي - ص 138,"[{""f"": ""ضع حبل إخافة الطيور في الساحة لأجل العصافير."", ""h"": ""حط النظف في الساحة عشان العصافير.""}]",[],"[""agriculture"", ""tools"", ""daily life""]","الكلمة: اَلنَّظَف (النظف)
الجذر: نظف
الفصحى: حبل لإخافة الطيور
المعنى: حبل طويل يُستعمل في المزارع لإصدار صوت أو حركة لإبعاد الطيور عن المحاصيل.
مثال: حط النظف في الساحة عشان العصافير.
الوسوم: agriculture، tools، daily life
ملاحظة: أداة زراعية تقليدية لحماية الثمار."
950,نَيْرَة,نيرة,nyrh,نير,Noun,object,فضيحة,تُطلق على الأمر المخزي أو الفضيحة التي تنتشر بين الناس.,general,"[""فضيحة"", ""خزوة""]",[],تستخدم للتحذير من الوقوع في العيب. بكسر النون,قاموس اللهجة الحضرمية - فهد بن هلابي - ص 138,"[{""f"": ""هذه فضيحة كبيرة حدثت في الحي."", ""h"": ""هذه نيرة كبيرة وقعت في الحافة.""}]",[],"[""social customs"", ""ethics"", ""daily life""]","الكلمة: نَيْرَة (نيرة)
الجذر: نير
الفصحى: فضيحة
المعنى: تُطلق على الأمر المخزي أو الفضيحة التي تنتشر بين الناس.
المرادفات: فضيحة، خزوة
مثال: هذه نيرة كبيرة وقعت في الحافة.
الوسوم: social customs، ethics، daily life
ملاحظة: تستخدم للتحذير من الوقوع في العيب. بكسر النون"
951,اَلنَّدْوَة,الندوة,alndwh,ندى,Noun,time,الطل / الندى,قطرات الماء التي تتكون على أوراق الشجر والأسطح في الصباح الباكر.,general,"[""طل""]",[],,قاموس اللهجة الحضرمية - فهد بن هلابي - ص 138,"[{""f"": ""الندى يغطي الأشجار هذا الصباح."", ""h"": ""الندوة مغطية الشجر اليوم الصبح.""}]",[],"[""nature"", ""weather""]","الكلمة: اَلنَّدْوَة (الندوة)
الجذر: ندى
الفصحى: الطل / الندى
المعنى: قطرات الماء التي تتكون على أوراق الشجر والأسطح في الصباح الباكر.
المرادفات: طل
مثال: الندوة مغطية الشجر اليوم الصبح.
الوسوم: nature، weather"
952,اَلنَّوْش,النوش,alnwsh,نوش,Noun,object,هز أغصان الشجر,عملية هز وتحريك أغصان شجر (العلوب) بقصد إسقاط الثمار (الدوم).,general,[],[],تختلف عن الفعل 'نوش' بمعنى رمى، فهذه اسم لعملية الجني. بشد النون,قاموس اللهجة الحضرمية - فهد بن هلابي - ص 138,"[{""f"": ""بدأ وقت هز أغصان السدر لجني الثمار."", ""h"": ""بدا وقت النوش في العلوب.""}]",[],"[""agriculture"", ""nature"", ""movement""]","الكلمة: اَلنَّوْش (النوش)
الجذر: نوش
الفصحى: هز أغصان الشجر
المعنى: عملية هز وتحريك أغصان شجر (العلوب) بقصد إسقاط الثمار (الدوم).
مثال: بدا وقت النوش في العلوب.
الوسوم: agriculture، nature، movement
ملاحظة: تختلف عن الفعل 'نوش' بمعنى رمى، فهذه اسم لعملية الجني. بشد النون"
953,اَلنَّامُوس,الناموس,alnamws,نمس,Noun,object,عزة النفس / الكرامة,الشرف والكرامة والمكانة الاجتماعية المرموقة.,general,"[""كرامة"", ""عزة"", ""شرف""]",[],تقال أيضاً للمدح: (فلان راعي ناموس). بشد النون,قاموس اللهجة الحضرمية - فهد بن هلابي - ص 138,"[{""f"": ""الكرامة لا تُشترى بالمال."", ""h"": ""الناموس ما يشترى بالفلوس.""}]",[],"[""personality traits"", ""values"", ""daily life""]","الكلمة: اَلنَّامُوس (الناموس)
الجذر: نمس
الفصحى: عزة النفس / الكرامة
المعنى: الشرف والكرامة والمكانة الاجتماعية المرموقة.
المرادفات: كرامة، عزة، شرف
مثال: الناموس ما يشترى بالفلوس.
الوسوم: personality traits، values، daily life
ملاحظة: تقال أيضاً للمدح: (فلان راعي ناموس). بشد النون"
954,اَلنَّوْخَذَة,النوخذه,alnwkhdhh,نخذ,Noun,object,ربان السفينة,القائد المسؤول عن السفينة وإدارتها في البحر.,coast,"[""ربان"", ""قبطان""]",[],مصطلح شائع في المناطق الساحلية الحضرمية. بشد النون,قاموس اللهجة الحضرمية - فهد بن هلابي - ص 138,"[{""f"": ""الربان يعرف طرق البحر جيداً."", ""h"": ""النوخذه يعرف مسالك البحر زين.""}]",[],"[""jobs"", ""sea"", ""daily life""]","الكلمة: اَلنَّوْخَذَة (النوخذه)
الجذر: نخذ
الفصحى: ربان السفينة
المعنى: القائد المسؤول عن السفينة وإدارتها في البحر.
المرادفات: ربان، قبطان
مثال: النوخذه يعرف مسالك البحر زين.
الوسوم: jobs، sea، daily life
ملاحظة: مصطلح شائع في المناطق الساحلية الحضرمية. بشد النون"
955,اَلتَّنْصُورَة,التنصورة,altnSwrh,نصر,Noun,object,أهازيج قبلية,نوع من (الهوكة) ترددها القبائل تفاخراً بالنصر، وتوضع فيها الأيدي على رأس العريس.,general,"[""هوكة""]",[],تقليد تراثي في الأعراس الحضرمية لتعزيز الروابط القبلية.,قاموس اللهجة الحضرمية - فهد بن هلابي - ص 138,"[{""f"": ""أقاموا أهازيج النصر للعريس في ليلة الزفاف."", ""h"": ""سوا تنصورة للعريس في ليلة الزفاف.""}]",[],"[""social customs"", ""weddings""]","الكلمة: اَلتَّنْصُورَة (التنصورة)
الجذر: نصر
الفصحى: أهازيج قبلية
المعنى: نوع من (الهوكة) ترددها القبائل تفاخراً بالنصر، وتوضع فيها الأيدي على رأس العريس.
المرادفات: هوكة
مثال: سوا تنصورة للعريس في ليلة الزفاف.
الوسوم: social customs، weddings
ملاحظة: تقليد تراثي في الأعراس الحضرمية لتعزيز الروابط القبلية."
956,اَلنَّفْظَة,النفظة,alnfZh,نفط,Verb,action,الصعق الكهربائي,تستخدم لوصف الشخص الذي يتعرض لصعقة كهربائية مفاجئة.,general,"[""صعقة""]",[],,قاموس اللهجة الحضرمية - فهد بن هلابي - ص 138,"[{""f"": ""صعقته الكهرباء عندما لمس السلك."", ""h"": ""نفظته الكهرباء لما مس السلك.""}]",[],"[""daily life"", ""health"", ""electricity""]","الكلمة: اَلنَّفْظَة (النفظة)
الجذر: نفط
الفصحى: الصعق الكهربائي
المعنى: تستخدم لوصف الشخص الذي يتعرض لصعقة كهربائية مفاجئة.
المرادفات: صعقة
مثال: نفظته الكهرباء لما مس السلك.
الوسوم: daily life، health، electricity"
957,اَلنَّقْلَاه,النقلاه,alnqlah,نقل,Noun,object,وليمة الأقارب,دعوة العريسين لتناول الطعام من قبل الأقارب في المناطق المجاورة بعد الزواج.,general,[],[],جزء من طقوس الضيافة بعد الزفاف.,قاموس اللهجة الحضرمية - فهد بن هلابي - ص 138,"[{""f"": ""اليوم لديهم وليمة زفاف عند عمهم."", ""h"": ""اليوم معهم نقلاه عند عمهم.""}]",[],"[""social customs"", ""food"", ""daily life""]","الكلمة: اَلنَّقْلَاه (النقلاه)
الجذر: نقل
الفصحى: وليمة الأقارب
المعنى: دعوة العريسين لتناول الطعام من قبل الأقارب في المناطق المجاورة بعد الزواج.
مثال: اليوم معهم نقلاه عند عمهم.
الوسوم: social customs، food، daily life
ملاحظة: جزء من طقوس الضيافة بعد الزفاف."
958,اَلنُّقْبَة,النقبة,alnqbh,نقب,Noun,object,وشاح / نقاب,وشاح قطني خفيف ملون ترتديه المرأة لتغطية الرأس والوجه.,general,"[""نقاب"", ""وشاح""]",[],تكون عادة بألوان متعددة أو سادة.,قاموس اللهجة الحضرمية - فهد بن هلابي - ص 139,"[{""f"": ""اشترت وشاحاً قطنياً جديداً."", ""h"": ""اشترت نقبة قطنية جديدة.""}]",[],"[""clothing"", ""women""]","الكلمة: اَلنُّقْبَة (النقبة)
الجذر: نقب
الفصحى: وشاح / نقاب
المعنى: وشاح قطني خفيف ملون ترتديه المرأة لتغطية الرأس والوجه.
المرادفات: نقاب، وشاح
مثال: اشترت نقبة قطنية جديدة.
الوسوم: clothing، women
ملاحظة: تكون عادة بألوان متعددة أو سادة."
959,نحنا,نحنا,nHna,نحن,Expression,expression,نحن,ضمير المتكلم للجمع.,general,"[""نحن"", ""إنحن"", ""إحنا""]","[""إنحن""]",تستخدم 'إنحن' في بعض مناطق الوادي.,قاموس اللهجة الحضرمية - فهد بن هلابي - ص 139,"[{""f"": ""نحن سنذهب إلى القرية غداً."", ""h"": ""نحنا بنروح البلاد بكرة.""}]",[],"[""grammar"", ""expressions""]","الكلمة: نحنا
الجذر: نحن
الفصحى: نحن
المعنى: ضمير المتكلم للجمع.
المرادفات: نحن، إنحن، إحنا
مثال: نحنا بنروح البلاد بكرة.
الوسوم: grammar، expressions
ملاحظة: تستخدم 'إنحن' في بعض مناطق الوادي."
960,نَخْرَة,نخره,nkhrh,نخر,Noun,object,الأنف,عضو الشم في الوجه.,general,"[""خشم"", ""هنجو"", ""شخنة""]",[],,قاموس اللهجة الحضرمية - فهد بن هلابي - ص 139,"[{""f"": ""أنفه يؤلمه من الرشح."", ""h"": ""نخرته تعوره من الزكام.""}]",[],"[""body parts"", ""nose""]","الكلمة: نَخْرَة (نخره)
الجذر: نخر
الفصحى: الأنف
المعنى: عضو الشم في الوجه.
المرادفات: خشم، هنجو، شخنة
مثال: نخرته تعوره من الزكام.
الوسوم: body parts، nose"
961,اَلنَّوْء,النوء,alnw',نواء,Noun,time,السحاب,السحب المحملة بالمطر.,general,"[""غيم"", ""سحاب""]",[],بشد النون,قاموس اللهجة الحضرمية - فهد بن هلابي - ص 139,"[{""f"": ""السحاب متراكم في السماء."", ""h"": ""النوء متردم في السماء.""}]","[""ما معك نوء ترعد فيه""]","[""nature"", ""weather""]","الكلمة: اَلنَّوْء (النوء)
الجذر: نواء
الفصحى: السحاب
المعنى: السحب المحملة بالمطر.
المرادفات: غيم، سحاب
مثال: النوء متردم في السماء.
الوسوم: nature، weather
ملاحظة: بشد النون"
962,اَلنشْرَة,النشره,alnshrh,نشر,Noun,object,المواشي / الأنعام,تطلق على الحيوانات الأليفة وخاصة الإبل والبقر والأغنام.,general,"[""أنعام"", ""حلال""]",[],بكسر النون,قاموس اللهجة الحضرمية - فهد بن هلابي - ص 139,"[{""f"": ""أخرجوا المواشي إلى المرعى."", ""h"": ""سرحوا النشره للمرعى.""}]",[],"[""agriculture"", ""animals""]","الكلمة: اَلنشْرَة (النشره)
الجذر: نشر
الفصحى: المواشي / الأنعام
المعنى: تطلق على الحيوانات الأليفة وخاصة الإبل والبقر والأغنام.
المرادفات: أنعام، حلال
مثال: سرحوا النشره للمرعى.
الوسوم: agriculture، animals
ملاحظة: بكسر النون"
963,اَلنِّيْلَة,النيلة,alnylh,نيل,Noun,object,مادة صبغية,نبات يستخرج منه مادة تستخدم في الصباغة وتبييض الملابس.,general,[],[],بكسر الباء والياء,قاموس اللهجة الحضرمية - فهد بن هلابي - ص 139,"[{""f"": ""صبغ ثوبه بمادة النيلة."", ""h"": ""صبغ ثوبه بالنيلة.""}]",[],"[""nature"", ""clothing""]","الكلمة: اَلنِّيْلَة (النيلة)
الجذر: نيل
الفصحى: مادة صبغية
المعنى: نبات يستخرج منه مادة تستخدم في الصباغة وتبييض الملابس.
مثال: صبغ ثوبه بالنيلة.
الوسوم: nature، clothing
ملاحظة: بكسر الباء والياء"
964,اَلنُّوب,النوب,alnwb,نوب,Noun,object,النحل,حشرة النحل التي تنتج العسل.,general,"[""نحل""]",[],مشهور في حضرموت لإنتاج عسل السدر. بشد النون,قاموس اللهجة الحضرمية - فهد بن هلابي - ص 139,"[{""f"": ""النحل بنى له خلية في الشجرة."", ""h"": ""النوب بنى له خلية في الشجرة.""}]",[],"[""nature"", ""insects"", ""honey""]","الكلمة: اَلنُّوب (النوب)
الجذر: نوب
الفصحى: النحل
المعنى: حشرة النحل التي تنتج العسل.
المرادفات: نحل
مثال: النوب بنى له خلية في الشجرة.
الوسوم: nature، insects، honey
ملاحظة: مشهور في حضرموت لإنتاج عسل السدر. بشد النون"
965,ني,ني,ny,نيأ,Adjective,descriptor,نيئ / غير ناضج,تُطلق على الطعام الذي لم ينضج تماماً، أو الشخص الفظ.,general,"[""غير ناضج""]",[],,قاموس اللهجة الحضرمية - فهد بن هلابي - ص 139,"[{""f"": ""اللحم ما يزال نيئاً، أعده فوق النار."", ""h"": ""اللحم عاده ني، رده فوق النار.""}]",[],"[""food"", ""daily life""]","الكلمة: ني
الجذر: نيأ
الفصحى: نيئ / غير ناضج
المعنى: تُطلق على الطعام الذي لم ينضج تماماً، أو الشخص الفظ.
المرادفات: غير ناضج
مثال: اللحم عاده ني، رده فوق النار.
الوسوم: food، daily life"
966,اَلنَّزْوح / النُّزُوحَة,النزوح,alnzwH  alnzwHh,نزح,Noun,object,استخراج الماء,عملية إخراج الماء من البئر يدوياً أو بالدلو.,general,[],"[""نزح""]",,قاموس اللهجة الحضرمية - فهد بن هلابي - ص 139,"[{""f"": ""استخراج الماء من البئر يرهق الظهر."", ""h"": ""النزوح من البئر يتعب الظهر.""}]",[],"[""daily life"", ""water"", ""extraction""]","الكلمة: اَلنَّزْوح / النُّزُوحَة (النزوح)
الجذر: نزح
الفصحى: استخراج الماء
المعنى: عملية إخراج الماء من البئر يدوياً أو بالدلو.
مثال: النزوح من البئر يتعب الظهر.
الوسوم: daily life، water، extraction"
967,اَلنَّنَة,الننه,alnnh,نن,Noun,object,البومة,طائر البومة المعروف بصياحه في الليل.,general,[],[],بشد النون,قاموس اللهجة الحضرمية - فهد بن هلابي - ص 139,"[{""f"": ""سمعنا صياح البومة فوق المنزل."", ""h"": ""سمعنا صياح الننه فوق الدار.""}]",[],"[""nature"", ""birds""]","الكلمة: اَلنَّنَة (الننه)
الجذر: نن
الفصحى: البومة
المعنى: طائر البومة المعروف بصياحه في الليل.
مثال: سمعنا صياح الننه فوق الدار.
الوسوم: nature، birds
ملاحظة: بشد النون"
968,نخشوش,نخشوش,nkhshwsh,شخن,Noun,object,الأنف,تسمية أخرى للأنف في بعض اللهجات الحضرمية.,general,"[""نخرة"", ""خشم"", ""هنجو""]","[""نخشن""]",,قاموس اللهجة الحضرمية - فهد بن هلابي - ص 140,"[{""f"": ""لا تضع يدك في أنفك."", ""h"": ""لا تحط يدك في نخشوشك.""}]",[],"[""body parts"", ""nose""]","الكلمة: نخشوش
الجذر: شخن
الفصحى: الأنف
المعنى: تسمية أخرى للأنف في بعض اللهجات الحضرمية.
المرادفات: نخرة، خشم، هنجو
مثال: لا تحط يدك في نخشوشك.
الوسوم: body parts، nose"
969,اَلنَّصْلَة,النصلة,alnSlh,نصل,Noun,object,نصل الجنبية,الجزء المعدني الحاد من الجنبية (الخنجر).,general,"[""نصل""]",[],,قاموس اللهجة الحضرمية - فهد بن هلابي - ص 140,"[{""f"": ""نصل خنجره حاد ولامع."", ""h"": ""نصلة جنبيته حادة ولامعة.""}]",[],"[""tools"", ""traditions""]","الكلمة: اَلنَّصْلَة (النصلة)
الجذر: نصل
الفصحى: نصل الجنبية
المعنى: الجزء المعدني الحاد من الجنبية (الخنجر).
المرادفات: نصل
مثال: نصلة جنبيته حادة ولامعة.
الوسوم: tools، traditions"
970,وِيْش,ويش,wysh,أيش,Expression,expression,ماذا,أداة استفهام تستخدم للسؤال عن الشيء.,general,"[""ايش"", ""واه""]",[],,قاموس اللهجة الحضرمية - فهد بن هلابي - ص 141,"[{""f"": ""ماذا أفعل في هذا الموقف؟"", ""h"": ""ويش أسوي في هذا الحال؟""}]",[],"[""expressions"", ""grammar""]","الكلمة: وِيْش (ويش)
الجذر: أيش
الفصحى: ماذا
المعنى: أداة استفهام تستخدم للسؤال عن الشيء.
المرادفات: ايش، واه
مثال: ويش أسوي في هذا الحال؟
الوسوم: expressions، grammar"
971,وَصّ,وص,wS,وصي,Verb,action,أرسل / كلّف,بمعنى إرسال شخص لقضاء حاجة أو تبليغ رسالة.,general,"[""أرسل""]",[],,قاموس اللهجة الحضرمية - فهد بن هلابي - ص 141,"[{""f"": ""أرسلناه إلى السوق ليحضر العشاء."", ""h"": ""وصيناه يروح السوق يجيب عشاء.""}]",[],"[""actions"", ""daily life"", ""sending""]","الكلمة: وَصّ (وص)
الجذر: وصي
الفصحى: أرسل / كلّف
المعنى: بمعنى إرسال شخص لقضاء حاجة أو تبليغ رسالة.
المرادفات: أرسل
مثال: وصيناه يروح السوق يجيب عشاء.
الوسوم: actions، daily life، sending"
972,اَلْوَطَاء,الوطاء,alwTa',وطأ,Noun,place,المنخفض,المكان المعتدل أو المنخفض من الأرض.,general,"[""منخفض""]",[],بضم الواو,قاموس اللهجة الحضرمية - فهد بن هلابي - ص 141,"[{""f"": ""الماء يجري دائماً نحو المكان المنخفض."", ""h"": ""الماء يتبع الوطاء دائماً.""}]","[""السيل يتبع الوطَاء""]","[""nature"", ""geography""]","الكلمة: اَلْوَطَاء (الوطاء)
الجذر: وطأ
الفصحى: المنخفض
المعنى: المكان المعتدل أو المنخفض من الأرض.
المرادفات: منخفض
مثال: الماء يتبع الوطاء دائماً.
الوسوم: nature، geography
ملاحظة: بضم الواو"
973,وَخِّر,وخر,wkhr,أخر,Verb,action,تنحَّ / ابتعد,فعل أمر يطلب من الشخص الابتعاد أو إفساح الطريق.,general,"[""ابعد"", ""تنحى""]",[],بتشديد الخاء,قاموس اللهجة الحضرمية - فهد بن هلابي - ص 141,"[{""f"": ""ابتعد قليلاً من أمام السيارة."", ""h"": ""وخر شوي من قدام السيارة.""}]",[],"[""actions"", ""daily life"", ""distance""]","الكلمة: وَخِّر (وخر)
الجذر: أخر
الفصحى: تنحَّ / ابتعد
المعنى: فعل أمر يطلب من الشخص الابتعاد أو إفساح الطريق.
المرادفات: ابعد، تنحى
مثال: وخر شوي من قدام السيارة.
الوسوم: actions، daily life، distance
ملاحظة: بتشديد الخاء"
974,اَلْوَدَف,الودف,alwdf,ودف,Noun,object,السقف,سقف الغرفة أو البناء.,general,"[""سقف""]",[],,قاموس اللهجة الحضرمية - فهد بن هلابي - ص 141,"[{""f"": ""السقف يسرب الماء بسبب المطر."", ""h"": ""الودف يقطر ماء من المطر.""}]",[],"[""house"", ""construction"", ""roof""]","الكلمة: اَلْوَدَف (الودف)
الجذر: ودف
الفصحى: السقف
المعنى: سقف الغرفة أو البناء.
المرادفات: سقف
مثال: الودف يقطر ماء من المطر.
الوسوم: house، construction، roof"
975,وحل,وحل,wHl,وحل,Verb,emotion,تحيَّر / عجز,الوقوع في حيرة أو مشكلة يصعب حلها.,general,"[""تورط"", ""احتار""]",[],الوحلة هي الورطة أو المشكلة. بكسر الواو والحاء,قاموس اللهجة الحضرمية - فهد بن هلابي - ص 141,"[{""f"": ""تحيرنا في حل هذه المسألة."", ""h"": ""وحلنا في حل هذه المسألة.""}]",[],"[""emotions"", ""social issues"", ""problems""]","الكلمة: وحل
الجذر: وحل
الفصحى: تحيَّر / عجز
المعنى: الوقوع في حيرة أو مشكلة يصعب حلها.
المرادفات: تورط، احتار
مثال: وحلنا في حل هذه المسألة.
الوسوم: emotions، social issues، problems
ملاحظة: الوحلة هي الورطة أو المشكلة. بكسر الواو والحاء"
976,اَلْوَضِيْع,الوضيع,alwDy3,وضع,Noun,object,المخزن,مخزن صغير داخل البيت لحفظ الغلال والطعام.,general,"[""مخزن"", ""كوت""]",[],,قاموس اللهجة الحضرمية - فهد بن هلابي - ص 141,"[{""f"": ""ضعوا كيس التمر في المخزن."", ""h"": ""حطوا كيس التمر في الوضيع.""}]",[],"[""house"", ""food"", ""storage""]","الكلمة: اَلْوَضِيْع (الوضيع)
الجذر: وضع
الفصحى: المخزن
المعنى: مخزن صغير داخل البيت لحفظ الغلال والطعام.
المرادفات: مخزن، كوت
مثال: حطوا كيس التمر في الوضيع.
الوسوم: house، food، storage"
977,وَاه,واه,wah,أيش,Expression,expression,ماذا / ماذا يقرب لك,أداة استفهام تستخدم للسؤال عن الشيء أو القرابة.,general,"[""ويش"", ""ايش""]",[],يقال: واه يشك لك؟ أي ما هي صلة قرابتك به؟,قاموس اللهجة الحضرمية - فهد بن هلابي - ص 142,"[{""f"": ""ماذا أردت من السوق؟"", ""h"": ""واه بغيت من السوق؟""}]",[],"[""expressions"", ""grammar"", ""proximity""]","الكلمة: وَاه (واه)
الجذر: أيش
الفصحى: ماذا / ماذا يقرب لك
المعنى: أداة استفهام تستخدم للسؤال عن الشيء أو القرابة.
المرادفات: ويش، ايش
مثال: واه بغيت من السوق؟
الوسوم: expressions، grammar، proximity
ملاحظة: يقال: واه يشك لك؟ أي ما هي صلة قرابتك به؟"
978,اَلْوَضَر,الوضر,alwDr,وضر,Noun,object,الحجر الصغير,تُطلق على الأحجار الصغيرة أو الحصى.,general,"[""حصى""]",[],,قاموس اللهجة الحضرمية - فهد بن هلابي - ص 142,"[{""f"": ""الولد يلعب بالحصى في الشارع."", ""h"": ""الولد يلعب بالوضر في الشارع.""}]",[],"[""nature"", ""daily life"", ""stones""]","الكلمة: اَلْوَضَر (الوضر)
الجذر: وضر
الفصحى: الحجر الصغير
المعنى: تُطلق على الأحجار الصغيرة أو الحصى.
المرادفات: حصى
مثال: الولد يلعب بالوضر في الشارع.
الوسوم: nature، daily life، stones"
979,اَلْوَصَر,الوصر,alwSr,وصر,Noun,object,جانب البيت / غرفة زراعية,مساحة بجانب البيت أو المزرعة، وقد تطلق على غرفة خاصة.,general,[],[],جمعها أوصار.,قاموس اللهجة الحضرمية - فهد بن هلابي - ص 142,"[{""f"": ""جلسنا في جانب البيت وقت العصر."", ""h"": ""قعدنا في الوصر وقت العصر.""}]",[],"[""house"", ""agriculture""]","الكلمة: اَلْوَصَر (الوصر)
الجذر: وصر
الفصحى: جانب البيت / غرفة زراعية
المعنى: مساحة بجانب البيت أو المزرعة، وقد تطلق على غرفة خاصة.
مثال: قعدنا في الوصر وقت العصر.
الوسوم: house، agriculture
ملاحظة: جمعها أوصار."
980,وَرَاك,وراك,wrak,ورى,Expression,expression,ماذا بك,تعبير للسؤال عن حال الشخص أو سبب انزعاجه.,general,"[""ما بك"", ""ايش فيك""]",[],,قاموس اللهجة الحضرمية - فهد بن هلابي - ص 142,"[{""f"": ""ماذا بك اليوم حزيناً؟"", ""h"": ""وراك اليوم زعلان؟""}]",[],"[""expressions"", ""daily life"", ""proximity""]","الكلمة: وَرَاك (وراك)
الجذر: ورى
الفصحى: ماذا بك
المعنى: تعبير للسؤال عن حال الشخص أو سبب انزعاجه.
المرادفات: ما بك، ايش فيك
مثال: وراك اليوم زعلان؟
الوسوم: expressions، daily life، proximity"
981,اَلْوِقَاء,الوقاء,alwqa',وقي,Noun,object,فراش النوم,المرتبة أو الفراش المحشو بالقطن (العطب).,general,"[""فراش""]",[],,قاموس اللهجة الحضرمية - فهد بن هلابي - ص 142,"[{""f"": ""افتح لي الفراش أريد أن أنام."", ""h"": ""فرش لي الوقاء بغيت أرقد.""}]",[],"[""house"", ""daily life"", ""sleep""]","الكلمة: اَلْوِقَاء (الوقاء)
الجذر: وقي
الفصحى: فراش النوم
المعنى: المرتبة أو الفراش المحشو بالقطن (العطب).
المرادفات: فراش
مثال: فرش لي الوقاء بغيت أرقد.
الوسوم: house، daily life، sleep"
982,وَغْم,وغم,wghm,وغم,Noun,object,ثمار صغيرة,تطلق على ثمار (الفقوز) الصغيرة قبل نضجها.,general,[],[],,قاموس اللهجة الحضرمية - فهد بن هلابي - ص 142,"[{""f"": ""الثمار ما تزال صغيرة جداً."", ""h"": ""الفقوز عاده وغم صغير.""}]",[],"[""agriculture"", ""nature"", ""fruits""]","الكلمة: وَغْم (وغم)
الجذر: وغم
الفصحى: ثمار صغيرة
المعنى: تطلق على ثمار (الفقوز) الصغيرة قبل نضجها.
مثال: الفقوز عاده وغم صغير.
الوسوم: agriculture، nature، fruits"
983,اَلْوَضْعَة,الوضعة,alwD3h,وضع,Noun,object,نبات شوكي,نبات بري شوكي مليء بالماء، تستخدم عصارته في الطب الشعبي لعلاج المغص.,general,[],[],من النباتات الطبية المشهورة في البادية.,قاموس اللهجة الحضرمية - فهد بن هلابي - ص 142,"[{""f"": ""شرب من عصارة نبات الوضعة لآلام بطنه."", ""h"": ""شرب من عصارة الوضعة لبطنه.""}]",[],"[""nature"", ""medical"", ""medicine""]","الكلمة: اَلْوَضْعَة (الوضعة)
الجذر: وضع
الفصحى: نبات شوكي
المعنى: نبات بري شوكي مليء بالماء، تستخدم عصارته في الطب الشعبي لعلاج المغص.
مثال: شرب من عصارة الوضعة لبطنه.
الوسوم: nature، medical، medicine
ملاحظة: من النباتات الطبية المشهورة في البادية."
984,وَلْعَاد,ولعاد,wl3ad,عاد,Expression,expression,لا فائدة / لم يعد,تعبير يفيد انتهاء الحاجة لشيء ما أو اليأس من أمر.,general,"[""ما عاد""]",[],كقول الشاعر: (ولعاد حاجة لكثر المشقَّة والنكد).,قاموس اللهجة الحضرمية - فهد بن هلابي - ص 142,"[{""f"": ""ولم نعد نريد منه شيئاً."", ""h"": ""ولعاد بغينا منه شيء.""}]",[],"[""expressions"", ""daily life"", ""despair""]","الكلمة: وَلْعَاد (ولعاد)
الجذر: عاد
الفصحى: لا فائدة / لم يعد
المعنى: تعبير يفيد انتهاء الحاجة لشيء ما أو اليأس من أمر.
المرادفات: ما عاد
مثال: ولعاد بغينا منه شيء.
الوسوم: expressions، daily life، despair
ملاحظة: كقول الشاعر: (ولعاد حاجة لكثر المشقَّة والنكد)."
985,وِزْرَة,وزرة,wzrh,وزر,Noun,object,الصارون / الإزار,لباس يغطي النصف الأسفل من جسم الرجل.,general,"[""إزار"", ""صارون""]",[],,قاموس اللهجة الحضرمية - فهد بن هلابي - ص 143,"[{""f"": ""لبس إزاراً جديداً للعيد."", ""h"": ""لبس وزرة جديدة للعيد.""}]",[],"[""clothing"", ""men"", ""dress""]","الكلمة: وِزْرَة (وزرة)
الجذر: وزر
الفصحى: الصارون / الإزار
المعنى: لباس يغطي النصف الأسفل من جسم الرجل.
المرادفات: إزار، صارون
مثال: لبس وزرة جديدة للعيد.
الوسوم: clothing، men، dress"
986,وِعْيَة,وعيه,w3yh,وعي,Noun,object,أواني المطبخ,تُجمع على أوعية، وتطلق على القدور والصحون.,general,"[""أواني""]",[],,قاموس اللهجة الحضرمية - فهد بن هلابي - ص 143,"[{""f"": ""غسلوا الأواني بعد العشاء."", ""h"": ""غسلوا الوعية بعد العشاء.""}]",[],"[""house"", ""kitchen"", ""cooking""]","الكلمة: وِعْيَة (وعيه)
الجذر: وعي
الفصحى: أواني المطبخ
المعنى: تُجمع على أوعية، وتطلق على القدور والصحون.
المرادفات: أواني
مثال: غسلوا الوعية بعد العشاء.
الوسوم: house، kitchen، cooking"
987,وَكَّد,وكد,wkd,أكد,Verb,action,أكد / حجز,تأكيد الدعوة لوليمة، أو حجز وسيلة مواصلات.,general,"[""أكد"", ""ثبت""]",[],يقال: وكد سيارة، أي حجزها لنفسه مسبقاً.,قاموس اللهجة الحضرمية - فهد بن هلابي - ص 143,"[{""f"": ""حجزت السيارة للسفر غداً."", ""h"": ""وكدت السيارة للسفر بكرة.""}, {""f"": ""أكد على الناس دعوة الزواج."", ""h"": ""وكد على الناس للزواج.""}]",[],"[""daily life"", ""social customs"", ""invitation""]","الكلمة: وَكَّد (وكد)
الجذر: أكد
الفصحى: أكد / حجز
المعنى: تأكيد الدعوة لوليمة، أو حجز وسيلة مواصلات.
المرادفات: أكد، ثبت
مثال: وكدت السيارة للسفر بكرة.
الوسوم: daily life، social customs، invitation
ملاحظة: يقال: وكد سيارة، أي حجزها لنفسه مسبقاً."
988,وِيَّاه,وياه,wyah,إيا,Expression,expression,معه,تفيد الرفقة أو المعية.,general,"[""معه""]",[],,قاموس اللهجة الحضرمية - فهد بن هلابي - ص 143,"[{""f"": ""أنا ذهبت معه إلى الاجتماع."", ""h"": ""أنا رحت وياه المحضرة.""}]",[],"[""grammar"", ""daily life"", ""proximity""]","الكلمة: وِيَّاه (وياه)
الجذر: إيا
الفصحى: معه
المعنى: تفيد الرفقة أو المعية.
المرادفات: معه
مثال: أنا رحت وياه المحضرة.
الوسوم: grammar، daily life، proximity"
989,وَار,وار,war,وار,Noun,object,وحدة قياس (ياردا),وحدة قياس للأطوال تساوي تقريباً 90 سم.,general,[],[],تستخدم بكثرة في قياس الأقمشة.,قاموس اللهجة الحضرمية - فهد بن هلابي - ص 143,"[{""f"": ""اشتريت خمسة ياردات من القماش."", ""h"": ""اشتريت خمسة ورات من القماش.""}]",[],"[""daily life"", ""trade"", ""clothing""]","الكلمة: وَار (وار)
الجذر: وار
الفصحى: وحدة قياس (ياردا)
المعنى: وحدة قياس للأطوال تساوي تقريباً 90 سم.
مثال: اشتريت خمسة ورات من القماش.
الوسوم: daily life، trade، clothing
ملاحظة: تستخدم بكثرة في قياس الأقمشة."
990,وِيْشْكُمْ,ويشكم,wyshkm,ويش,Expression,expression,كيف حالكم,صيغة سؤال للترحيب بجماعة والاطمئنان على أحوالهم.,general,"[""كيف حالكم""]",[],مفردها: ويشك؟,قاموس اللهجة الحضرمية - فهد بن هلابي - ص 143,"[{""f"": ""أهلاً بك، كيف حالكم اليوم؟"", ""h"": ""يا هلا، ويشكم اليوم؟""}]",[],"[""expressions"", ""social customs"", ""greeting""]","الكلمة: وِيْشْكُمْ (ويشكم)
الجذر: ويش
الفصحى: كيف حالكم
المعنى: صيغة سؤال للترحيب بجماعة والاطمئنان على أحوالهم.
المرادفات: كيف حالكم
مثال: يا هلا، ويشكم اليوم؟
الوسوم: expressions، social customs، greeting
ملاحظة: مفردها: ويشك؟"
991,وَنِعْم,ونعم,wn3m,نعم,Expression,expression,نِعمَ الرجل / ثناء,كلمة تقال للإطراء والمدح وذكر محاسن الشخص.,general,"[""كفو""]",[],,قاموس اللهجة الحضرمية - فهد بن هلابي - ص 143,"[{""f"": ""فلان نِعمَ الرجل، هو صاحب كرم."", ""h"": ""فلان ونعم فيه، راعي كرم.""}]",[],"[""expressions"", ""values"", ""praise""]","الكلمة: وَنِعْم (ونعم)
الجذر: نعم
الفصحى: نِعمَ الرجل / ثناء
المعنى: كلمة تقال للإطراء والمدح وذكر محاسن الشخص.
المرادفات: كفو
مثال: فلان ونعم فيه، راعي كرم.
الوسوم: expressions، values، praise"
992,اَلْوَثَن,الوثن,alwthn,وثن,Noun,object,فاصل الحدود الزراعية,أحجار أو علامات توضع للفصل بين الأراضي الزراعية.,general,"[""حد""]",[],,قاموس اللهجة الحضرمية - فهد بن هلابي - ص 143,"[{""f"": ""لا تحرك علامة الحدود من مكانها."", ""h"": ""لا تحرك الوثن من مكانه.""}]","[""خلوه كما الوثن""]","[""agriculture"", ""law"", ""boundaries""]","الكلمة: اَلْوَثَن (الوثن)
الجذر: وثن
الفصحى: فاصل الحدود الزراعية
المعنى: أحجار أو علامات توضع للفصل بين الأراضي الزراعية.
المرادفات: حد
مثال: لا تحرك الوثن من مكانه.
الوسوم: agriculture، law، boundaries"
993,وَقَع,وقع,wq3,وقع,Verb,action,صار / حدث,تستخدم بمعنى الحدوث أو التحول إلى حال معينة.,general,"[""صار"", ""استوى""]",[],,قاموس اللهجة الحضرمية - فهد بن هلابي - ص 143,"[{""f"": ""حدث لنا حادث في الطريق."", ""h"": ""وقع لنا حادث في الطريق.""}]",[],"[""actions"", ""daily life"", ""accident""]","الكلمة: وَقَع (وقع)
الجذر: وقع
الفصحى: صار / حدث
المعنى: تستخدم بمعنى الحدوث أو التحول إلى حال معينة.
المرادفات: صار، استوى
مثال: وقع لنا حادث في الطريق.
الوسوم: actions، daily life، accident"
994,وِلْفَة,ولفه,wlfh,ولف,Noun,object,اعتياد / تألف,تُطلق على الشخص أو الحيوان الذي اعتاد على مكان أو شخص معين.,general,"[""عادة"", ""ألفة""]",[],يقال: ولف على الأمر، أي نشأ وتربى عليه.,قاموس اللهجة الحضرمية - فهد بن هلابي - ص 143,"[{""f"": ""الحمام اعتاد على السطح."", ""h"": ""الحمام ولف على السطح.""}]",[],"[""daily life"", ""behavior"", ""habit""]","الكلمة: وِلْفَة (ولفه)
الجذر: ولف
الفصحى: اعتياد / تألف
المعنى: تُطلق على الشخص أو الحيوان الذي اعتاد على مكان أو شخص معين.
المرادفات: عادة، ألفة
مثال: الحمام ولف على السطح.
الوسوم: daily life، behavior، habit
ملاحظة: يقال: ولف على الأمر، أي نشأ وتربى عليه."
995,اَلْهُوْش,الهوش,alhwsh,هاش,Noun,object,الهجوم / السلب,تطلق على عمليات الاقتحام أو السطو المفاجئ.,general,"[""هجوم""]",[],,قاموس اللهجة الحضرمية - فهد بن هلابي - ص 145,"[{""f"": ""حدث هجوم في الحي ليلة أمس."", ""h"": ""وقع هوش في الحارة ليلة أمس.""}]",[],"[""social issues"", ""history"", ""attack""]","الكلمة: اَلْهُوْش (الهوش)
الجذر: هاش
الفصحى: الهجوم / السلب
المعنى: تطلق على عمليات الاقتحام أو السطو المفاجئ.
المرادفات: هجوم
مثال: وقع هوش في الحارة ليلة أمس.
الوسوم: social issues، history، attack"
996,اَلْهَيْج,الهيج,alhyj,هيج,Noun,object,البعير الفحل,يطلق على الجمل القوي المخصص للتلقيح أو القيادة في القافلة.,general,"[""جمل"", ""بعير""]",[],,قاموس اللهجة الحضرمية - فهد بن هلابي - ص 145,"[{""f"": ""هذا البعير الفحل لا يستطيع أحد ثني زمامه."", ""h"": ""ذا الهيج ما حد يقدر يثني خطامه.""}]",[],"[""nature"", ""animals""]","الكلمة: اَلْهَيْج (الهيج)
الجذر: هيج
الفصحى: البعير الفحل
المعنى: يطلق على الجمل القوي المخصص للتلقيح أو القيادة في القافلة.
المرادفات: جمل، بعير
مثال: ذا الهيج ما حد يقدر يثني خطامه.
الوسوم: nature، animals"
997,اَلْهَرْش,الهرش,alhrsh,هرش,Noun,object,الثعبان,تسمية محلية تطلق على الأفعى أو الثعبان.,general,"[""حنش"", ""ثعبان""]",[],يكثر استخدامه في الأمثال الشعبية للتحذير.,قاموس اللهجة الحضرمية - فهد بن هلابي - ص 145,"[{""f"": ""الثعبان لا يمسك من ذيله (بمعنى لا بد من الحذر)."", ""h"": ""الهرش ما ينقبض بذيله.""}, {""f"": ""احذر من الثعبان الموجود بين الأشجار."", ""h"": ""انتبه من الهرش بين الشجر.""}]","[""الهرش ما ينقبض بذيلة""]","[""nature"", ""animals"", ""snakes""]","الكلمة: اَلْهَرْش (الهرش)
الجذر: هرش
الفصحى: الثعبان
المعنى: تسمية محلية تطلق على الأفعى أو الثعبان.
المرادفات: حنش، ثعبان
مثال: الهرش ما ينقبض بذيله.
الوسوم: nature، animals، snakes
ملاحظة: يكثر استخدامه في الأمثال الشعبية للتحذير."
998,اَلْهَوْكَة,الهوكة,alhwkh,هوك,Noun,object,الصيحة / الزغاريد الرجالية,صيحة جماعية حماسية يؤديها الرجال في الزوامل أو رقصة العدة تعبيراً عن القوة والفخر.,general,"[""صيحة"", ""زامل""]",[],تجمع على 'هوك'.,قاموس اللهجة الحضرمية - فهد بن هلابي - ص 144,"[{""f"": ""سمعت صيحات الفخر من نهاية الوادي."", ""h"": ""سمعت الهوكة من آخر الوادي.""}]",[],"[""social customs"", ""arts""]","الكلمة: اَلْهَوْكَة (الهوكة)
الجذر: هوك
الفصحى: الصيحة / الزغاريد الرجالية
المعنى: صيحة جماعية حماسية يؤديها الرجال في الزوامل أو رقصة العدة تعبيراً عن القوة والفخر.
المرادفات: صيحة، زامل
مثال: سمعت الهوكة من آخر الوادي.
الوسوم: social customs، arts
ملاحظة: تجمع على 'هوك'."
999,اَلْهِنْدِرَاب,الهندراب,alhndrab,هندرب,Noun,object,المفتاح اليدوي / الكرنك,أداة حديدية يدوية كانت تستخدم قديماً لتشغيل المحركات أو الآلات.,general,"[""هندل""]",[],كلمة من أصل أجنبي معربة محلياً.,قاموس اللهجة الحضرمية - فهد بن هلابي - ص 145,"[{""f"": ""أدر المحرك بالمفتاح اليدوي حتى يعمل."", ""h"": ""دور المكينة بالهندراب لين تشتغل.""}]",[],"[""daily life"", ""tools""]","الكلمة: اَلْهِنْدِرَاب (الهندراب)
الجذر: هندرب
الفصحى: المفتاح اليدوي / الكرنك
المعنى: أداة حديدية يدوية كانت تستخدم قديماً لتشغيل المحركات أو الآلات.
المرادفات: هندل
مثال: دور المكينة بالهندراب لين تشتغل.
الوسوم: daily life، tools
ملاحظة: كلمة من أصل أجنبي معربة محلياً."
1000,اَلْهَبِيش,الهبيش,alhbysh,هبش,Noun,object,رقصة شعبية,لون من ألوان الرقص الشعبي البدوي يصاحبه عزف المزمار والطبول.,badiyah,[],[],مرتبط غالباً بأهل البادية.,قاموس اللهجة الحضرمية - فهد بن هلابي - ص 145,"[{""f"": ""الليلة في زواج فلان ستكون هناك رقصة الهبيش."", ""h"": ""الليلة في زواج فلان بيقع هبيش.""}]",[],"[""social customs"", ""arts"", ""dance""]","الكلمة: اَلْهَبِيش (الهبيش)
الجذر: هبش
الفصحى: رقصة شعبية
المعنى: لون من ألوان الرقص الشعبي البدوي يصاحبه عزف المزمار والطبول.
مثال: الليلة في زواج فلان بيقع هبيش.
الوسوم: social customs، arts، dance
ملاحظة: مرتبط غالباً بأهل البادية."
